access,w_eff,n_vis,alpha,tau_J,r_J,r_oracle,eps_i_rule,eps_i_oracle,J_oracle,G_rule,G_ratio,G_ship,T_rule,rho_rule,T_ship,rho_ship,row_span
basic,105,5,0.25,0.030332,3.9099,0.4064,0.9047,1.0,-0.58663,0.9601,0.9556,0.6026,0.62598,0.45057,0.68611,0.18399,0.04546
basic,105,5,0.5,0.034566,3.68,1.1091,0.9047,1.0,-0.70176,0.919,0.919,0.3303,0.62598,0.45057,0.68611,0.18399,0.09035
basic,105,5,1.0,0.037641,3.5246,1.1091,0.9047,1.0,-0.93064,0.8408,0.8408,0.0991,0.62598,0.45057,0.68611,0.18399,0.1815
basic,105,10,0.25,0.021739,3.0272,0.0902,0.9047,1.0,-0.6574,0.949,0.949,0.7824,0.57538,0.4527,0.64206,0.2577,0.05257
basic,105,10,0.5,0.026666,2.6287,0.0902,0.9047,1.0,-0.76252,0.901,0.901,0.5489,0.57538,0.4527,0.64206,0.2577,0.10781
basic,105,10,1.0,0.031274,2.3183,0.6714,0.9047,1.0,-0.95338,0.865,0.865,0.2649,0.56611,0.48305,0.64206,0.2577,0.23766
basic,105,20,0.25,0.013524,2.4976,0.0287,0.9047,0.6971,-0.65169,0.9076,0.9651,0.8996,0.53954,0.48401,0.63325,0.33399,0.07332
basic,105,20,0.5,0.017459,2.0098,0.0287,0.9047,0.6971,-0.76256,0.8889,0.9075,0.7441,0.53954,0.48401,0.63325,0.33399,0.12138
basic,105,20,1.0,0.021806,1.6099,0.0287,0.9047,0.6971,-0.9843,0.8527,0.8427,0.509,0.53954,0.48401,0.63325,0.33399,0.21751
basic,105,50,0.25,0.006267,2.1572,0.5477,0.9047,0.1646,-0.71369,0.8695,0.9664,0.9955,0.48267,0.49294,0.56681,0.46035,0.15126
basic,105,50,0.5,0.008359,1.6339,0.0847,0.9047,0.2361,-0.85973,0.8879,0.9581,0.9911,0.48267,0.49294,0.56681,0.46035,0.24332
basic,105,50,1.0,0.010893,1.2059,0.6714,0.9047,1.0,-1.03342,0.9295,0.9295,0.8727,0.4744,0.54843,0.56681,0.46035,0.27368
basic,210,5,0.25,0.030332,3.9099,0.2137,0.6397,0.6971,-0.50322,0.9034,0.9034,0.6268,0.63853,0.45357,0.66179,0.22461,0.10982
basic,210,5,0.5,0.034566,3.68,0.2137,0.6397,0.6971,-0.52449,0.8372,0.7893,0.3666,0.63083,0.49912,0.66179,0.22461,0.2639
basic,210,5,1.0,0.037641,3.5246,0.2137,0.6397,0.6971,-0.56703,0.6862,0.6025,0.1254,0.63083,0.49912,0.66179,0.22461,0.57204
basic,210,10,0.25,0.021739,3.0272,0.0412,0.6397,0.486,-0.5737,0.8908,0.8127,0.7228,0.59008,0.44726,0.66499,0.2465,0.29145
basic,210,10,0.5,0.026666,2.6287,1.1091,0.6397,1.0,-0.6153,0.7899,0.8978,0.4615,0.59008,0.44726,0.66499,0.2465,0.12727
basic,210,10,1.0,0.031274,2.3183,0.6714,0.6397,1.0,-0.64844,0.5907,0.8684,0.179,0.59008,0.44726,0.66499,0.2465,0.28979
basic,210,20,0.25,0.013524,2.4976,0.1611,0.6397,0.3388,-0.59668,0.9294,0.8835,0.8415,0.58821,0.47413,0.62842,0.33156,0.32082
basic,210,20,0.5,0.017459,2.0098,0.9631,0.6397,0.6971,-0.67453,0.9842,0.9842,0.6707,0.58967,0.56569,0.62842,0.33156,0.3051
basic,210,20,1.0,0.021806,1.6099,0.246,0.6397,1.0,-0.73268,0.8868,0.8774,0.3865,0.58967,0.56569,0.62842,0.33156,0.41771
basic,210,50,0.25,0.006267,2.1572,0.7263,0.6397,0.3388,-0.61688,0.9013,0.9705,0.9914,0.5206,0.59351,0.60628,0.49298,0.18741
basic,210,50,0.5,0.008359,1.6339,0.7263,0.6397,0.3388,-0.69388,0.9094,0.9398,0.9449,0.5206,0.59351,0.60628,0.49298,0.41131
basic,210,50,1.0,0.010893,1.2059,0.0783,0.6397,0.6971,-0.79116,0.9625,0.9625,0.811,0.52099,0.65628,0.60628,0.49298,0.61563
basic,420,5,0.25,0.030332,3.9099,0.8364,0.4523,0.486,-0.5075,0.7832,0.7832,0.5287,0.61942,0.35179,0.63313,0.19038,0.57833
basic,420,5,0.5,0.034566,3.68,0.1855,0.4523,0.486,-0.51409,0.6001,0.6001,0.2675,0.61942,0.35179,0.63313,0.19038,1.17356
basic,420,5,1.0,0.037641,3.5246,0.1855,0.4523,0.486,-0.51635,0.3485,0.3485,0.0677,0.61942,0.35179,0.63313,0.19038,2.37495
basic,420,10,0.25,0.021739,3.0272,0.3065,0.4523,0.486,-0.5572,0.8996,0.7841,0.6088,0.60479,0.44913,0.62931,0.21509,0.46058
basic,420,10,0.5,0.026666,2.6287,0.3065,0.4523,0.486,-0.57372,0.7792,0.7792,0.343,0.60479,0.44913,0.62931,0.21509,0.97865
basic,420,10,1.0,0.031274,2.3183,0.1123,0.4523,0.486,-0.60446,0.5833,0.5833,0.1086,0.60479,0.44913,0.62931,0.21509,2.01709
basic,420,20,0.25,0.013524,2.4976,0.4397,0.4523,0.3388,-0.60077,0.9127,0.9116,0.8123,0.58703,0.44995,0.63404,0.30477,0.61648
basic,420,20,0.5,0.017459,2.0098,0.068,0.4523,0.486,-0.64405,0.8126,0.8126,0.596,0.58703,0.44995,0.63404,0.30477,0.90502
basic,420,20,1.0,0.021806,1.6099,0.0412,0.4523,0.486,-0.69151,0.807,0.807,0.3085,0.57008,0.55628,0.63404,0.30477,1.91247
basic,420,50,0.25,0.006267,2.1572,0.6307,0.4523,0.2361,-0.61017,0.9309,0.9566,0.9493,0.56413,0.51616,0.60597,0.44787,0.63474
basic,420,50,0.5,0.008359,1.6339,0.2661,0.4523,0.3388,-0.67758,0.9645,0.8946,0.8642,0.54598,0.62754,0.60597,0.44787,0.99048
basic,420,50,1.0,0.010893,1.2059,0.1123,0.4523,0.486,-0.72487,0.9072,0.9072,0.6562,0.54598,0.62754,0.60597,0.44787,1.63217
basic,840,5,0.25,0.030332,3.9099,0.0847,0.3198,0.2361,-0.49473,0.7007,0.1729,0.7473,0.63923,0.28098,0.63833,0.31308,3.07342
basic,840,5,0.5,0.034566,3.68,0.0847,0.3198,0.2361,-0.50908,0.4751,0.0285,0.5411,0.63923,0.28098,0.63833,0.31308,6.20627
basic,840,5,1.0,0.037641,3.5246,0.7263,0.3198,0.3388,-0.53007,0.2168,0.2168,0.2816,0.63923,0.28098,0.63833,0.31308,8.28188
basic,840,10,0.25,0.021739,3.0272,1.1998,0.3198,0.3388,-0.55824,0.713,0.713,0.7975,0.63601,0.26379,0.62218,0.32841,1.59037
basic,840,10,0.5,0.026666,2.6287,1.1998,0.3198,0.3388,-0.59,0.8156,0.4722,0.6038,0.59976,0.47155,0.62218,0.32841,3.27081
basic,840,10,1.0,0.031274,2.3183,0.1611,0.3198,0.3388,-0.60476,0.624,0.624,0.3297,0.59976,0.47155,0.62218,0.32841,6.68046
basic,840,20,0.25,0.013524,2.4976,0.3818,0.3198,0.2361,-0.61858,0.9522,0.7344,0.8796,0.58995,0.47341,0.6129,0.3626,1.99563
basic,840,20,0.5,0.017459,2.0098,0.2661,0.3198,0.3388,-0.66745,0.8695,0.8695,0.7141,0.58995,0.47341,0.6129,0.3626,2.76799
basic,840,20,1.0,0.021806,1.6099,0.2661,0.3198,0.3388,-0.69945,0.891,0.6788,0.4408,0.56491,0.61036,0.6129,0.3626,5.72912
basic,840,50,0.25,0.006267,2.1572,1.0419,0.3198,0.2361,-0.63917,0.9401,0.9566,0.9721,0.56406,0.48852,0.59317,0.46665,1.28084
basic,840,50,0.5,0.008359,1.6339,0.2311,0.3198,0.2361,-0.69932,0.8782,0.8763,0.8928,0.56406,0.48852,0.59317,0.46665,2.68535
basic,840,50,1.0,0.010893,1.2059,0.7263,0.3198,0.3388,-0.78138,0.9386,0.9386,0.7248,0.54675,0.61206,0.59317,0.46665,4.0796
basic,1680,5,0.25,0.030332,3.9099,0.9048,0.2262,0.1646,-0.45971,0.4331,0.3499,1.0,0.66867,0.15092,0.63385,0.88446,4.94859
basic,1680,5,0.5,0.034566,3.68,0.9048,0.2262,0.1646,-0.46348,0.8954,0.1155,1.0,0.64478,0.59467,0.63385,0.88446,9.96112
basic,1680,5,1.0,0.037641,3.5246,0.9048,0.2262,0.1646,-0.47102,0.7882,0.0126,1.0,0.64478,0.59467,0.63385,0.88446,19.98618
basic,1680,10,0.25,0.021739,3.0272,0.5477,0.2262,0.1646,-0.51311,0.922,0.8546,0.9966,0.63501,0.47286,0.61439,0.70961,3.66702
basic,1680,10,0.5,0.026666,2.6287,0.5477,0.2262,0.1646,-0.52885,0.8141,0.6843,0.983,0.63501,0.47286,0.61439,0.70961,7.43767
basic,1680,10,1.0,0.031274,2.3183,1.0419,0.2262,0.2361,-0.55192,0.6293,0.6293,0.9485,0.63501,0.47286,0.61439,0.70961,10.75546
basic,1680,20,0.25,0.013524,2.4976,1.4946,0.2262,0.1646,-0.57379,0.9376,0.8915,0.9984,0.6237,0.44252,0.59498,0.62252,2.95305
basic,1680,20,0.5,0.017459,2.0098,1.0419,0.2262,0.2361,-0.61576,0.9916,0.9916,0.9843,0.58856,0.64794,0.59498,0.62252,4.41393
basic,1680,20,1.0,0.021806,1.6099,0.6307,0.2262,0.2361,-0.65002,0.9339,0.9339,0.9104,0.58856,0.64794,0.59498,0.62252,9.01545
basic,1680,50,0.25,0.006267,2.1572,0.1743,0.2262,0.1148,-0.60781,0.9951,0.8974,0.9925,0.57686,0.60646,0.57439,0.61047,2.2842
basic,1680,50,0.5,0.008359,1.6339,1.7211,0.2262,0.2361,-0.67521,1.0,1.0,0.999,0.57686,0.60646,0.57439,0.61047,2.94048
basic,1680,50,1.0,0.010893,1.2059,1.1998,0.2262,0.3388,-0.74921,0.9905,1.0,0.9524,0.54619,0.67543,0.57439,0.61047,4.01235
rts,105,5,0.25,0.040217,3.4014,0.1489,0.9047,1.0,-0.4392,0.8474,0.8474,0.4888,0.67398,0.39976,0.68859,0.1706,0.16553
rts,105,5,0.5,0.041071,3.3618,0.1489,0.9047,1.0,-0.48137,0.7164,0.7164,0.2333,0.67398,0.39976,0.68859,0.1706,0.33353
rts,105,5,1.0,0.041538,3.3405,0.0546,0.9047,1.0,-0.55776,0.5079,0.5079,0.0527,0.67398,0.39976,0.68859,0.1706,0.67749
rts,105,10,0.25,0.034379,2.1366,0.0902,0.9047,1.0,-0.46981,0.8965,0.8965,0.6759,0.66573,0.43609,0.68175,0.25071,0.16602
rts,105,10,0.5,0.03723,1.9863,0.0902,0.9047,1.0,-0.52581,0.7982,0.7982,0.443,0.66573,0.43609,0.68175,0.25071,0.35807
rts,105,10,1.0,0.039241,1.8886,0.0546,0.9047,1.0,-0.63467,0.6307,0.6307,0.1897,0.66573,0.43609,0.68175,0.25071,0.74531
rts,105,20,0.25,0.023967,1.4504,0.0902,0.9047,1.0,-0.48185,0.9324,0.8964,0.7903,0.65657,0.48473,0.68663,0.31087,0.1947
rts,105,20,0.5,0.027914,1.2094,0.0902,0.9047,1.0,-0.52655,0.8552,0.8552,0.5874,0.65657,0.48473,0.68663,0.31087,0.42138
rts,105,20,1.0,0.031706,1.0251,0.033,0.9047,1.0,-0.61221,0.7168,0.7168,0.3234,0.65657,0.48473,0.68663,0.31087,0.87848
rts,105,50,0.25,0.01177,1.0931,0.068,0.9047,0.486,-0.47293,0.9575,0.9083,0.9702,0.64292,0.57905,0.67095,0.52451,0.26054
rts,105,50,0.5,0.014389,0.829,0.068,0.9047,0.486,-0.52126,0.9743,0.945,0.9176,0.6359,0.64733,0.67095,0.52451,0.52495
rts,105,50,1.0,0.017354,0.6218,0.033,0.9047,1.0,-0.60514,0.964,0.964,0.8103,0.6359,0.64733,0.67095,0.52451,0.90011
rts,210,5,0.25,0.040217,3.4014,0.3529,0.6397,0.6971,-0.36661,0.9021,0.8279,0.5282,0.7033,0.50348,0.71202,0.19569,0.21219
rts,210,5,0.5,0.041071,3.3618,1.8322,0.6397,1.0,-0.36743,0.8025,0.9642,0.2718,0.7033,0.50348,0.71202,0.19569,0.08537
rts,210,5,1.0,0.041538,3.3405,1.8322,0.6397,1.0,-0.36743,0.6342,0.926,0.0719,0.7033,0.50348,0.71202,0.19569,0.1721
rts,210,10,0.25,0.034379,2.1366,0.3529,0.6397,0.6971,-0.36939,0.968,0.8881,0.6563,0.70619,0.62814,0.70979,0.26232,0.19977
rts,210,10,0.5,0.03723,1.9863,0.3529,0.6397,0.6971,-0.37853,0.9255,0.9255,0.4233,0.70619,0.62814,0.70979,0.26232,0.41642
rts,210,10,1.0,0.039241,1.8886,0.6714,0.6397,1.0,-0.39196,0.8419,0.9603,0.1752,0.70619,0.62814,0.70979,0.26232,0.18861
rts,210,20,0.25,0.023967,1.4504,0.0287,0.6397,0.6971,-0.39571,0.9487,0.9487,0.8028,0.70142,0.54211,0.70924,0.35249,0.21799
rts,210,20,0.5,0.027914,1.2094,0.0287,0.6397,0.6971,-0.40625,0.9566,0.9566,0.6182,0.69712,0.65458,0.70924,0.35249,0.4743
rts,210,20,1.0,0.031706,1.0251,0.0287,0.6397,0.6971,-0.42733,0.8931,0.8931,0.3666,0.69712,0.65458,0.70924,0.35249,0.9869
rts,210,50,0.25,0.01177,1.0931,0.068,0.6397,0.486,-0.39536,0.9823,0.961,0.9384,0.68579,0.68423,0.7105,0.50425,0.34032
rts,210,50,0.5,0.014389,0.829,0.068,0.6397,0.486,-0.41941,0.9707,0.9772,0.8549,0.68579,0.68423,0.7105,0.50425,0.70426
rts,210,50,1.0,0.017354,0.6218,0.2137,0.6397,0.6971,-0.46179,0.9834,0.9834,0.7055,0.67993,0.7374,0.7105,0.50425,1.02538
rts,420,5,0.25,0.040217,3.4014,1.3816,0.4523,0.486,-0.33827,0.7359,0.7359,0.5202,0.71748,0.32664,0.71639,0.19737,0.55252
rts,420,5,0.5,0.041071,3.3618,0.8364,0.4523,0.486,-0.34631,0.5424,0.5424,0.2715,0.71748,0.32664,0.71639,0.19737,1.10362
rts,420,5,1.0,0.041538,3.3405,0.8364,0.4523,0.486,-0.34632,0.2901,0.2901,0.0728,0.71748,0.32664,0.71639,0.19737,2.22193
rts,420,10,0.25,0.034379,2.1366,0.5063,0.4523,0.486,-0.3414,0.915,0.915,0.6934,0.71842,0.53204,0.72237,0.29035,0.5621
rts,420,10,0.5,0.03723,1.9863,0.5063,0.4523,0.486,-0.34349,0.83,0.83,0.4741,0.71842,0.53204,0.72237,0.29035,1.13478
rts,420,10,1.0,0.039241,1.8886,0.5063,0.4523,0.486,-0.34767,0.8928,0.683,0.2216,0.71702,0.69881,0.72237,0.29035,2.28013
rts,420,20,0.25,0.023967,1.4504,0.5063,0.4523,0.486,-0.34967,0.9765,0.9765,0.7466,0.71885,0.65935,0.71971,0.3266,0.59045
rts,420,20,0.5,0.027914,1.2094,0.5063,0.4523,0.486,-0.35974,0.9445,0.9445,0.5514,0.71885,0.65935,0.71971,0.3266,1.18685
rts,420,20,1.0,0.031706,1.0251,0.583,0.4523,0.6971,-0.36761,0.9488,0.9927,0.2972,0.71062,0.75558,0.71971,0.3266,1.03793
rts,420,50,0.25,0.01177,1.0931,0.2661,0.4523,0.3388,-0.35921,0.9996,0.9667,0.9101,0.71304,0.74654,0.72481,0.48404,0.68102
rts,420,50,0.5,0.014389,0.829,0.5063,0.4523,0.486,-0.37802,0.9971,0.9971,0.813,0.71304,0.74654,0.72481,0.48404,1.07572
rts,420,50,1.0,0.017354,0.6218,0.583,0.4523,0.6971,-0.39844,0.9965,1.0,0.6377,0.70183,0.8034,0.72481,0.48404,1.13111
rts,840,5,0.25,0.040217,3.4014,0.3818,0.3198,0.2361,-0.31227,0.7819,0.6055,0.8263,0.73011,0.37256,0.73123,0.41819,3.0687
rts,840,5,0.5,0.041071,3.3618,0.2311,0.3198,0.2361,-0.31237,0.6129,0.3682,0.6834,0.73011,0.37256,0.73123,0.41819,6.13153
rts,840,5,1.0,0.041538,3.3405,0.2311,0.3198,0.2361,-0.31238,0.3764,0.1362,0.4673,0.73011,0.37256,0.73123,0.41819,12.25738
rts,840,10,0.25,0.034379,2.1366,1.1998,0.3198,0.3388,-0.32391,0.9621,0.9621,0.8619,0.7291,0.64945,0.73144,0.44963,1.7699
rts,840,10,0.5,0.03723,1.9863,0.7263,0.3198,0.3388,-0.32619,0.9204,0.9204,0.7364,0.7291,0.64945,0.73144,0.44963,3.54509
rts,840,10,1.0,0.039241,1.8886,0.7263,0.3198,0.3388,-0.32619,0.8386,0.8386,0.535,0.7291,0.64945,0.73144,0.44963,7.10001
rts,840,20,0.25,0.023967,1.4504,1.3816,0.3198,0.486,-0.33286,0.9909,1.0,0.879,0.72572,0.74604,0.73198,0.46103,0.7774
rts,840,20,0.5,0.027914,1.2094,1.3816,0.3198,0.486,-0.3401,0.9769,1.0,0.7621,0.72572,0.74604,0.73198,0.46103,1.5505
rts,840,20,1.0,0.031706,1.0251,0.8364,0.3198,0.486,-0.34127,0.9369,1.0,0.5654,0.72572,0.74604,0.73198,0.46103,3.11
rts,840,50,0.25,0.01177,1.0931,0.7263,0.3198,0.3388,-0.34687,0.9908,0.9908,0.947,0.72323,0.69882,0.73239,0.549,1.01583
rts,840,50,0.5,0.014389,0.829,0.8364,0.3198,0.486,-0.35596,0.9946,1.0,0.8735,0.71724,0.7858,0.73239,0.549,1.23076
rts,840,50,1.0,0.017354,0.6218,0.9631,0.3198,0.6971,-0.36751,0.9773,0.9868,0.7382,0.71724,0.7858,0.73239,0.549,1.05953
rts,1680,5,0.25,0.040217,3.4014,1.4946,0.2262,0.1646,-0.29881,0.9873,0.4304,0.9986,0.74123,0.80252,0.74304,1.12006,4.28506
rts,1680,5,0.5,0.041071,3.3618,1.4946,0.2262,0.1646,-0.29945,0.9761,0.1862,0.996,0.74123,0.80252,0.74304,1.12006,8.56449
rts,1680,5,1.0,0.041538,3.3405,1.4946,0.2262,0.1646,-0.30073,0.954,0.0348,0.9909,0.74123,0.80252,0.74304,1.12006,17.12336
rts,1680,10,0.25,0.034379,2.1366,1.7211,0.2262,0.2361,-0.30363,1.0,1.0,0.9996,0.7386,0.95104,0.74089,0.88013,2.71321
rts,1680,10,0.5,0.03723,1.9863,1.7211,0.2262,0.2361,-0.30426,1.0,1.0,0.9962,0.7386,0.95104,0.74089,0.88013,5.42586
rts,1680,10,1.0,0.039241,1.8886,1.7211,0.2262,0.2361,-0.30552,1.0,1.0,0.9894,0.7386,0.95104,0.74089,0.88013,10.85116
rts,1680,20,0.25,0.023967,1.4504,1.0419,0.2262,0.2361,-0.3158,0.9942,0.9942,0.9944,0.73988,0.75191,0.73814,0.76558,2.18012
rts,1680,20,0.5,0.027914,1.2094,1.1998,0.2262,0.3388,-0.31616,0.9966,1.0,0.9771,0.73198,0.88406,0.73814,0.76558,2.30585
rts,1680,20,1.0,0.031706,1.0251,1.1998,0.2262,0.3388,-0.31622,0.9891,1.0,0.9429,0.73198,0.88406,0.73814,0.76558,4.62008
rts,1680,50,0.25,0.01177,1.0931,1.1998,0.2262,0.3388,-0.32443,0.9971,1.0,0.9892,0.73097,0.78988,0.73726,0.70524,0.89252
rts,1680,50,0.5,0.014389,0.829,1.1998,0.2262,0.3388,-0.33204,0.9942,0.9933,0.9668,0.72196,0.85612,0.73726,0.70524,1.79449
rts,1680,50,1.0,0.017354,0.6218,0.7263,0.2262,0.3388,-0.34351,0.9936,1.0,0.9201,0.72196,0.85612,0.73726,0.70524,3.60218
