access,w_eff,n_vis,coll_cost,succ_oh,eps,T,rho
rts,105,5,-1,-1,0.05,0.68937,0.14257
rts,105,5,-1,-1,0.06385,0.68819,0.14282
rts,105,5,-1,-1,0.08153,0.68892,0.14923
rts,105,5,-1,-1,0.10411,0.68935,0.15916
rts,105,5,-1,-1,0.13294,0.68954,0.16484
rts,105,5,-1,-1,0.16975,0.68859,0.1706
rts,105,5,-1,-1,0.21677,0.68779,0.17925
rts,105,5,-1,-1,0.2768,0.68748,0.2035
rts,105,5,-1,-1,0.35345,0.69073,0.2224
rts,105,5,-1,-1,0.45134,0.68362,0.27048
rts,105,5,-1,-1,0.57633,0.67862,0.30629
rts,105,5,-1,-1,0.73594,0.68033,0.41569
rts,105,5,-1,-1,0.93975,0.67649,0.51892
rts,105,5,-1,-1,1.2,0.66654,0.61969
rts,105,10,-1,-1,0.05,0.68251,0.22568
rts,105,10,-1,-1,0.06385,0.68402,0.2321
rts,105,10,-1,-1,0.08153,0.68194,0.23849
rts,105,10,-1,-1,0.10411,0.68179,0.2398
rts,105,10,-1,-1,0.13294,0.68241,0.2426
rts,105,10,-1,-1,0.16975,0.68214,0.25689
rts,105,10,-1,-1,0.21677,0.68256,0.27367
rts,105,10,-1,-1,0.2768,0.68252,0.27005
rts,105,10,-1,-1,0.35345,0.6783,0.28086
rts,105,10,-1,-1,0.45134,0.66784,0.31497
rts,105,10,-1,-1,0.57633,0.67632,0.38195
rts,105,10,-1,-1,0.73594,0.67633,0.39884
rts,105,10,-1,-1,0.93975,0.66329,0.48278
rts,105,10,-1,-1,1.2,0.6503,0.57761
rts,105,20,-1,-1,0.05,0.68627,0.27592
rts,105,20,-1,-1,0.06385,0.68652,0.28643
rts,105,20,-1,-1,0.08153,0.68878,0.29037
rts,105,20,-1,-1,0.10411,0.68859,0.29332
rts,105,20,-1,-1,0.13294,0.68922,0.29992
rts,105,20,-1,-1,0.16975,0.68622,0.30953
rts,105,20,-1,-1,0.21677,0.6813,0.32941
rts,105,20,-1,-1,0.2768,0.6809,0.34363
rts,105,20,-1,-1,0.35345,0.6814,0.37867
rts,105,20,-1,-1,0.45134,0.68278,0.4142
rts,105,20,-1,-1,0.57633,0.68256,0.39777
rts,105,20,-1,-1,0.73594,0.66505,0.43864
rts,105,20,-1,-1,0.93975,0.657,0.48105
rts,105,20,-1,-1,1.2,0.65665,0.55991
rts,105,50,-1,-1,0.05,0.67335,0.50061
rts,105,50,-1,-1,0.06385,0.67356,0.50232
rts,105,50,-1,-1,0.08153,0.67422,0.50671
rts,105,50,-1,-1,0.10411,0.67132,0.49974
rts,105,50,-1,-1,0.13294,0.67241,0.51992
rts,105,50,-1,-1,0.16975,0.6693,0.51955
rts,105,50,-1,-1,0.21677,0.668,0.5073
rts,105,50,-1,-1,0.2768,0.6684,0.53567
rts,105,50,-1,-1,0.35345,0.66837,0.49978
rts,105,50,-1,-1,0.45134,0.66675,0.54588
rts,105,50,-1,-1,0.57633,0.66487,0.52378
rts,105,50,-1,-1,0.73594,0.64994,0.56896
rts,105,50,-1,-1,0.93975,0.63622,0.56829
rts,105,50,-1,-1,1.2,0.62051,0.59616
rts,210,5,-1,-1,0.05,0.71289,0.14161
rts,210,5,-1,-1,0.06385,0.71337,0.14766
rts,210,5,-1,-1,0.08153,0.7124,0.15591
rts,210,5,-1,-1,0.10411,0.71337,0.16017
rts,210,5,-1,-1,0.13294,0.71316,0.16396
rts,210,5,-1,-1,0.16975,0.71133,0.19842
rts,210,5,-1,-1,0.21677,0.71208,0.2375
rts,210,5,-1,-1,0.2768,0.71065,0.29916
rts,210,5,-1,-1,0.35345,0.71286,0.38564
rts,210,5,-1,-1,0.45134,0.70909,0.49353
rts,210,5,-1,-1,0.57633,0.7106,0.64607
rts,210,5,-1,-1,0.73594,0.6998,0.78366
rts,210,5,-1,-1,0.93975,0.68989,1.06297
rts,210,5,-1,-1,1.2,0.67256,1.35482
rts,210,10,-1,-1,0.05,0.71447,0.22023
rts,210,10,-1,-1,0.06385,0.71463,0.2193
rts,210,10,-1,-1,0.08153,0.71389,0.21285
rts,210,10,-1,-1,0.10411,0.7141,0.21086
rts,210,10,-1,-1,0.13294,0.71231,0.23962
rts,210,10,-1,-1,0.16975,0.71079,0.26414
rts,210,10,-1,-1,0.21677,0.71115,0.31916
rts,210,10,-1,-1,0.2768,0.70921,0.36155
rts,210,10,-1,-1,0.35345,0.7096,0.40132
rts,210,10,-1,-1,0.45134,0.70712,0.53975
rts,210,10,-1,-1,0.57633,0.7046,0.66052
rts,210,10,-1,-1,0.73594,0.69658,0.74764
rts,210,10,-1,-1,0.93975,0.68804,0.8645
rts,210,10,-1,-1,1.2,0.67325,1.07137
rts,210,20,-1,-1,0.05,0.71472,0.29942
rts,210,20,-1,-1,0.06385,0.7166,0.31162
rts,210,20,-1,-1,0.08153,0.71655,0.31213
rts,210,20,-1,-1,0.10411,0.71784,0.31628
rts,210,20,-1,-1,0.13294,0.71683,0.34786
rts,210,20,-1,-1,0.16975,0.71003,0.35478
rts,210,20,-1,-1,0.21677,0.70539,0.37369
rts,210,20,-1,-1,0.2768,0.71318,0.38484
rts,210,20,-1,-1,0.35345,0.71347,0.44342
rts,210,20,-1,-1,0.45134,0.70456,0.51922
rts,210,20,-1,-1,0.57633,0.69875,0.5814
rts,210,20,-1,-1,0.73594,0.69034,0.66373
rts,210,20,-1,-1,0.93975,0.68382,0.77046
rts,210,20,-1,-1,1.2,0.66195,0.8378
rts,210,50,-1,-1,0.05,0.70987,0.44899
rts,210,50,-1,-1,0.06385,0.71148,0.46252
rts,210,50,-1,-1,0.08153,0.71437,0.48691
rts,210,50,-1,-1,0.10411,0.71199,0.47501
rts,210,50,-1,-1,0.13294,0.71129,0.47478
rts,210,50,-1,-1,0.16975,0.71484,0.50129
rts,210,50,-1,-1,0.21677,0.71361,0.50691
rts,210,50,-1,-1,0.2768,0.70908,0.54975
rts,210,50,-1,-1,0.35345,0.70806,0.56695
rts,210,50,-1,-1,0.45134,0.69518,0.60161
rts,210,50,-1,-1,0.57633,0.6849,0.64559
rts,210,50,-1,-1,0.73594,0.67838,0.6975
rts,210,50,-1,-1,0.93975,0.66971,0.71604
rts,210,50,-1,-1,1.2,0.65679,0.78221
rts,420,5,-1,-1,0.05,0.71925,0.10479
rts,420,5,-1,-1,0.06385,0.71822,0.11028
rts,420,5,-1,-1,0.08153,0.71945,0.11722
rts,420,5,-1,-1,0.10411,0.71774,0.13037
rts,420,5,-1,-1,0.13294,0.71558,0.14925
rts,420,5,-1,-1,0.16975,0.71558,0.20325
rts,420,5,-1,-1,0.21677,0.71671,0.3097
rts,420,5,-1,-1,0.2768,0.72215,0.41966
rts,420,5,-1,-1,0.35345,0.71776,0.61463
rts,420,5,-1,-1,0.45134,0.71515,0.85991
rts,420,5,-1,-1,0.57633,0.71627,1.1796
rts,420,5,-1,-1,0.73594,0.69381,1.47751
rts,420,5,-1,-1,0.93975,0.66785,1.71388
rts,420,5,-1,-1,1.2,0.56909,1.83381
rts,420,10,-1,-1,0.05,0.71841,0.15166
rts,420,10,-1,-1,0.06385,0.71817,0.15664
rts,420,10,-1,-1,0.08153,0.71545,0.1646
rts,420,10,-1,-1,0.10411,0.71728,0.20431
rts,420,10,-1,-1,0.13294,0.72143,0.2334
rts,420,10,-1,-1,0.16975,0.72056,0.29766
rts,420,10,-1,-1,0.21677,0.71938,0.33937
rts,420,10,-1,-1,0.2768,0.718,0.45435
rts,420,10,-1,-1,0.35345,0.71744,0.60887
rts,420,10,-1,-1,0.45134,0.71637,0.77312
rts,420,10,-1,-1,0.57633,0.71264,0.91655
rts,420,10,-1,-1,0.73594,0.69969,1.08322
rts,420,10,-1,-1,0.93975,0.67314,1.24121
rts,420,10,-1,-1,1.2,0.59655,1.33531
rts,420,20,-1,-1,0.05,0.72104,0.19768
rts,420,20,-1,-1,0.06385,0.72256,0.20941
rts,420,20,-1,-1,0.08153,0.72372,0.22075
rts,420,20,-1,-1,0.10411,0.72369,0.25625
rts,420,20,-1,-1,0.13294,0.72366,0.29358
rts,420,20,-1,-1,0.16975,0.71969,0.33601
rts,420,20,-1,-1,0.21677,0.72051,0.40433
rts,420,20,-1,-1,0.2768,0.72739,0.48366
rts,420,20,-1,-1,0.35345,0.71872,0.59431
rts,420,20,-1,-1,0.45134,0.71785,0.70366
rts,420,20,-1,-1,0.57633,0.70807,0.80201
rts,420,20,-1,-1,0.73594,0.69399,0.90222
rts,420,20,-1,-1,0.93975,0.66985,0.98214
rts,420,20,-1,-1,1.2,0.61496,1.05353
rts,420,50,-1,-1,0.05,0.72919,0.37202
rts,420,50,-1,-1,0.06385,0.72742,0.3769
rts,420,50,-1,-1,0.08153,0.72563,0.39272
rts,420,50,-1,-1,0.10411,0.72575,0.4169
rts,420,50,-1,-1,0.13294,0.72842,0.45125
rts,420,50,-1,-1,0.16975,0.72447,0.49339
rts,420,50,-1,-1,0.21677,0.72376,0.56295
rts,420,50,-1,-1,0.2768,0.7194,0.59007
rts,420,50,-1,-1,0.35345,0.72221,0.653
rts,420,50,-1,-1,0.45134,0.71307,0.70411
rts,420,50,-1,-1,0.57633,0.70619,0.76345
rts,420,50,-1,-1,0.73594,0.70183,0.79888
rts,420,50,-1,-1,0.93975,0.67813,0.83447
rts,420,50,-1,-1,1.2,0.64827,0.88703
rts,840,5,-1,-1,0.05,0.73021,0.08778
rts,840,5,-1,-1,0.06385,0.73001,0.10234
rts,840,5,-1,-1,0.08153,0.73027,0.14291
rts,840,5,-1,-1,0.10411,0.72875,0.20011
rts,840,5,-1,-1,0.13294,0.72733,0.27213
rts,840,5,-1,-1,0.16975,0.73033,0.45837
rts,840,5,-1,-1,0.21677,0.732,0.69123
rts,840,5,-1,-1,0.2768,0.73196,0.95137
rts,840,5,-1,-1,0.35345,0.72503,1.25248
rts,840,5,-1,-1,0.45134,0.70914,1.55602
rts,840,5,-1,-1,0.57633,0.68575,1.7955
rts,840,5,-1,-1,0.73594,0.62093,1.97309
rts,840,5,-1,-1,0.93975,0.55303,2.10003
rts,840,5,-1,-1,1.2,0.43797,2.08968
rts,840,10,-1,-1,0.05,0.72845,0.11965
rts,840,10,-1,-1,0.06385,0.72858,0.14367
rts,840,10,-1,-1,0.08153,0.73006,0.19014
rts,840,10,-1,-1,0.10411,0.72975,0.23347
rts,840,10,-1,-1,0.13294,0.73079,0.30849
rts,840,10,-1,-1,0.16975,0.7318,0.45229
rts,840,10,-1,-1,0.21677,0.73021,0.58951
rts,840,10,-1,-1,0.2768,0.73104,0.76847
rts,840,10,-1,-1,0.35345,0.72019,0.94879
rts,840,10,-1,-1,0.45134,0.71584,1.1269
rts,840,10,-1,-1,0.57633,0.69633,1.27643
rts,840,10,-1,-1,0.73594,0.65923,1.37453
rts,840,10,-1,-1,0.93975,0.58316,1.44713
rts,840,10,-1,-1,1.2,0.46877,1.46408
rts,840,20,-1,-1,0.05,0.73131,0.1627
rts,840,20,-1,-1,0.06385,0.72977,0.18116
rts,840,20,-1,-1,0.08153,0.73087,0.23798
rts,840,20,-1,-1,0.10411,0.73291,0.28729
rts,840,20,-1,-1,0.13294,0.73256,0.37285
rts,840,20,-1,-1,0.16975,0.7312,0.46428
rts,840,20,-1,-1,0.21677,0.72854,0.58586
rts,840,20,-1,-1,0.2768,0.7294,0.70718
rts,840,20,-1,-1,0.35345,0.72666,0.8086
rts,840,20,-1,-1,0.45134,0.7154,0.9096
rts,840,20,-1,-1,0.57633,0.7052,1.00771
rts,840,20,-1,-1,0.73594,0.68389,1.07253
rts,840,20,-1,-1,0.93975,0.62375,1.12216
rts,840,20,-1,-1,1.2,0.51488,1.14917
rts,840,50,-1,-1,0.05,0.73253,0.27329
rts,840,50,-1,-1,0.06385,0.73234,0.31071
rts,840,50,-1,-1,0.08153,0.73581,0.34367
rts,840,50,-1,-1,0.10411,0.73619,0.4078
rts,840,50,-1,-1,0.13294,0.73625,0.475
rts,840,50,-1,-1,0.16975,0.73602,0.54397
rts,840,50,-1,-1,0.21677,0.72944,0.6193
rts,840,50,-1,-1,0.2768,0.72505,0.68511
rts,840,50,-1,-1,0.35345,0.72441,0.75301
rts,840,50,-1,-1,0.45134,0.71525,0.80839
rts,840,50,-1,-1,0.57633,0.71014,0.85846
rts,840,50,-1,-1,0.73594,0.69553,0.88947
rts,840,50,-1,-1,0.93975,0.67058,0.9292
rts,840,50,-1,-1,1.2,0.607,0.95403
rts,1680,5,-1,-1,0.05,0.73836,0.11068
rts,1680,5,-1,-1,0.06385,0.73809,0.18292
rts,1680,5,-1,-1,0.08153,0.74062,0.31854
rts,1680,5,-1,-1,0.10411,0.74077,0.55288
rts,1680,5,-1,-1,0.13294,0.74155,0.82164
rts,1680,5,-1,-1,0.16975,0.74075,1.19302
rts,1680,5,-1,-1,0.21677,0.7376,1.48203
rts,1680,5,-1,-1,0.2768,0.72766,1.72774
rts,1680,5,-1,-1,0.35345,0.70207,1.92482
rts,1680,5,-1,-1,0.45134,0.66464,2.08691
rts,1680,5,-1,-1,0.57633,0.54307,2.11081
rts,1680,5,-1,-1,0.73594,0.45698,2.1773
rts,1680,5,-1,-1,0.93975,0.27812,1.94301
rts,1680,5,-1,-1,1.2,0.37764,2.37889
rts,1680,10,-1,-1,0.05,0.73948,0.14888
rts,1680,10,-1,-1,0.06385,0.74032,0.22162
rts,1680,10,-1,-1,0.08153,0.74205,0.33642
rts,1680,10,-1,-1,0.10411,0.74334,0.48764
rts,1680,10,-1,-1,0.13294,0.74184,0.69339
rts,1680,10,-1,-1,0.16975,0.73847,0.88274
rts,1680,10,-1,-1,0.21677,0.73541,1.06342
rts,1680,10,-1,-1,0.2768,0.73057,1.21592
rts,1680,10,-1,-1,0.35345,0.71651,1.32979
rts,1680,10,-1,-1,0.45134,0.70693,1.43089
rts,1680,10,-1,-1,0.57633,0.6517,1.51132
rts,1680,10,-1,-1,0.73594,0.52954,1.53238
rts,1680,10,-1,-1,0.93975,0.34836,1.4732
rts,1680,10,-1,-1,1.2,0.36129,1.59746
rts,1680,20,-1,-1,0.05,0.74114,0.19295
rts,1680,20,-1,-1,0.06385,0.74265,0.27506
rts,1680,20,-1,-1,0.08153,0.74344,0.36796
rts,1680,20,-1,-1,0.10411,0.7442,0.49351
rts,1680,20,-1,-1,0.13294,0.74262,0.61886
rts,1680,20,-1,-1,0.16975,0.73847,0.74866
rts,1680,20,-1,-1,0.21677,0.73431,0.87677
rts,1680,20,-1,-1,0.2768,0.73061,0.95402
rts,1680,20,-1,-1,0.35345,0.72226,1.03301
rts,1680,20,-1,-1,0.45134,0.71401,1.10022
rts,1680,20,-1,-1,0.57633,0.70428,1.15298
rts,1680,20,-1,-1,0.73594,0.62921,1.19707
rts,1680,20,-1,-1,0.93975,0.47055,1.17694
rts,1680,20,-1,-1,1.2,0.40139,1.21731
rts,1680,50,-1,-1,0.05,0.74397,0.30318
rts,1680,50,-1,-1,0.06385,0.74418,0.3599
rts,1680,50,-1,-1,0.08153,0.74425,0.44963
rts,1680,50,-1,-1,0.10411,0.74518,0.53542
rts,1680,50,-1,-1,0.13294,0.73979,0.6306
rts,1680,50,-1,-1,0.16975,0.738,0.70648
rts,1680,50,-1,-1,0.21677,0.73235,0.77575
rts,1680,50,-1,-1,0.2768,0.72749,0.83068
rts,1680,50,-1,-1,0.35345,0.72399,0.88364
rts,1680,50,-1,-1,0.45134,0.71788,0.9198
rts,1680,50,-1,-1,0.57633,0.71216,0.96248
rts,1680,50,-1,-1,0.73594,0.69492,0.97773
rts,1680,50,-1,-1,0.93975,0.64419,0.99903
rts,1680,50,-1,-1,1.2,0.5029,1.00414
basic,105,5,-1,-1,0.05,0.68592,0.16523
basic,105,5,-1,-1,0.06385,0.68592,0.16523
basic,105,5,-1,-1,0.08153,0.68675,0.16787
basic,105,5,-1,-1,0.10411,0.68668,0.17045
basic,105,5,-1,-1,0.13294,0.68622,0.18001
basic,105,5,-1,-1,0.16975,0.68611,0.18399
basic,105,5,-1,-1,0.21677,0.68386,0.18557
basic,105,5,-1,-1,0.2768,0.67757,0.20831
basic,105,5,-1,-1,0.35345,0.67846,0.2406
basic,105,5,-1,-1,0.45134,0.67549,0.26697
basic,105,5,-1,-1,0.57633,0.6619,0.29158
basic,105,5,-1,-1,0.73594,0.64286,0.32378
basic,105,5,-1,-1,0.93975,0.62408,0.46774
basic,105,5,-1,-1,1.2,0.60094,0.54613
basic,105,10,-1,-1,0.05,0.65348,0.24577
basic,105,10,-1,-1,0.06385,0.65471,0.25592
basic,105,10,-1,-1,0.08153,0.65265,0.25503
basic,105,10,-1,-1,0.10411,0.6486,0.25686
basic,105,10,-1,-1,0.13294,0.64063,0.26174
basic,105,10,-1,-1,0.16975,0.64119,0.25988
basic,105,10,-1,-1,0.21677,0.63771,0.24024
basic,105,10,-1,-1,0.2768,0.6409,0.24291
basic,105,10,-1,-1,0.35345,0.62184,0.27568
basic,105,10,-1,-1,0.45134,0.61146,0.30393
basic,105,10,-1,-1,0.57633,0.60738,0.35578
basic,105,10,-1,-1,0.73594,0.59862,0.36465
basic,105,10,-1,-1,0.93975,0.5633,0.4783
basic,105,10,-1,-1,1.2,0.56105,0.5213
basic,105,20,-1,-1,0.05,0.64873,0.31622
basic,105,20,-1,-1,0.06385,0.64783,0.31666
basic,105,20,-1,-1,0.08153,0.64435,0.31749
basic,105,20,-1,-1,0.10411,0.64171,0.32947
basic,105,20,-1,-1,0.13294,0.63797,0.32947
basic,105,20,-1,-1,0.16975,0.63468,0.33886
basic,105,20,-1,-1,0.21677,0.62751,0.34942
basic,105,20,-1,-1,0.2768,0.62257,0.35005
basic,105,20,-1,-1,0.35345,0.60652,0.34867
basic,105,20,-1,-1,0.45134,0.59576,0.36484
basic,105,20,-1,-1,0.57633,0.58494,0.42056
basic,105,20,-1,-1,0.73594,0.56505,0.48432
basic,105,20,-1,-1,0.93975,0.54237,0.48202
basic,105,20,-1,-1,1.2,0.53211,0.53037
basic,105,50,-1,-1,0.05,0.56575,0.41486
basic,105,50,-1,-1,0.06385,0.55849,0.41394
basic,105,50,-1,-1,0.08153,0.55776,0.41451
basic,105,50,-1,-1,0.10411,0.55173,0.43168
basic,105,50,-1,-1,0.13294,0.57771,0.44049
basic,105,50,-1,-1,0.16975,0.56808,0.46248
basic,105,50,-1,-1,0.21677,0.57149,0.46975
basic,105,50,-1,-1,0.2768,0.55392,0.48492
basic,105,50,-1,-1,0.35345,0.53654,0.44756
basic,105,50,-1,-1,0.45134,0.53803,0.46774
basic,105,50,-1,-1,0.57633,0.52697,0.49574
basic,105,50,-1,-1,0.73594,0.52208,0.53063
basic,105,50,-1,-1,0.93975,0.46992,0.56472
basic,105,50,-1,-1,1.2,0.44775,0.5558
basic,210,5,-1,-1,0.05,0.67025,0.18472
basic,210,5,-1,-1,0.06385,0.67357,0.1865
basic,210,5,-1,-1,0.08153,0.66851,0.1794
basic,210,5,-1,-1,0.10411,0.6676,0.19145
basic,210,5,-1,-1,0.13294,0.66124,0.21687
basic,210,5,-1,-1,0.16975,0.65806,0.23124
basic,210,5,-1,-1,0.21677,0.65597,0.25567
basic,210,5,-1,-1,0.2768,0.6674,0.28793
basic,210,5,-1,-1,0.35345,0.65637,0.31896
basic,210,5,-1,-1,0.45134,0.6456,0.42736
basic,210,5,-1,-1,0.57633,0.6495,0.54874
basic,210,5,-1,-1,0.73594,0.61751,0.64649
basic,210,5,-1,-1,0.93975,0.58884,0.7911
basic,210,5,-1,-1,1.2,0.5362,0.99812
basic,210,10,-1,-1,0.05,0.67256,0.21718
basic,210,10,-1,-1,0.06385,0.67189,0.21926
basic,210,10,-1,-1,0.08153,0.66669,0.21352
basic,210,10,-1,-1,0.10411,0.66478,0.22841
basic,210,10,-1,-1,0.13294,0.66804,0.23266
basic,210,10,-1,-1,0.16975,0.66186,0.24441
basic,210,10,-1,-1,0.21677,0.64891,0.25479
basic,210,10,-1,-1,0.2768,0.63813,0.28257
basic,210,10,-1,-1,0.35345,0.63167,0.36471
basic,210,10,-1,-1,0.45134,0.62543,0.39633
basic,210,10,-1,-1,0.57633,0.62811,0.52271
basic,210,10,-1,-1,0.73594,0.58479,0.59802
basic,210,10,-1,-1,0.93975,0.55683,0.7129
basic,210,10,-1,-1,1.2,0.5055,0.76417
basic,210,20,-1,-1,0.05,0.64763,0.27747
basic,210,20,-1,-1,0.06385,0.64076,0.28346
basic,210,20,-1,-1,0.08153,0.63647,0.29411
basic,210,20,-1,-1,0.10411,0.63813,0.295
basic,210,20,-1,-1,0.13294,0.63951,0.30663
basic,210,20,-1,-1,0.16975,0.62561,0.33284
basic,210,20,-1,-1,0.21677,0.63456,0.35675
basic,210,20,-1,-1,0.2768,0.62013,0.41308
basic,210,20,-1,-1,0.35345,0.61944,0.42112
basic,210,20,-1,-1,0.45134,0.61668,0.48333
basic,210,20,-1,-1,0.57633,0.57292,0.54032
basic,210,20,-1,-1,0.73594,0.56218,0.59462
basic,210,20,-1,-1,0.93975,0.51805,0.63898
basic,210,20,-1,-1,1.2,0.49722,0.71212
basic,210,50,-1,-1,0.05,0.6179,0.44708
basic,210,50,-1,-1,0.06385,0.61008,0.45028
basic,210,50,-1,-1,0.08153,0.60482,0.46274
basic,210,50,-1,-1,0.10411,0.61121,0.47695
basic,210,50,-1,-1,0.13294,0.60588,0.48285
basic,210,50,-1,-1,0.16975,0.61102,0.49541
basic,210,50,-1,-1,0.21677,0.60348,0.51633
basic,210,50,-1,-1,0.2768,0.57517,0.52566
basic,210,50,-1,-1,0.35345,0.59516,0.56244
basic,210,50,-1,-1,0.45134,0.58173,0.56767
basic,210,50,-1,-1,0.57633,0.53844,0.63605
basic,210,50,-1,-1,0.73594,0.53249,0.64294
basic,210,50,-1,-1,0.93975,0.49089,0.65101
basic,210,50,-1,-1,1.2,0.45806,0.66321
basic,420,5,-1,-1,0.05,0.63247,0.10887
basic,420,5,-1,-1,0.06385,0.62597,0.11169
basic,420,5,-1,-1,0.08153,0.62962,0.11114
basic,420,5,-1,-1,0.10411,0.63284,0.12103
basic,420,5,-1,-1,0.13294,0.63808,0.15519
basic,420,5,-1,-1,0.16975,0.63493,0.19003
basic,420,5,-1,-1,0.21677,0.63447,0.23784
basic,420,5,-1,-1,0.2768,0.63147,0.31476
basic,420,5,-1,-1,0.35345,0.63336,0.44205
basic,420,5,-1,-1,0.45134,0.6033,0.67928
basic,420,5,-1,-1,0.57633,0.59728,0.93963
basic,420,5,-1,-1,0.73594,0.56291,1.18076
basic,420,5,-1,-1,0.93975,0.52007,1.39322
basic,420,5,-1,-1,1.2,0.44727,1.48979
basic,420,10,-1,-1,0.05,0.63713,0.13382
basic,420,10,-1,-1,0.06385,0.64114,0.14935
basic,420,10,-1,-1,0.08153,0.6354,0.15451
basic,420,10,-1,-1,0.10411,0.63062,0.16798
basic,420,10,-1,-1,0.13294,0.63528,0.18491
basic,420,10,-1,-1,0.16975,0.62984,0.21695
basic,420,10,-1,-1,0.21677,0.61856,0.26772
basic,420,10,-1,-1,0.2768,0.62237,0.34766
basic,420,10,-1,-1,0.35345,0.61215,0.48764
basic,420,10,-1,-1,0.45134,0.59402,0.60688
basic,420,10,-1,-1,0.57633,0.56277,0.76395
basic,420,10,-1,-1,0.73594,0.52684,0.92632
basic,420,10,-1,-1,0.93975,0.49023,1.01863
basic,420,10,-1,-1,1.2,0.44003,1.08402
basic,420,20,-1,-1,0.05,0.62923,0.1939
basic,420,20,-1,-1,0.06385,0.63703,0.19886
basic,420,20,-1,-1,0.08153,0.63806,0.21715
basic,420,20,-1,-1,0.10411,0.62762,0.24544
basic,420,20,-1,-1,0.13294,0.62728,0.27295
basic,420,20,-1,-1,0.16975,0.63462,0.30159
basic,420,20,-1,-1,0.21677,0.62031,0.34609
basic,420,20,-1,-1,0.2768,0.60384,0.4208
basic,420,20,-1,-1,0.35345,0.59236,0.51454
basic,420,20,-1,-1,0.45134,0.57362,0.59288
basic,420,20,-1,-1,0.57633,0.56005,0.70518
basic,420,20,-1,-1,0.73594,0.51541,0.74806
basic,420,20,-1,-1,0.93975,0.47227,0.84572
basic,420,20,-1,-1,1.2,0.43685,0.8994
basic,420,50,-1,-1,0.05,0.62124,0.35314
basic,420,50,-1,-1,0.06385,0.62131,0.36388
basic,420,50,-1,-1,0.08153,0.62932,0.39165
basic,420,50,-1,-1,0.10411,0.61595,0.39924
basic,420,50,-1,-1,0.13294,0.61094,0.42148
basic,420,50,-1,-1,0.16975,0.61528,0.45387
basic,420,50,-1,-1,0.21677,0.59067,0.4893
basic,420,50,-1,-1,0.2768,0.57655,0.55241
basic,420,50,-1,-1,0.35345,0.56281,0.59321
basic,420,50,-1,-1,0.45134,0.53541,0.63474
basic,420,50,-1,-1,0.57633,0.50902,0.68181
basic,420,50,-1,-1,0.73594,0.50333,0.72502
basic,420,50,-1,-1,0.93975,0.46085,0.76901
basic,420,50,-1,-1,1.2,0.42002,0.77072
basic,840,5,-1,-1,0.05,0.64557,0.08449
basic,840,5,-1,-1,0.06385,0.63932,0.09753
basic,840,5,-1,-1,0.08153,0.64437,0.12236
basic,840,5,-1,-1,0.10411,0.64623,0.14814
basic,840,5,-1,-1,0.13294,0.64168,0.22063
basic,840,5,-1,-1,0.16975,0.6377,0.31646
basic,840,5,-1,-1,0.21677,0.62826,0.494
basic,840,5,-1,-1,0.2768,0.6066,0.72074
basic,840,5,-1,-1,0.35345,0.59071,0.96012
basic,840,5,-1,-1,0.45134,0.56199,1.18826
basic,840,5,-1,-1,0.57633,0.52706,1.45477
basic,840,5,-1,-1,0.73594,0.46413,1.63337
basic,840,5,-1,-1,0.93975,0.38508,1.724
basic,840,5,-1,-1,1.2,0.34381,1.86348
basic,840,10,-1,-1,0.05,0.64482,0.1027
basic,840,10,-1,-1,0.06385,0.64376,0.12482
basic,840,10,-1,-1,0.08153,0.64384,0.15262
basic,840,10,-1,-1,0.10411,0.6398,0.17923
basic,840,10,-1,-1,0.13294,0.64509,0.25066
basic,840,10,-1,-1,0.16975,0.62116,0.32821
basic,840,10,-1,-1,0.21677,0.62265,0.46803
basic,840,10,-1,-1,0.2768,0.59651,0.58954
basic,840,10,-1,-1,0.35345,0.58514,0.73781
basic,840,10,-1,-1,0.45134,0.54888,0.90866
basic,840,10,-1,-1,0.57633,0.50713,1.06164
basic,840,10,-1,-1,0.73594,0.44715,1.15024
basic,840,10,-1,-1,0.93975,0.41774,1.26373
basic,840,10,-1,-1,1.2,0.34981,1.32126
basic,840,20,-1,-1,0.05,0.64155,0.13745
basic,840,20,-1,-1,0.06385,0.64112,0.16014
basic,840,20,-1,-1,0.08153,0.63496,0.18029
basic,840,20,-1,-1,0.10411,0.63167,0.22279
basic,840,20,-1,-1,0.13294,0.6307,0.29683
basic,840,20,-1,-1,0.16975,0.61303,0.3628
basic,840,20,-1,-1,0.21677,0.60707,0.45093
basic,840,20,-1,-1,0.2768,0.58116,0.55429
basic,840,20,-1,-1,0.35345,0.55121,0.6738
basic,840,20,-1,-1,0.45134,0.51697,0.77278
basic,840,20,-1,-1,0.57633,0.48879,0.85443
basic,840,20,-1,-1,0.73594,0.45625,0.94335
basic,840,20,-1,-1,0.93975,0.41238,0.9794
basic,840,20,-1,-1,1.2,0.36415,1.0238
basic,840,50,-1,-1,0.05,0.63657,0.24718
basic,840,50,-1,-1,0.06385,0.62742,0.2752
basic,840,50,-1,-1,0.08153,0.61793,0.30014
basic,840,50,-1,-1,0.10411,0.60943,0.34454
basic,840,50,-1,-1,0.13294,0.6068,0.39593
basic,840,50,-1,-1,0.16975,0.58978,0.46839
basic,840,50,-1,-1,0.21677,0.57418,0.51299
basic,840,50,-1,-1,0.2768,0.55072,0.60186
basic,840,50,-1,-1,0.35345,0.53572,0.6589
basic,840,50,-1,-1,0.45134,0.50231,0.71407
basic,840,50,-1,-1,0.57633,0.47516,0.77096
basic,840,50,-1,-1,0.73594,0.45352,0.79208
basic,840,50,-1,-1,0.93975,0.4221,0.84964
basic,840,50,-1,-1,1.2,0.37082,0.87321
basic,1680,5,-1,-1,0.05,0.67043,0.09346
basic,1680,5,-1,-1,0.06385,0.67285,0.15029
basic,1680,5,-1,-1,0.08153,0.66769,0.22918
basic,1680,5,-1,-1,0.10411,0.65951,0.38287
basic,1680,5,-1,-1,0.13294,0.65057,0.61757
basic,1680,5,-1,-1,0.16975,0.63392,0.91166
basic,1680,5,-1,-1,0.21677,0.60517,1.16171
basic,1680,5,-1,-1,0.2768,0.5633,1.39845
basic,1680,5,-1,-1,0.35345,0.51823,1.56863
basic,1680,5,-1,-1,0.45134,0.47361,1.74268
basic,1680,5,-1,-1,0.57633,0.41712,1.86723
basic,1680,5,-1,-1,0.73594,0.32838,1.88861
basic,1680,5,-1,-1,0.93975,0.23825,1.83339
basic,1680,5,-1,-1,1.2,0.21871,1.98067
basic,1680,10,-1,-1,0.05,0.67263,0.12847
basic,1680,10,-1,-1,0.06385,0.66335,0.17703
basic,1680,10,-1,-1,0.08153,0.66242,0.25731
basic,1680,10,-1,-1,0.10411,0.65789,0.39391
basic,1680,10,-1,-1,0.13294,0.6356,0.54942
basic,1680,10,-1,-1,0.16975,0.61405,0.70145
basic,1680,10,-1,-1,0.21677,0.58318,0.84262
basic,1680,10,-1,-1,0.2768,0.55772,0.99722
basic,1680,10,-1,-1,0.35345,0.52084,1.12649
basic,1680,10,-1,-1,0.45134,0.48633,1.21498
basic,1680,10,-1,-1,0.57633,0.44339,1.3154
basic,1680,10,-1,-1,0.73594,0.37337,1.36683
basic,1680,10,-1,-1,0.93975,0.29589,1.38078
basic,1680,10,-1,-1,1.2,0.22854,1.41306
basic,1680,20,-1,-1,0.05,0.6689,0.16437
basic,1680,20,-1,-1,0.06385,0.66188,0.21766
basic,1680,20,-1,-1,0.08153,0.65248,0.30241
basic,1680,20,-1,-1,0.10411,0.64196,0.39364
basic,1680,20,-1,-1,0.13294,0.62522,0.50474
basic,1680,20,-1,-1,0.16975,0.58814,0.62085
basic,1680,20,-1,-1,0.21677,0.57231,0.72966
basic,1680,20,-1,-1,0.2768,0.54271,0.80797
basic,1680,20,-1,-1,0.35345,0.52102,0.9082
basic,1680,20,-1,-1,0.45134,0.49105,0.96943
basic,1680,20,-1,-1,0.57633,0.45075,1.03169
basic,1680,20,-1,-1,0.73594,0.40997,1.07793
basic,1680,20,-1,-1,0.93975,0.3349,1.10464
basic,1680,20,-1,-1,1.2,0.25937,1.11028
basic,1680,50,-1,-1,0.05,0.65303,0.2505
basic,1680,50,-1,-1,0.06385,0.65168,0.31147
basic,1680,50,-1,-1,0.08153,0.63914,0.38322
basic,1680,50,-1,-1,0.10411,0.62368,0.45
basic,1680,50,-1,-1,0.13294,0.60074,0.52814
basic,1680,50,-1,-1,0.16975,0.57838,0.60561
basic,1680,50,-1,-1,0.21677,0.55222,0.66997
basic,1680,50,-1,-1,0.2768,0.52552,0.72984
basic,1680,50,-1,-1,0.35345,0.49928,0.77747
basic,1680,50,-1,-1,0.45134,0.47769,0.83053
basic,1680,50,-1,-1,0.57633,0.45283,0.86393
basic,1680,50,-1,-1,0.73594,0.42935,0.89354
basic,1680,50,-1,-1,0.93975,0.38551,0.91814
basic,1680,50,-1,-1,1.2,0.31776,0.93398
custom,420,10,1,10,0.05,0.78919,0.15674
custom,420,10,1,10,0.06385,0.78963,0.17481
custom,420,10,1,10,0.08153,0.7904,0.18774
custom,420,10,1,10,0.10411,0.79002,0.20673
custom,420,10,1,10,0.13294,0.78995,0.26855
custom,420,10,1,10,0.16975,0.79117,0.30598
custom,420,10,1,10,0.21677,0.79227,0.40459
custom,420,10,1,10,0.2768,0.79272,0.5294
custom,420,10,1,10,0.35345,0.79487,0.67606
custom,420,10,1,10,0.45134,0.79706,0.85249
custom,420,10,1,10,0.57633,0.79798,1.02737
custom,420,10,1,10,0.73594,0.79479,1.21417
custom,420,10,1,10,0.93975,0.77115,1.3107
custom,420,10,1,10,1.2,0.73035,1.43737
custom,420,10,4,10,0.05,0.76627,0.13712
custom,420,10,4,10,0.06385,0.76661,0.15785
custom,420,10,4,10,0.08153,0.7663,0.17502
custom,420,10,4,10,0.10411,0.76835,0.21553
custom,420,10,4,10,0.13294,0.76898,0.23795
custom,420,10,4,10,0.16975,0.76835,0.29558
custom,420,10,4,10,0.21677,0.76981,0.3864
custom,420,10,4,10,0.2768,0.77066,0.47812
custom,420,10,4,10,0.35345,0.77324,0.59435
custom,420,10,4,10,0.45134,0.77372,0.82011
custom,420,10,4,10,0.57633,0.76969,1.00418
custom,420,10,4,10,0.73594,0.76205,1.15479
custom,420,10,4,10,0.93975,0.73949,1.2964
custom,420,10,4,10,1.2,0.65829,1.38714
custom,420,10,12,10,0.05,0.71841,0.15166
custom,420,10,12,10,0.06385,0.71817,0.15664
custom,420,10,12,10,0.08153,0.71545,0.1646
custom,420,10,12,10,0.10411,0.71728,0.20431
custom,420,10,12,10,0.13294,0.72143,0.2334
custom,420,10,12,10,0.16975,0.72056,0.29766
custom,420,10,12,10,0.21677,0.71938,0.33937
custom,420,10,12,10,0.2768,0.718,0.45435
custom,420,10,12,10,0.35345,0.71744,0.60887
custom,420,10,12,10,0.45134,0.71637,0.77312
custom,420,10,12,10,0.57633,0.71264,0.91655
custom,420,10,12,10,0.73594,0.69969,1.08322
custom,420,10,12,10,0.93975,0.67314,1.24121
custom,420,10,12,10,1.2,0.59655,1.33531
custom,420,10,30,10,0.05,0.63306,0.14649
custom,420,10,30,10,0.06385,0.63358,0.15836
custom,420,10,30,10,0.08153,0.63248,0.18783
custom,420,10,30,10,0.10411,0.6389,0.19151
custom,420,10,30,10,0.13294,0.63849,0.22213
custom,420,10,30,10,0.16975,0.63355,0.24707
custom,420,10,30,10,0.21677,0.62949,0.30781
custom,420,10,30,10,0.2768,0.62158,0.3809
custom,420,10,30,10,0.35345,0.62414,0.48641
custom,420,10,30,10,0.45134,0.62704,0.63745
custom,420,10,30,10,0.57633,0.61344,0.83471
custom,420,10,30,10,0.73594,0.5946,0.97925
custom,420,10,30,10,0.93975,0.5615,1.10326
custom,420,10,30,10,1.2,0.51522,1.20393
custom,420,10,60,10,0.05,0.53611,0.15787
custom,420,10,60,10,0.06385,0.533,0.17818
custom,420,10,60,10,0.08153,0.52981,0.1791
custom,420,10,60,10,0.10411,0.53303,0.20175
custom,420,10,60,10,0.13294,0.52789,0.21937
custom,420,10,60,10,0.16975,0.53279,0.23685
custom,420,10,60,10,0.21677,0.53888,0.25704
custom,420,10,60,10,0.2768,0.53431,0.34669
custom,420,10,60,10,0.35345,0.539,0.43122
custom,420,10,60,10,0.45134,0.53448,0.58056
custom,420,10,60,10,0.57633,0.51685,0.71265
custom,420,10,60,10,0.73594,0.50308,0.8364
custom,420,10,60,10,0.93975,0.46387,0.98886
custom,420,10,60,10,1.2,0.44395,1.09225
custom,420,10,100,10,0.05,0.46117,0.14852
custom,420,10,100,10,0.06385,0.46344,0.15931
custom,420,10,100,10,0.08153,0.46446,0.1488
custom,420,10,100,10,0.10411,0.45708,0.1557
custom,420,10,100,10,0.13294,0.4625,0.18174
custom,420,10,100,10,0.16975,0.45229,0.21073
custom,420,10,100,10,0.21677,0.45987,0.25147
custom,420,10,100,10,0.2768,0.44865,0.30467
custom,420,10,100,10,0.35345,0.4545,0.37275
custom,420,10,100,10,0.45134,0.44985,0.48406
custom,420,10,100,10,0.57633,0.4317,0.58396
custom,420,10,100,10,0.73594,0.42477,0.70285
custom,420,10,100,10,0.93975,0.39332,0.88132
custom,420,10,100,10,1.2,0.36405,0.96391
custom,420,10,150,10,0.05,0.4067,0.16615
custom,420,10,150,10,0.06385,0.40015,0.17354
custom,420,10,150,10,0.08153,0.39602,0.17812
custom,420,10,150,10,0.10411,0.40037,0.18037
custom,420,10,150,10,0.13294,0.3901,0.18846
custom,420,10,150,10,0.16975,0.39515,0.19689
custom,420,10,150,10,0.21677,0.39367,0.23579
custom,420,10,150,10,0.2768,0.39721,0.27947
custom,420,10,150,10,0.35345,0.39301,0.35832
custom,420,10,150,10,0.45134,0.39342,0.42581
custom,420,10,150,10,0.57633,0.3701,0.54312
custom,420,10,150,10,0.73594,0.36152,0.71788
custom,420,10,150,10,0.93975,0.33706,0.7943
custom,420,10,150,10,1.2,0.31289,0.88818
custom,420,50,1,10,0.05,0.79742,0.35812
custom,420,50,1,10,0.06385,0.7976,0.37542
custom,420,50,1,10,0.08153,0.79868,0.41469
custom,420,50,1,10,0.10411,0.79822,0.42677
custom,420,50,1,10,0.13294,0.7981,0.46293
custom,420,50,1,10,0.16975,0.80091,0.52619
custom,420,50,1,10,0.21677,0.80275,0.55811
custom,420,50,1,10,0.2768,0.80373,0.63043
custom,420,50,1,10,0.35345,0.80469,0.68764
custom,420,50,1,10,0.45134,0.80408,0.74921
custom,420,50,1,10,0.57633,0.80559,0.77836
custom,420,50,1,10,0.73594,0.80367,0.84063
custom,420,50,1,10,0.93975,0.79753,0.87198
custom,420,50,1,10,1.2,0.76419,0.93383
custom,420,50,4,10,0.05,0.77523,0.37153
custom,420,50,4,10,0.06385,0.77568,0.38709
custom,420,50,4,10,0.08153,0.77694,0.40234
custom,420,50,4,10,0.10411,0.77635,0.44034
custom,420,50,4,10,0.13294,0.77828,0.44943
custom,420,50,4,10,0.16975,0.77859,0.51709
custom,420,50,4,10,0.21677,0.77975,0.54779
custom,420,50,4,10,0.2768,0.77896,0.60738
custom,420,50,4,10,0.35345,0.77781,0.68024
custom,420,50,4,10,0.45134,0.77738,0.74868
custom,420,50,4,10,0.57633,0.77367,0.78716
custom,420,50,4,10,0.73594,0.76983,0.82448
custom,420,50,4,10,0.93975,0.76271,0.87061
custom,420,50,4,10,1.2,0.71623,0.90948
custom,420,50,12,10,0.05,0.72919,0.37202
custom,420,50,12,10,0.06385,0.72742,0.3769
custom,420,50,12,10,0.08153,0.72563,0.39272
custom,420,50,12,10,0.10411,0.72575,0.4169
custom,420,50,12,10,0.13294,0.72842,0.45125
custom,420,50,12,10,0.16975,0.72447,0.49339
custom,420,50,12,10,0.21677,0.72376,0.56295
custom,420,50,12,10,0.2768,0.7194,0.59007
custom,420,50,12,10,0.35345,0.72221,0.653
custom,420,50,12,10,0.45134,0.71307,0.70411
custom,420,50,12,10,0.57633,0.70619,0.76345
custom,420,50,12,10,0.73594,0.70183,0.79888
custom,420,50,12,10,0.93975,0.67813,0.83447
custom,420,50,12,10,1.2,0.64827,0.88703
custom,420,50,30,10,0.05,0.63868,0.35443
custom,420,50,30,10,0.06385,0.64266,0.37211
custom,420,50,30,10,0.08153,0.63548,0.3764
custom,420,50,30,10,0.10411,0.64045,0.39937
custom,420,50,30,10,0.13294,0.63896,0.42133
custom,420,50,30,10,0.16975,0.637,0.452
custom,420,50,30,10,0.21677,0.63517,0.52332
custom,420,50,30,10,0.2768,0.63385,0.56782
custom,420,50,30,10,0.35345,0.62608,0.60912
custom,420,50,30,10,0.45134,0.60456,0.66698
custom,420,50,30,10,0.57633,0.60472,0.70922
custom,420,50,30,10,0.73594,0.58208,0.76493
custom,420,50,30,10,0.93975,0.55576,0.81081
custom,420,50,30,10,1.2,0.52998,0.85664
custom,420,50,60,10,0.05,0.54572,0.33588
custom,420,50,60,10,0.06385,0.54242,0.34239
custom,420,50,60,10,0.08153,0.54237,0.34672
custom,420,50,60,10,0.10411,0.54825,0.37129
custom,420,50,60,10,0.13294,0.55252,0.40612
custom,420,50,60,10,0.16975,0.546,0.43573
custom,420,50,60,10,0.21677,0.53423,0.49239
custom,420,50,60,10,0.2768,0.53595,0.5146
custom,420,50,60,10,0.35345,0.52625,0.56996
custom,420,50,60,10,0.45134,0.50938,0.6211
custom,420,50,60,10,0.57633,0.49568,0.67148
custom,420,50,60,10,0.73594,0.46977,0.721
custom,420,50,60,10,0.93975,0.43304,0.75016
custom,420,50,60,10,1.2,0.41611,0.79215
custom,420,50,100,10,0.05,0.46189,0.32446
custom,420,50,100,10,0.06385,0.45748,0.34507
custom,420,50,100,10,0.08153,0.46147,0.3514
custom,420,50,100,10,0.10411,0.4688,0.37074
custom,420,50,100,10,0.13294,0.46777,0.38994
custom,420,50,100,10,0.16975,0.46119,0.41472
custom,420,50,100,10,0.21677,0.46326,0.44154
custom,420,50,100,10,0.2768,0.45335,0.4755
custom,420,50,100,10,0.35345,0.4449,0.53496
custom,420,50,100,10,0.45134,0.44244,0.56948
custom,420,50,100,10,0.57633,0.40921,0.61165
custom,420,50,100,10,0.73594,0.37323,0.64166
custom,420,50,100,10,0.93975,0.3584,0.71626
custom,420,50,100,10,1.2,0.32902,0.72498
custom,420,50,150,10,0.05,0.39753,0.32514
custom,420,50,150,10,0.06385,0.39514,0.33319
custom,420,50,150,10,0.08153,0.39876,0.34676
custom,420,50,150,10,0.10411,0.39861,0.35587
custom,420,50,150,10,0.13294,0.38467,0.36706
custom,420,50,150,10,0.16975,0.39779,0.40456
custom,420,50,150,10,0.21677,0.38361,0.43035
custom,420,50,150,10,0.2768,0.38946,0.45389
custom,420,50,150,10,0.35345,0.36744,0.51832
custom,420,50,150,10,0.45134,0.36638,0.54723
custom,420,50,150,10,0.57633,0.34169,0.57517
custom,420,50,150,10,0.73594,0.33633,0.6605
custom,420,50,150,10,0.93975,0.31189,0.66931
custom,420,50,150,10,1.2,0.2816,0.69463
custom,1680,10,1,10,0.05,0.7956,0.17287
custom,1680,10,1,10,0.06385,0.79709,0.25497
custom,1680,10,1,10,0.08153,0.80014,0.39336
custom,1680,10,1,10,0.10411,0.80387,0.58065
custom,1680,10,1,10,0.13294,0.80832,0.77892
custom,1680,10,1,10,0.16975,0.8128,0.96807
custom,1680,10,1,10,0.21677,0.81727,1.16171
custom,1680,10,1,10,0.2768,0.81932,1.28652
custom,1680,10,1,10,0.35345,0.82122,1.3936
custom,1680,10,1,10,0.45134,0.8139,1.5004
custom,1680,10,1,10,0.57633,0.74021,1.56604
custom,1680,10,1,10,0.73594,0.71802,1.66089
custom,1680,10,1,10,0.93975,0.37336,1.51586
custom,1680,10,1,10,1.2,0.45858,1.70073
custom,1680,10,4,10,0.05,0.77976,0.16873
custom,1680,10,4,10,0.06385,0.78067,0.25062
custom,1680,10,4,10,0.08153,0.78288,0.36052
custom,1680,10,4,10,0.10411,0.78664,0.5484
custom,1680,10,4,10,0.13294,0.78823,0.74143
custom,1680,10,4,10,0.16975,0.79163,0.95561
custom,1680,10,4,10,0.21677,0.79196,1.11892
custom,1680,10,4,10,0.2768,0.79255,1.25393
custom,1680,10,4,10,0.35345,0.78973,1.37769
custom,1680,10,4,10,0.45134,0.78106,1.48935
custom,1680,10,4,10,0.57633,0.72126,1.54867
custom,1680,10,4,10,0.73594,0.63304,1.60087
custom,1680,10,4,10,0.93975,0.37009,1.50045
custom,1680,10,4,10,1.2,0.4245,1.67219
custom,1680,10,12,10,0.05,0.73948,0.14888
custom,1680,10,12,10,0.06385,0.74032,0.22162
custom,1680,10,12,10,0.08153,0.74205,0.33642
custom,1680,10,12,10,0.10411,0.74334,0.48764
custom,1680,10,12,10,0.13294,0.74184,0.69339
custom,1680,10,12,10,0.16975,0.73847,0.88274
custom,1680,10,12,10,0.21677,0.73541,1.06342
custom,1680,10,12,10,0.2768,0.73057,1.21592
custom,1680,10,12,10,0.35345,0.71651,1.32979
custom,1680,10,12,10,0.45134,0.70693,1.43089
custom,1680,10,12,10,0.57633,0.6517,1.51132
custom,1680,10,12,10,0.73594,0.52954,1.53238
custom,1680,10,12,10,0.93975,0.34836,1.4732
custom,1680,10,12,10,1.2,0.36129,1.59746
custom,1680,10,30,10,0.05,0.65979,0.12271
custom,1680,10,30,10,0.06385,0.65918,0.16982
custom,1680,10,30,10,0.08153,0.6632,0.26586
custom,1680,10,30,10,0.10411,0.6592,0.39618
custom,1680,10,30,10,0.13294,0.65751,0.56118
custom,1680,10,30,10,0.16975,0.64964,0.77977
custom,1680,10,30,10,0.21677,0.63939,0.94469
custom,1680,10,30,10,0.2768,0.62864,1.10287
custom,1680,10,30,10,0.35345,0.60779,1.23293
custom,1680,10,30,10,0.45134,0.58727,1.34609
custom,1680,10,30,10,0.57633,0.54528,1.42986
custom,1680,10,30,10,0.73594,0.4553,1.46722
custom,1680,10,30,10,0.93975,0.33821,1.45704
custom,1680,10,30,10,1.2,0.29213,1.53156
custom,1680,10,60,10,0.05,0.55802,0.09743
custom,1680,10,60,10,0.06385,0.55818,0.12588
custom,1680,10,60,10,0.08153,0.55549,0.19161
custom,1680,10,60,10,0.10411,0.55578,0.28005
custom,1680,10,60,10,0.13294,0.55333,0.42254
custom,1680,10,60,10,0.16975,0.55087,0.6038
custom,1680,10,60,10,0.21677,0.53129,0.79864
custom,1680,10,60,10,0.2768,0.51494,0.9712
custom,1680,10,60,10,0.35345,0.50035,1.09988
custom,1680,10,60,10,0.45134,0.47453,1.1936
custom,1680,10,60,10,0.57633,0.44099,1.32219
custom,1680,10,60,10,0.73594,0.3839,1.40031
custom,1680,10,60,10,0.93975,0.30847,1.42089
custom,1680,10,60,10,1.2,0.25216,1.44201
custom,1680,10,100,10,0.05,0.46103,0.08171
custom,1680,10,100,10,0.06385,0.45933,0.09846
custom,1680,10,100,10,0.08153,0.45574,0.12558
custom,1680,10,100,10,0.10411,0.46252,0.19323
custom,1680,10,100,10,0.13294,0.44984,0.29584
custom,1680,10,100,10,0.16975,0.44869,0.42725
custom,1680,10,100,10,0.21677,0.44385,0.60308
custom,1680,10,100,10,0.2768,0.42289,0.788
custom,1680,10,100,10,0.35345,0.40597,0.94532
custom,1680,10,100,10,0.45134,0.38111,1.0524
custom,1680,10,100,10,0.57633,0.35041,1.16472
custom,1680,10,100,10,0.73594,0.31372,1.29032
custom,1680,10,100,10,0.93975,0.26852,1.33597
custom,1680,10,100,10,1.2,0.21198,1.36597
custom,1680,10,150,10,0.05,0.37539,0.06182
custom,1680,10,150,10,0.06385,0.37214,0.07561
custom,1680,10,150,10,0.08153,0.37213,0.09013
custom,1680,10,150,10,0.10411,0.3772,0.12254
custom,1680,10,150,10,0.13294,0.36812,0.20579
custom,1680,10,150,10,0.16975,0.37142,0.29792
custom,1680,10,150,10,0.21677,0.36097,0.44009
custom,1680,10,150,10,0.2768,0.3495,0.61503
custom,1680,10,150,10,0.35345,0.32574,0.76512
custom,1680,10,150,10,0.45134,0.30698,0.89881
custom,1680,10,150,10,0.57633,0.28894,1.04778
custom,1680,10,150,10,0.73594,0.26834,1.15825
custom,1680,10,150,10,0.93975,0.22743,1.28848
custom,1680,10,150,10,1.2,0.19022,1.30461
custom,1680,50,1,10,0.05,0.80367,0.31918
custom,1680,50,1,10,0.06385,0.80617,0.40059
custom,1680,50,1,10,0.08153,0.80902,0.48936
custom,1680,50,1,10,0.10411,0.81298,0.57458
custom,1680,50,1,10,0.13294,0.81614,0.6612
custom,1680,50,1,10,0.16975,0.81844,0.7388
custom,1680,50,1,10,0.21677,0.82049,0.80957
custom,1680,50,1,10,0.2768,0.82248,0.86246
custom,1680,50,1,10,0.35345,0.82385,0.91162
custom,1680,50,1,10,0.45134,0.82335,0.94395
custom,1680,50,1,10,0.57633,0.82416,0.96937
custom,1680,50,1,10,0.73594,0.81793,1.00235
custom,1680,50,1,10,0.93975,0.72887,1.01135
custom,1680,50,1,10,1.2,0.62161,1.03735
custom,1680,50,4,10,0.05,0.78612,0.31328
custom,1680,50,4,10,0.06385,0.78882,0.39313
custom,1680,50,4,10,0.08153,0.79087,0.47614
custom,1680,50,4,10,0.10411,0.79229,0.5618
custom,1680,50,4,10,0.13294,0.7936,0.64957
custom,1680,50,4,10,0.16975,0.7947,0.73269
custom,1680,50,4,10,0.21677,0.79392,0.79286
custom,1680,50,4,10,0.2768,0.79486,0.85065
custom,1680,50,4,10,0.35345,0.79244,0.89489
custom,1680,50,4,10,0.45134,0.79189,0.93311
custom,1680,50,4,10,0.57633,0.78994,0.96708
custom,1680,50,4,10,0.73594,0.77802,0.99206
custom,1680,50,4,10,0.93975,0.70328,1.00773
custom,1680,50,4,10,1.2,0.57768,1.02498
custom,1680,50,12,10,0.05,0.74397,0.30318
custom,1680,50,12,10,0.06385,0.74418,0.3599
custom,1680,50,12,10,0.08153,0.74425,0.44963
custom,1680,50,12,10,0.10411,0.74518,0.53542
custom,1680,50,12,10,0.13294,0.73979,0.6306
custom,1680,50,12,10,0.16975,0.738,0.70648
custom,1680,50,12,10,0.21677,0.73235,0.77575
custom,1680,50,12,10,0.2768,0.72749,0.83068
custom,1680,50,12,10,0.35345,0.72399,0.88364
custom,1680,50,12,10,0.45134,0.71788,0.9198
custom,1680,50,12,10,0.57633,0.71216,0.96248
custom,1680,50,12,10,0.73594,0.69492,0.97773
custom,1680,50,12,10,0.93975,0.64419,0.99903
custom,1680,50,12,10,1.2,0.5029,1.00414
custom,1680,50,30,10,0.05,0.66226,0.25965
custom,1680,50,30,10,0.06385,0.66077,0.32101
custom,1680,50,30,10,0.08153,0.65985,0.39694
custom,1680,50,30,10,0.10411,0.65673,0.48029
custom,1680,50,30,10,0.13294,0.64851,0.56366
custom,1680,50,30,10,0.16975,0.63966,0.65193
custom,1680,50,30,10,0.21677,0.63131,0.72015
custom,1680,50,30,10,0.2768,0.61602,0.7878
custom,1680,50,30,10,0.35345,0.60581,0.83967
custom,1680,50,30,10,0.45134,0.59938,0.87733
custom,1680,50,30,10,0.57633,0.57954,0.91637
custom,1680,50,30,10,0.73594,0.56181,0.9467
custom,1680,50,30,10,0.93975,0.51815,0.96284
custom,1680,50,30,10,1.2,0.40742,0.9697
custom,1680,50,60,10,0.05,0.55554,0.2205
custom,1680,50,60,10,0.06385,0.55688,0.26419
custom,1680,50,60,10,0.08153,0.55013,0.33862
custom,1680,50,60,10,0.10411,0.5531,0.41265
custom,1680,50,60,10,0.13294,0.54209,0.49484
custom,1680,50,60,10,0.16975,0.53295,0.56957
custom,1680,50,60,10,0.21677,0.51832,0.64251
custom,1680,50,60,10,0.2768,0.50086,0.71881
custom,1680,50,60,10,0.35345,0.49095,0.77723
custom,1680,50,60,10,0.45134,0.46694,0.83054
custom,1680,50,60,10,0.57633,0.45493,0.86064
custom,1680,50,60,10,0.73594,0.43111,0.89534
custom,1680,50,60,10,0.93975,0.39733,0.93092
custom,1680,50,60,10,1.2,0.33486,0.94704
custom,1680,50,100,10,0.05,0.46169,0.19473
custom,1680,50,100,10,0.06385,0.45607,0.21928
custom,1680,50,100,10,0.08153,0.45193,0.26639
custom,1680,50,100,10,0.10411,0.45336,0.32773
custom,1680,50,100,10,0.13294,0.44004,0.41604
custom,1680,50,100,10,0.16975,0.43425,0.49148
custom,1680,50,100,10,0.21677,0.42266,0.5737
custom,1680,50,100,10,0.2768,0.40894,0.64246
custom,1680,50,100,10,0.35345,0.38975,0.70764
custom,1680,50,100,10,0.45134,0.37341,0.77256
custom,1680,50,100,10,0.57633,0.34832,0.80845
custom,1680,50,100,10,0.73594,0.3389,0.85958
custom,1680,50,100,10,0.93975,0.31052,0.89232
custom,1680,50,100,10,1.2,0.27239,0.92441
custom,1680,50,150,10,0.05,0.3669,0.16749
custom,1680,50,150,10,0.06385,0.37225,0.18818
custom,1680,50,150,10,0.08153,0.37598,0.22711
custom,1680,50,150,10,0.10411,0.36066,0.26713
custom,1680,50,150,10,0.13294,0.36023,0.33758
custom,1680,50,150,10,0.16975,0.35187,0.40724
custom,1680,50,150,10,0.21677,0.34616,0.49191
custom,1680,50,150,10,0.2768,0.33305,0.56039
custom,1680,50,150,10,0.35345,0.31828,0.63176
custom,1680,50,150,10,0.45134,0.30101,0.69201
custom,1680,50,150,10,0.57633,0.28406,0.75734
custom,1680,50,150,10,0.73594,0.27472,0.82213
custom,1680,50,150,10,0.93975,0.24634,0.84738
custom,1680,50,150,10,1.2,0.22063,0.87527
custom,420,10,12,0,0.05,0.84922,0.16029
custom,420,10,12,0,0.06385,0.84838,0.18187
custom,420,10,12,0,0.08153,0.8539,0.19641
custom,420,10,12,0,0.10411,0.85125,0.22504
custom,420,10,12,0,0.13294,0.85248,0.27933
custom,420,10,12,0,0.16975,0.84797,0.33211
custom,420,10,12,0,0.21677,0.84611,0.40433
custom,420,10,12,0,0.2768,0.84547,0.52389
custom,420,10,12,0,0.35345,0.84459,0.70184
custom,420,10,12,0,0.45134,0.83534,0.84266
custom,420,10,12,0,0.57633,0.82469,1.04189
custom,420,10,12,0,0.73594,0.79877,1.17666
custom,420,10,12,0,0.93975,0.75908,1.30975
custom,420,10,12,0,1.2,0.65289,1.32998
custom,420,10,12,5,0.05,0.77852,0.14594
custom,420,10,12,5,0.06385,0.78032,0.16217
custom,420,10,12,5,0.08153,0.78144,0.18626
custom,420,10,12,5,0.10411,0.78292,0.21588
custom,420,10,12,5,0.13294,0.77827,0.249
custom,420,10,12,5,0.16975,0.77614,0.30835
custom,420,10,12,5,0.21677,0.7811,0.39062
custom,420,10,12,5,0.2768,0.77612,0.49579
custom,420,10,12,5,0.35345,0.77705,0.64454
custom,420,10,12,5,0.45134,0.76731,0.81163
custom,420,10,12,5,0.57633,0.75989,0.97222
custom,420,10,12,5,0.73594,0.74075,1.14811
custom,420,10,12,5,0.93975,0.70883,1.28185
custom,420,10,12,5,1.2,0.61847,1.3371
custom,420,10,12,20,0.05,0.62192,0.14937
custom,420,10,12,20,0.06385,0.62005,0.16934
custom,420,10,12,20,0.08153,0.62021,0.16757
custom,420,10,12,20,0.10411,0.61826,0.19418
custom,420,10,12,20,0.13294,0.62191,0.21968
custom,420,10,12,20,0.16975,0.62386,0.26056
custom,420,10,12,20,0.21677,0.62437,0.29804
custom,420,10,12,20,0.2768,0.62365,0.39876
custom,420,10,12,20,0.35345,0.62423,0.5535
custom,420,10,12,20,0.45134,0.62802,0.65032
custom,420,10,12,20,0.57633,0.61811,0.84439
custom,420,10,12,20,0.73594,0.61071,1.01166
custom,420,10,12,20,0.93975,0.58872,1.16164
custom,420,10,12,20,1.2,0.55052,1.22998
custom,420,50,12,0,0.05,0.85431,0.36241
custom,420,50,12,0,0.06385,0.85331,0.37608
custom,420,50,12,0,0.08153,0.85631,0.41989
custom,420,50,12,0,0.10411,0.85011,0.44535
custom,420,50,12,0,0.13294,0.84811,0.48609
custom,420,50,12,0,0.16975,0.84979,0.54132
custom,420,50,12,0,0.21677,0.85018,0.56993
custom,420,50,12,0,0.2768,0.84294,0.62076
custom,420,50,12,0,0.35345,0.8387,0.6986
custom,420,50,12,0,0.45134,0.83053,0.73636
custom,420,50,12,0,0.57633,0.81839,0.79873
custom,420,50,12,0,0.73594,0.805,0.83052
custom,420,50,12,0,0.93975,0.78002,0.87868
custom,420,50,12,0,1.2,0.72821,0.89981
custom,420,50,12,5,0.05,0.78688,0.36461
custom,420,50,12,5,0.06385,0.78816,0.37839
custom,420,50,12,5,0.08153,0.7886,0.39389
custom,420,50,12,5,0.10411,0.78537,0.42294
custom,420,50,12,5,0.13294,0.78487,0.46603
custom,420,50,12,5,0.16975,0.78104,0.50683
custom,420,50,12,5,0.21677,0.78559,0.5566
custom,420,50,12,5,0.2768,0.7817,0.61984
custom,420,50,12,5,0.35345,0.77941,0.68298
custom,420,50,12,5,0.45134,0.76965,0.70748
custom,420,50,12,5,0.57633,0.76002,0.78586
custom,420,50,12,5,0.73594,0.74821,0.82104
custom,420,50,12,5,0.93975,0.72855,0.84452
custom,420,50,12,5,1.2,0.6939,0.89403
custom,420,50,12,20,0.05,0.62983,0.34215
custom,420,50,12,20,0.06385,0.63332,0.35237
custom,420,50,12,20,0.08153,0.62747,0.36431
custom,420,50,12,20,0.10411,0.62996,0.38512
custom,420,50,12,20,0.13294,0.63307,0.42076
custom,420,50,12,20,0.16975,0.62971,0.45891
custom,420,50,12,20,0.21677,0.62988,0.52489
custom,420,50,12,20,0.2768,0.63248,0.55154
custom,420,50,12,20,0.35345,0.62773,0.62488
custom,420,50,12,20,0.45134,0.6255,0.68756
custom,420,50,12,20,0.57633,0.61878,0.71223
custom,420,50,12,20,0.73594,0.61267,0.78813
custom,420,50,12,20,0.93975,0.59392,0.81003
custom,420,50,12,20,1.2,0.57167,0.85388
custom,1680,10,12,0,0.05,0.86992,0.20173
custom,1680,10,12,0,0.06385,0.8716,0.30913
custom,1680,10,12,0,0.08153,0.87204,0.44058
custom,1680,10,12,0,0.10411,0.87019,0.64488
custom,1680,10,12,0,0.13294,0.86579,0.8212
custom,1680,10,12,0,0.16975,0.85894,1.00275
custom,1680,10,12,0,0.21677,0.84692,1.16161
custom,1680,10,12,0,0.2768,0.8354,1.29023
custom,1680,10,12,0,0.35345,0.82061,1.40697
custom,1680,10,12,0,0.45134,0.80332,1.47229
custom,1680,10,12,0,0.57633,0.72261,1.54547
custom,1680,10,12,0,0.73594,0.5833,1.56472
custom,1680,10,12,0,0.93975,0.37164,1.50864
custom,1680,10,12,0,1.2,0.39011,1.63291
custom,1680,10,12,5,0.05,0.8007,0.16995
custom,1680,10,12,5,0.06385,0.8017,0.24477
custom,1680,10,12,5,0.08153,0.80083,0.38872
custom,1680,10,12,5,0.10411,0.80195,0.54481
custom,1680,10,12,5,0.13294,0.79893,0.75399
custom,1680,10,12,5,0.16975,0.79497,0.94423
custom,1680,10,12,5,0.21677,0.78766,1.11245
custom,1680,10,12,5,0.2768,0.78091,1.25502
custom,1680,10,12,5,0.35345,0.76655,1.37403
custom,1680,10,12,5,0.45134,0.74423,1.46627
custom,1680,10,12,5,0.57633,0.67827,1.52742
custom,1680,10,12,5,0.73594,0.56133,1.55625
custom,1680,10,12,5,0.93975,0.35864,1.48004
custom,1680,10,12,5,1.2,0.37342,1.60689
custom,1680,10,12,20,0.05,0.64115,0.12017
custom,1680,10,12,20,0.06385,0.64281,0.1687
custom,1680,10,12,20,0.08153,0.64351,0.25328
custom,1680,10,12,20,0.10411,0.64582,0.36756
custom,1680,10,12,20,0.13294,0.64686,0.57653
custom,1680,10,12,20,0.16975,0.64894,0.75938
custom,1680,10,12,20,0.21677,0.6473,0.96428
custom,1680,10,12,20,0.2768,0.64292,1.11843
custom,1680,10,12,20,0.35345,0.63868,1.26201
custom,1680,10,12,20,0.45134,0.62937,1.38078
custom,1680,10,12,20,0.57633,0.5932,1.47653
custom,1680,10,12,20,0.73594,0.50238,1.51447
custom,1680,10,12,20,0.93975,0.34088,1.4522
custom,1680,10,12,20,1.2,0.34749,1.60104
custom,1680,50,12,0,0.05,0.87414,0.34303
custom,1680,50,12,0,0.06385,0.87151,0.42623
custom,1680,50,12,0,0.08153,0.86782,0.51465
custom,1680,50,12,0,0.10411,0.86457,0.5975
custom,1680,50,12,0,0.13294,0.85869,0.67894
custom,1680,50,12,0,0.16975,0.84964,0.74718
custom,1680,50,12,0,0.21677,0.84551,0.8017
custom,1680,50,12,0,0.2768,0.83538,0.86465
custom,1680,50,12,0,0.35345,0.82578,0.90629
custom,1680,50,12,0,0.45134,0.8195,0.93661
custom,1680,50,12,0,0.57633,0.81199,0.96561
custom,1680,50,12,0,0.73594,0.7876,0.98979
custom,1680,50,12,0,0.93975,0.71598,1.00588
custom,1680,50,12,0,1.2,0.56331,1.01833
custom,1680,50,12,5,0.05,0.80419,0.3237
custom,1680,50,12,5,0.06385,0.80255,0.39297
custom,1680,50,12,5,0.08153,0.80206,0.49185
custom,1680,50,12,5,0.10411,0.80012,0.56085
custom,1680,50,12,5,0.13294,0.79508,0.65502
custom,1680,50,12,5,0.16975,0.78983,0.72775
custom,1680,50,12,5,0.21677,0.78451,0.7912
custom,1680,50,12,5,0.2768,0.77872,0.84362
custom,1680,50,12,5,0.35345,0.77432,0.88526
custom,1680,50,12,5,0.45134,0.76447,0.92444
custom,1680,50,12,5,0.57633,0.75748,0.95699
custom,1680,50,12,5,0.73594,0.73787,0.98352
custom,1680,50,12,5,0.93975,0.66845,0.99979
custom,1680,50,12,5,1.2,0.534,1.00975
custom,1680,50,12,20,0.05,0.64685,0.26443
custom,1680,50,12,20,0.06385,0.64907,0.32116
custom,1680,50,12,20,0.08153,0.65117,0.39848
custom,1680,50,12,20,0.10411,0.6519,0.48644
custom,1680,50,12,20,0.13294,0.65172,0.56963
custom,1680,50,12,20,0.16975,0.65011,0.66064
custom,1680,50,12,20,0.21677,0.64909,0.73994
custom,1680,50,12,20,0.2768,0.64483,0.79772
custom,1680,50,12,20,0.35345,0.64285,0.84174
custom,1680,50,12,20,0.45134,0.63586,0.89614
custom,1680,50,12,20,0.57633,0.63083,0.93459
custom,1680,50,12,20,0.73594,0.62017,0.95783
custom,1680,50,12,20,0.93975,0.57677,0.98147
custom,1680,50,12,20,1.2,0.4654,1.00013
