method,ppdu_dist,N,W_eff,seed,W_eff_utilization,mean_jain,p_success_small,p_success_large,class_gap,p_cond_small,p_cond_large
oracle,bimodal,10,20,42,0.7444000000000001,0.22800000000000006,0.31198719231538924,0.14411353188087148,0.16787366043451776,0.060881790135509824,0.04218347765036274
pnd,bimodal,10,20,42,0.7046,0.21650000000000003,0.29737842705623374,0.1357185688586848,0.16165985819754894,0.053459006367593626,0.03873801916932907
ema_ad_low,bimodal,10,20,42,0.6926,0.2083,0.27876726035621374,0.13791724965020988,0.14085001070600386,0.049523606370875994,0.03997219325686479
consec_L2,bimodal,10,20,42,0.6742,0.20450000000000002,0.27056233740244146,0.13451928842694383,0.13604304897549763,0.04601300071469898,0.03796254512635379
dcf_self_excl,bimodal,10,20,42,0.6374,0.20010000000000003,0.2697618571142686,0.12252648410953428,0.14723537300473433,0.04118797360058665,0.030743768493906413
and,bimodal,10,20,42,0.4864,0.1836,0.28677206323794274,0.06656006396162302,0.22021199927631974,0.029047493564145703,0.008914707929539006
oracle,bimodal,10,20,123,0.7336,0.22960000000000003,0.31810929397686477,0.1385880465302848,0.17952124744657996,0.06063025050366822,0.039884559884559884
pnd,bimodal,10,20,123,0.7054000000000001,0.21370000000000006,0.2846031112883925,0.14039310068190936,0.14421001060648314,0.05189279610167642,0.04141276696444418
ema_ad_low,bimodal,10,20,123,0.6966,0.21090000000000003,0.2836059034702832,0.13778580024067388,0.1458201032296093,0.05089477451682176,0.03978226880537379
consec_L2,bimodal,10,20,123,0.6636,0.20340000000000003,0.262664539289988,0.13377456879261934,0.12888997049736867,0.0432896164086382,0.035450438479936223
dcf_self_excl,bimodal,10,20,123,0.6325999999999999,0.19850000000000004,0.2634623055444755,0.12314480545527477,0.1403175000892007,0.039868413110400194,0.030223972434161948
and,bimodal,10,20,123,0.48679999999999995,0.1836,0.2706422018348624,0.07200160449257922,0.19864059734228315,0.02745851881829219,0.009715832205683356
oracle,bimodal,10,20,456,0.732,0.2348,0.3334647221127316,0.13317092976045472,0.20029379235227687,0.06301910685686618,0.03774236234969219
pnd,bimodal,10,20,456,0.6958,0.21670000000000006,0.2948364209696492,0.134185952090946,0.16065046887870318,0.05193362493924877,0.037008006270645544
ema_ad_low,bimodal,10,20,456,0.6954,0.2111,0.28143476547102875,0.13865205034510758,0.14278271512592117,0.05084745762711865,0.04015993414476392
consec_L2,bimodal,10,20,456,0.671,0.21030000000000001,0.27631060307449745,0.13215590742996347,0.14415469564453398,0.04576614219494679,0.03671535728385314
dcf_self_excl,bimodal,10,20,456,0.6332000000000001,0.19320000000000004,0.25029562475364603,0.12829882257409664,0.12199680217954939,0.03736173217227583,0.031974096934129316
and,bimodal,10,20,456,0.48419999999999996,0.18250000000000002,0.2684272763106031,0.07166057653268372,0.19676669977791938,0.02712336951110226,0.009656417551154393
oracle,bimodal,10,20,789,0.7328000000000001,0.229,0.3141905135241082,0.1402613311555737,0.1739291823685345,0.059902840059790734,0.04055011214732617
pnd,bimodal,10,20,789,0.7058,0.21890000000000004,0.2977263818110545,0.13679052674561046,0.16093585506544403,0.05372236958443855,0.038860854938808656
ema_ad_low,bimodal,10,20,789,0.6888000000000001,0.21500000000000002,0.2945903567228538,0.13209473254389548,0.1624956241789583,0.05164238592633315,0.03783404479270218
consec_L2,bimodal,10,20,789,0.6668000000000001,0.20580000000000004,0.27538220305762445,0.13127807268272765,0.1441041303748968,0.04500752794951469,0.035389949914689856
dcf_self_excl,bimodal,10,20,789,0.6252000000000001,0.19640000000000005,0.25637005096040766,0.12372396896692528,0.13264608199348238,0.037887784954957565,0.030238012075245745
and,bimodal,10,20,789,0.4776,0.18940000000000004,0.2875343002744022,0.06267864434463045,0.22485565592977175,0.028811595341438026,0.008339898399934802
oracle,bimodal,10,20,1234,0.741,0.23130000000000003,0.3252212389380531,0.13842482100238662,0.18679641793566648,0.06275712178840333,0.04069937430559616
pnd,bimodal,10,20,1234,0.7116,0.21480000000000002,0.2902252614641995,0.14021479713603818,0.15001046432816134,0.053667063373995835,0.04049862132352941
ema_ad_low,bimodal,10,20,1234,0.6888000000000001,0.20940000000000003,0.27936444086886564,0.1362370723945903,0.14312736847427535,0.050465048684784186,0.04039153251960611
consec_L2,bimodal,10,20,1234,0.6656,0.20020000000000004,0.26930812550281574,0.1318615751789976,0.13744655032381814,0.044462892246388844,0.036414565826330535
dcf_self_excl,bimodal,10,20,1234,0.6316,0.19200000000000003,0.25563153660498794,0.12509944311853619,0.13053209348645176,0.038425492033739454,0.030494012701798613
and,bimodal,10,20,1234,0.4772,0.18200000000000002,0.2910297666934835,0.06225139220365951,0.22877837448982402,0.02909185950662458,0.008390970993512412
oracle,bimodal,10,50,42,0.8032800000000002,0.5510999999999999,0.6495897538523114,0.4527283629822107,0.19686139087010074,0.06254576284249874,0.04935285658255981
pnd,bimodal,10,50,42,0.7800000000000002,0.5254000000000001,0.6015609365619372,0.4493304017589446,0.1522305348029926,0.0553448466325441,0.0479931682322801
ema_ad_low,bimodal,10,50,42,0.7553600000000001,0.5038,0.5675405243145888,0.44013591844893063,0.12740460586565816,0.0496559452313834,0.0455674199155699
consec_L2,bimodal,10,50,42,0.7338400000000002,0.4929,0.5617370422253352,0.4241455126923846,0.13759152953295056,0.04556226464095572,0.040214528019406066
dcf_self_excl,bimodal,10,50,42,0.6731200000000002,0.4478,0.5023013808284971,0.39336398161103336,0.1089373992174637,0.03451357854932967,0.03141010294469715
and,bimodal,10,50,42,0.63176,0.4363,0.5195117070242146,0.3531880871477114,0.16632361987650318,0.028925113371736734,0.021329502794442498
oracle,bimodal,10,50,123,0.8004000000000001,0.5560999999999999,0.6659353809333866,0.4456478138788608,0.22028756705452573,0.06394714162596955,0.04751721483255635
pnd,bimodal,10,50,123,0.7728800000000001,0.5240999999999999,0.604507379337854,0.4432410750100281,0.16126630432782596,0.05436771300448431,0.04614067686911497
ema_ad_low,bimodal,10,50,123,0.7504800000000001,0.5089,0.5869565217391305,0.4304051343762535,0.156551387362877,0.05135408668946744,0.04421733665753199
consec_L2,bimodal,10,50,123,0.7284,0.48610000000000003,0.5462704427602713,0.42559165663858806,0.1206787861216832,0.042918925694945,0.03977730706506458
dcf_self_excl,bimodal,10,50,123,0.66568,0.4541,0.5287195851615477,0.37906137184115524,0.14965821332039247,0.03564034309375924,0.02956266032659701
and,bimodal,10,50,123,0.6256000000000002,0.4368,0.526924611088951,0.3461692739671079,0.18075533712184305,0.028728008176934956,0.02088450601972291
oracle,bimodal,10,50,456,0.7975200000000002,0.5542999999999999,0.6562869530942057,0.44924888347543646,0.20703806961876925,0.06251525334634953,0.048003297108522594
pnd,bimodal,10,50,456,0.7726400000000001,0.5307999999999999,0.617461568782026,0.4415347137637028,0.17592685501832317,0.055766184297182324,0.044855534244880285
ema_ad_low,bimodal,10,50,456,0.7560000000000002,0.509,0.573512022073315,0.44254973609419407,0.1309622859791209,0.05045338696534147,0.04532789953008691
consec_L2,bimodal,10,50,456,0.7336000000000001,0.49360000000000004,0.5555774536854553,0.42976045473000407,0.12581699895545123,0.045047780370098114,0.0410788784321335
dcf_self_excl,bimodal,10,50,456,0.6666400000000001,0.4541,0.5212849822625147,0.3848964677222899,0.13638851454022483,0.03497104476822593,0.03069103387992295
and,bimodal,10,50,456,0.63144,0.4363,0.5120220733149389,0.3583028826634186,0.1537191906515203,0.028112319428664177,0.021730030532847434
oracle,bimodal,10,50,789,0.7961600000000002,0.5546,0.6552332418659349,0.4497754185381789,0.20545782332775603,0.062318246215793,0.047635522304149455
pnd,bimodal,10,50,789,0.7727200000000002,0.5288999999999999,0.6083888671109369,0.44610044916292363,0.16228841794801324,0.05491958456448274,0.04570842834131749
ema_ad_low,bimodal,10,50,789,0.7536800000000001,0.5117,0.5811446491571932,0.4393630053082891,0.14178164384890413,0.05112950508708398,0.044926931106471814
consec_L2,bimodal,10,50,789,0.7243200000000002,0.491,0.5562524500196001,0.4230298080849326,0.13322264193466749,0.04340644214003854,0.03905233993629493
dcf_self_excl,bimodal,10,50,789,0.6649600000000001,0.4524,0.515484123872991,0.38668844426296445,0.12879567961002658,0.03442633680214674,0.030468775135935138
and,bimodal,10,50,789,0.6265600000000002,0.44320000000000004,0.5354762838102705,0.347080440996325,0.18839584281394545,0.02921456450836764,0.0206614081357333
oracle,bimodal,10,50,1234,0.7960800000000001,0.5485,0.6540627514078842,0.4441129673826571,0.20994978402522707,0.06195465803010097,0.0476078799249531
pnd,bimodal,10,50,1234,0.7776000000000002,0.525,0.6063958165728077,0.4445107398568019,0.16188507671600583,0.05584677792801971,0.04677983129957929
ema_ad_low,bimodal,10,50,1234,0.7575200000000002,0.5067,0.5764279967819791,0.4377486077963405,0.13867938898563859,0.051308675570195854,0.045901981230448384
consec_L2,bimodal,10,50,1234,0.7229600000000002,0.4883,0.5643604183427192,0.41308671439936356,0.15127370394335565,0.04449800980034571,0.038016619687374166
dcf_self_excl,bimodal,10,50,1234,0.66696,0.44470000000000004,0.503218020917136,0.3868337311058075,0.11638428981132848,0.03375015175427947,0.03050980392156863
and,bimodal,10,50,1234,0.6266400000000001,0.4333,0.5195092518101367,0.34805091487669054,0.1714583369334462,0.02848383930835989,0.020827134781315086
oracle,bimodal,10,100,42,0.7607200000000001,0.9622,0.9853912347408446,0.9390365780531681,0.046354656687676465,0.07376336998531924,0.07088217987597882
pnd,bimodal,10,100,42,0.7499600000000001,0.9503000000000001,0.9765859515709425,0.9240455726564062,0.052540378914536334,0.06815166538649535,0.06612504112253802
ema_ad_low,bimodal,10,100,42,0.72336,0.9186000000000001,0.9479687812687613,0.8892664401359185,0.058702341132842784,0.05905158443242165,0.057616099873086586
consec_L2,bimodal,10,100,42,0.71608,0.9104000000000001,0.941564938963378,0.8792724365380772,0.06229250242530082,0.05433213621718997,0.05241459840099134
dcf_self_excl,bimodal,10,100,42,0.6483199999999999,0.8262,0.8583149889933961,0.7941235258844693,0.06419146310892676,0.03841916210575347,0.0373816826932124
and,bimodal,10,100,42,0.67976,0.8684000000000001,0.9063438062837703,0.8305016989806117,0.07584210730315866,0.039145015471313244,0.03644800785978702
oracle,bimodal,10,100,123,0.76068,0.9631000000000001,0.9848424411647387,0.9412354592860008,0.043606981878737905,0.07320327324478178,0.06982903566592766
pnd,bimodal,10,100,123,0.7475200000000001,0.9490000000000001,0.9754686876745113,0.9223826714801444,0.053086016194366925,0.06703397612488522,0.0646935531516831
ema_ad_low,bimodal,10,100,123,0.72408,0.9202,0.947746310331073,0.892498997192138,0.05524731313893505,0.06059060539603203,0.05688863889137466
consec_L2,bimodal,10,100,123,0.7184,0.9106000000000001,0.9331870761866773,0.8878860810268753,0.045300995159802016,0.05290712137316538,0.05252417393367741
dcf_self_excl,bimodal,10,100,123,0.64588,0.8257000000000001,0.8599920223374551,0.7912154031287605,0.0687766192086946,0.0386806247028535,0.03650377992245838
and,bimodal,10,100,123,0.67564,0.8647,0.9024730753889111,0.8267148014440433,0.07575827394486778,0.03814477311236059,0.03594568904624454
oracle,bimodal,10,100,456,0.7576400000000001,0.9651000000000001,0.9865983445013796,0.9429557450263906,0.04364259947498905,0.07361656446228731,0.07076262149233722
pnd,bimodal,10,100,456,0.7435200000000001,0.9498000000000001,0.9761529365392195,0.9226552984165651,0.0534976381226544,0.06790698949792975,0.0633926578888641
ema_ad_low,bimodal,10,100,456,0.7191600000000001,0.9221000000000001,0.9542767047694127,0.888956557044255,0.0653201477251577,0.06064325434597465,0.057211915338385155
consec_L2,bimodal,10,100,456,0.71312,0.9132000000000001,0.9428458809617659,0.8826634185952091,0.06018246236655678,0.05468803584901347,0.052725398653974416
dcf_self_excl,bimodal,10,100,456,0.64744,0.8304000000000001,0.8598738667717777,0.8000406008932196,0.059833265878558084,0.038432401959057116,0.03757950243632653
and,bimodal,10,100,456,0.67564,0.8691,0.9048088293259756,0.832318311002842,0.07249051832313358,0.03830238107156563,0.03658329838587349
oracle,bimodal,10,100,789,0.7537600000000001,0.9624000000000001,0.9827518620148962,0.9412004899959167,0.041551372018979515,0.07263613843457098,0.06996403150657905
pnd,bimodal,10,100,789,0.7418800000000001,0.9509000000000001,0.9780478243825951,0.9226214781543487,0.05542634622824638,0.0678763806518309,0.06434480500064074
ema_ad_low,bimodal,10,100,789,0.7196400000000001,0.9243000000000002,0.9543316346530772,0.8930175581870151,0.06131407646606213,0.06106554293024306,0.05773419041459326
consec_L2,bimodal,10,100,789,0.7133999999999999,0.9165000000000001,0.946687573500588,0.8850551245406288,0.06163244895995912,0.05399724982951179,0.052016462880524125
dcf_self_excl,bimodal,10,100,789,0.6434,0.8287,0.8600548804390435,0.796039199673336,0.06401568076570752,0.03810450081193501,0.037114246006815545
and,bimodal,10,100,789,0.6715199999999999,0.8656,0.8996471971775775,0.8301347488770927,0.06951244830048475,0.03806254198074483,0.03572495475073365
oracle,bimodal,10,100,1234,0.7602800000000001,0.9593,0.9827031375703942,0.9361575178997613,0.046545619670632865,0.07245280780580393,0.06938179888564606
pnd,bimodal,10,100,1234,0.74976,0.9478000000000001,0.9744569589702333,0.9214399363564041,0.053017022613829234,0.06837908404488038,0.06521769732118977
ema_ad_low,bimodal,10,100,1234,0.724,0.9180000000000001,0.9493161705551086,0.8870326173428799,0.06228355321222878,0.060488780100216584,0.057772020725388604
consec_L2,bimodal,10,100,1234,0.71532,0.9075000000000001,0.9394609814963797,0.8758949880668258,0.06356599342955394,0.05386859798641464,0.05090917498005942
dcf_self_excl,bimodal,10,100,1234,0.64864,0.8232,0.8527755430410298,0.7939538583929993,0.0588216846480305,0.03769994754016734,0.037167037530142354
and,bimodal,10,100,1234,0.67716,0.8617000000000001,0.8972244569589702,0.8265712012728719,0.07065325568609837,0.037860270903350646,0.035721960066355515
oracle,bimodal,10,200,42,0.40012000000000014,1.0,1.0,1.0,0.0,0.07450536015148579,0.07469616889127774
pnd,bimodal,10,200,42,0.40012000000000014,1.0,1.0,1.0,0.0,0.06935557745423254,0.07026093306743814
ema_ad_low,bimodal,10,200,42,0.40012000000000014,1.0,1.0,1.0,0.0,0.06123999656850129,0.06221166639724443
consec_L2,bimodal,10,200,42,0.40012000000000014,1.0,1.0,1.0,0.0,0.05659180738173705,0.05729894404104725
dcf_self_excl,bimodal,10,200,42,0.39924000000000015,0.9982000000000001,0.9989993996397839,0.9974015590645613,0.0015978405752226088,0.04002341112990772,0.04045202503323714
and,bimodal,10,200,42,0.40012000000000014,1.0,1.0,1.0,0.0,0.0416708362520431,0.04119288943047928
oracle,bimodal,10,200,123,0.39944000000000013,1.0,1.0,1.0,0.0,0.07405766276734019,0.0734683051896384
pnd,bimodal,10,200,123,0.39944000000000013,1.0,1.0,1.0,0.0,0.06824368466898954,0.06892547588437772
ema_ad_low,bimodal,10,200,123,0.39944000000000013,1.0,1.0,1.0,0.0,0.06268361899761217,0.06126737199100527
consec_L2,bimodal,10,200,123,0.39944000000000013,1.0,1.0,1.0,0.0,0.05550696881469263,0.0571101311494187
dcf_self_excl,bimodal,10,200,123,0.39854000000000006,0.9979,0.9982050259274032,0.9975932611311673,0.0006117647962359252,0.04056737588652482,0.03966886783424251
and,bimodal,10,200,123,0.3993800000000001,0.9999,1.0,0.9997994384275972,0.00020056157240277983,0.04068484258357676,0.040847263192395934
oracle,bimodal,10,200,456,0.39704000000000006,1.0,1.0,1.0,0.0,0.07427684740601943,0.07426279925224627
pnd,bimodal,10,200,456,0.39704000000000006,1.0,1.0,1.0,0.0,0.06910735201983056,0.06740281597635565
ema_ad_low,bimodal,10,200,456,0.39704000000000006,1.0,1.0,1.0,0.0,0.06248460666962219,0.06182539284100608
consec_L2,bimodal,10,200,456,0.39704000000000006,1.0,1.0,1.0,0.0,0.05689744107291036,0.05756152282128584
dcf_self_excl,bimodal,10,200,456,0.39600000000000013,0.9977999999999999,0.9986204178163185,0.9969549330085262,0.0016654848077922724,0.040226736847119346,0.04033443662376701
and,bimodal,10,200,456,0.3970200000000001,0.9999,0.9998029168309026,1.0,-0.00019708316909738954,0.04088458345758013,0.04120279369327924
oracle,bimodal,10,200,789,0.39592000000000005,1.0,1.0,1.0,0.0,0.07360281600738625,0.07359879789631855
pnd,bimodal,10,200,789,0.39592000000000005,1.0,1.0,1.0,0.0,0.06892173020290168,0.06848529761322165
ema_ad_low,bimodal,10,200,789,0.39592000000000005,1.0,1.0,1.0,0.0,0.06292007350130108,0.06221104506426866
consec_L2,bimodal,10,200,789,0.39592000000000005,1.0,1.0,1.0,0.0,0.05613625860968686,0.056653750506043606
dcf_self_excl,bimodal,10,200,789,0.3956000000000001,0.999,0.9986279890239121,0.9993875051041241,-0.0007595160802119638,0.04003425895368755,0.04041479866907752
and,bimodal,10,200,789,0.39586000000000005,0.9999,1.0,0.999795835034708,0.00020416496529196415,0.040659218055179226,0.040291925159209464
oracle,bimodal,10,200,1234,0.40112000000000014,1.0,1.0,1.0,0.0,0.07336471352053238,0.07329232383895513
pnd,bimodal,10,200,1234,0.40100000000000013,0.9997999999999999,1.0,0.9996022275258553,0.00039777247414474193,0.06952290396554617,0.06920577219651906
ema_ad_low,bimodal,10,200,1234,0.40112000000000014,1.0,1.0,1.0,0.0,0.06250157133878063,0.0625077699594719
consec_L2,bimodal,10,200,1234,0.40112000000000014,1.0,1.0,1.0,0.0,0.056229078078349766,0.055742175807363556
dcf_self_excl,bimodal,10,200,1234,0.3998600000000001,0.9973,0.9981898632341111,0.9964200477326969,0.0017698155014141959,0.03969479080853242,0.04022384045346158
and,bimodal,10,200,1234,0.40100000000000013,0.9997999999999999,1.0,0.9996022275258553,0.00039777247414474193,0.04056788511749347,0.04039218837900828
oracle,bimodal,20,20,42,0.727,0.11555000000000001,0.16508158974872358,0.06612726001398461,0.09895432973473897,0.029018917729872414,0.018099794941900206
pnd,bimodal,20,20,42,0.7008000000000001,0.1078,0.14535989588547402,0.06832484267305963,0.07703505321241438,0.024716155718589886,0.019010561423012783
ema_ad_low,bimodal,20,20,42,0.692,0.10650000000000001,0.14365802382620882,0.06742583158525622,0.0762321922409526,0.024154182797508836,0.018651561204752694
consec_L2,bimodal,20,20,42,0.6645999999999999,0.10785000000000003,0.1395535088597457,0.06422934771751074,0.07532416114223497,0.021719823623813903,0.01689348956964952
dcf_self_excl,bimodal,20,20,42,0.6243999999999998,0.096,0.12904194614075484,0.06103286384976526,0.06800908229098959,0.01829121198790992,0.01466529054556801
and,bimodal,20,20,42,0.2492,0.25559999999999994,0.10761838021824006,0.005693736889421637,0.10192464332881843,0.00769120698290048,0.0006490105435747956
oracle,bimodal,20,20,123,0.7176000000000001,0.11570000000000001,0.16298760205624432,0.06518503819823396,0.09780256385801037,0.02841328413284133,0.01796554552912223
pnd,bimodal,20,20,123,0.7034000000000001,0.10875000000000001,0.1485737324866445,0.0675662268082151,0.08100750567842939,0.02547352412553574,0.018566988385408146
ema_ad_low,bimodal,20,20,123,0.6994,0.10775,0.14353391795181938,0.06855838872904058,0.07497552922277881,0.024424966981698427,0.019191245903460535
consec_L2,bimodal,20,20,123,0.6726,0.10075000000000002,0.13214393710311462,0.06786387538446274,0.06428006171865187,0.021273143265127296,0.018320119991429185
dcf_self_excl,bimodal,20,20,123,0.613,0.09595000000000002,0.12962402983570204,0.05883520190495089,0.07078882793075114,0.017971686906941318,0.013584715476954091
and,bimodal,20,20,123,0.25160000000000005,0.2305,0.11349662332426166,0.004365512451632106,0.10913111087262956,0.008140190564319073,0.0004972481833489665
oracle,bimodal,20,20,456,0.7328000000000001,0.11570000000000001,0.1624380574826561,0.0681130171543895,0.09432504032826661,0.02915955024195844,0.01967012472316121
pnd,bimodal,20,20,456,0.6972,0.10800000000000003,0.14539147670961347,0.06791120080726538,0.07748027590234809,0.024798417769663777,0.018689772001444085
ema_ad_low,bimodal,20,20,456,0.692,0.10950000000000001,0.15113974231912786,0.06508577194752775,0.0860539703716001,0.0251169378746953,0.017623913875075142
consec_L2,bimodal,20,20,456,0.6584000000000001,0.10760000000000003,0.13597621407333993,0.06458123107971746,0.07139498299362247,0.020777175394493745,0.01673115131234968
dcf_self_excl,bimodal,20,20,456,0.6184,0.09370000000000002,0.12537165510406342,0.061453077699293646,0.06391857740476978,0.01748106793433199,0.014338858542098324
and,bimodal,20,20,456,0.2364,0.26489999999999997,0.1016848364717542,0.005247225025227043,0.09643761144652717,0.007179996780898129,0.000596132020314345
oracle,bimodal,20,20,789,0.7264,0.11380000000000001,0.15806132542037588,0.0685540950455005,0.08950723037487537,0.02801051709027169,0.019409137753349365
pnd,bimodal,20,20,789,0.705,0.10815000000000001,0.14658753709198813,0.06885743174924165,0.07773010534274648,0.024817884953529264,0.018659579131959668
ema_ad_low,bimodal,20,20,789,0.6968,0.10720000000000002,0.14282888229475765,0.06875631951466127,0.07407256278009638,0.024093169152734673,0.018880497556641493
consec_L2,bimodal,20,20,789,0.67,0.10380000000000002,0.1363996043521266,0.06643073811931244,0.06996886623281418,0.021739130434782608,0.01778511680788284
dcf_self_excl,bimodal,20,20,789,0.6212000000000001,0.0964,0.1265084075173096,0.061577350859454,0.0649310566578556,0.01766940664502314,0.015074257425742574
and,bimodal,20,20,789,0.24520000000000003,0.2625,0.10702274975272008,0.004853387259858443,0.10216936249286164,0.007622831860900931,0.0005519271456167786
oracle,bimodal,20,20,1234,0.7314,0.11385000000000002,0.15609022556390978,0.06982543640897755,0.08626478915493223,0.02813821520222648,0.019937907659004814
pnd,bimodal,20,20,1234,0.7044000000000001,0.10990000000000001,0.15398496240601503,0.06603491271820448,0.08795004968781055,0.02641217436161981,0.017851364469852228
ema_ad_low,bimodal,20,20,1234,0.6972,0.10740000000000002,0.14526315789473684,0.06773067331670823,0.07753248457802861,0.024603942743619784,0.018852732119058198
consec_L2,bimodal,20,20,1234,0.6646,0.10365000000000002,0.1331328320802005,0.06633416458852869,0.0667986674916718,0.021076688674454037,0.017494475428811954
dcf_self_excl,bimodal,20,20,1234,0.6137999999999999,0.09695000000000002,0.12571428571428572,0.06034912718204489,0.06536515853224084,0.01740844601160563,0.014444311806135849
and,bimodal,20,20,1234,0.24780000000000002,0.23014999999999997,0.10977443609022557,0.004788029925187032,0.10498640616503853,0.007812054106500771,0.000542562931648374
oracle,bimodal,20,50,42,0.7872800000000002,0.27435000000000004,0.33136450095104614,0.21746079312755967,0.11390370782348647,0.02630094317883847,0.020335531600874326
pnd,bimodal,20,50,42,0.7697600000000002,0.26289999999999997,0.30793873260586646,0.2179602437318949,0.08997848887397156,0.023492213812749643,0.019974002672964612
ema_ad_low,bimodal,20,50,42,0.7651200000000001,0.25889999999999996,0.298828711582741,0.21905903506143243,0.07976967652130856,0.02264966992943319,0.02026090652081524
consec_L2,bimodal,20,50,42,0.7320000000000002,0.24630000000000002,0.2817098808689559,0.21096793527120167,0.07074194559775421,0.019537189394097185,0.017573785769560406
dcf_self_excl,bimodal,20,50,42,0.6704000000000001,0.2277,0.2643908299129042,0.19108980121865948,0.07330102869424471,0.015623983198745821,0.013386983904828552
and,bimodal,20,50,42,0.4030400000000001,0.1535,0.20882971268395234,0.09829187893317351,0.11053783375077883,0.006892267840268554,0.0035469429244976967
oracle,bimodal,20,50,123,0.7862400000000003,0.2719,0.3268823707287572,0.2177795416211926,0.10910282910756461,0.026003078995477727,0.020034135611474678
pnd,bimodal,20,50,123,0.7741600000000002,0.26435000000000003,0.31166213083358535,0.2177795416211926,0.09388258921239276,0.02413268292682927,0.019954545454545454
ema_ad_low,bimodal,20,50,123,0.7642400000000003,0.25635,0.2937203910896079,0.21956543307867843,0.07415495801092947,0.02227147661265668,0.020301262292675766
consec_L2,bimodal,20,50,123,0.7314400000000002,0.24375000000000002,0.27628263279911297,0.21172735390415715,0.06455527889495583,0.019197097673376195,0.01791636232358596
dcf_self_excl,bimodal,20,50,123,0.6677600000000001,0.22835000000000003,0.26983167019453685,0.18751860303601547,0.08231306715852138,0.015783453610678743,0.013104705906824847
and,bimodal,20,50,123,0.4097600000000001,0.156,0.2075395625440984,0.10129973211628138,0.10623983042781701,0.0069188455373614295,0.0036984847442032317
oracle,bimodal,20,50,456,0.7908800000000002,0.27429999999999993,0.3256689791873142,0.22199798183652875,0.10367099735078544,0.0261690876656473,0.021148355715343133
pnd,bimodal,20,50,456,0.7726400000000001,0.2616,0.299207135777998,0.22330978809283553,0.07589734768516249,0.02300208001584774,0.020451352949874317
ema_ad_low,bimodal,20,50,456,0.7610400000000002,0.26095,0.3044598612487612,0.21664984863773964,0.08781001261102153,0.022957753846843683,0.01963545906002213
consec_L2,bimodal,20,50,456,0.7276000000000001,0.24515,0.27819623389494547,0.21150353178607467,0.0666927021088708,0.01898096493897285,0.017431223179534945
dcf_self_excl,bimodal,20,50,456,0.6686400000000001,0.22920000000000001,0.26729435084241826,0.19041372351160443,0.07688062733081383,0.015559735074885192,0.013406368557909545
and,bimodal,20,50,456,0.40760000000000013,0.15505000000000002,0.20555004955401388,0.10161453077699294,0.10393551877702094,0.006817143439403352,0.003681537837215339
oracle,bimodal,20,50,789,0.7902400000000002,0.2756,0.32927794263105836,0.22072800808897877,0.10854993454207959,0.026317037692891475,0.020611840241714665
pnd,bimodal,20,50,789,0.77192,0.26285000000000003,0.30276953511374877,0.22204246713852377,0.080727067975225,0.023175874679164425,0.0204692262520623
ema_ad_low,bimodal,20,50,789,0.7647200000000003,0.25844999999999996,0.29416419386745796,0.22194135490394337,0.07222283896351459,0.022331854054500538,0.020446183223883377
consec_L2,bimodal,20,50,789,0.7328000000000002,0.2459,0.27665677546983186,0.21445904954499495,0.06219772592483691,0.01931309727669447,0.018053522181743897
dcf_self_excl,bimodal,20,50,789,0.67072,0.22860000000000003,0.26369930761622157,0.19271991911021233,0.07097938850600924,0.01543315291325364,0.013493996375169914
and,bimodal,20,50,789,0.4113600000000001,0.15530000000000002,0.20652818991097924,0.10293225480283114,0.1035959351081481,0.006893591732972366,0.0037479106686596616
oracle,bimodal,20,50,1234,0.7880000000000003,0.2702,0.3188972431077694,0.22174563591022445,0.09715160719754495,0.025349643383671357,0.02094976015681692
pnd,bimodal,20,50,1234,0.7716000000000002,0.26525,0.3142857142857143,0.21645885286783043,0.09782686141788385,0.02419186813695607,0.019715622586653343
ema_ad_low,bimodal,20,50,1234,0.7630400000000002,0.25660000000000005,0.2936340852130326,0.2197506234413965,0.07388346177163607,0.022257177160747123,0.020339014347175804
consec_L2,bimodal,20,50,1234,0.72448,0.2459,0.2856140350877193,0.20638403990024937,0.07922999518746995,0.019489270298187887,0.01694707009812755
dcf_self_excl,bimodal,20,50,1234,0.6665600000000002,0.2258,0.26145363408521305,0.19032418952618455,0.0711294445590285,0.015148258937647026,0.013307666555071979
and,bimodal,20,50,1234,0.4135200000000001,0.15325,0.2018045112781955,0.10493765586034913,0.09686685541784636,0.006769094192298768,0.0038573089037102766
oracle,bimodal,20,100,42,0.8100000000000002,0.5350999999999999,0.5934527980778856,0.4768754370192788,0.11657736105860683,0.028295402474415764,0.023859740311665982
pnd,bimodal,20,100,42,0.79728,0.523,0.5730303333667034,0.473079612426331,0.09995072094037238,0.026329710161593765,0.02331420019887958
ema_ad_low,bimodal,20,100,42,0.7833199999999999,0.51085,0.5540094103513865,0.4677854360203776,0.08622397433100892,0.02474258147301968,0.022500576568265682
consec_L2,bimodal,20,100,42,0.7483999999999998,0.48130000000000006,0.5089598558414256,0.4537009289781241,0.05525892686330147,0.02029954202252754,0.01965102343672258
dcf_self_excl,bimodal,20,100,42,0.6736799999999998,0.43710000000000004,0.46971668835719294,0.4045549895115373,0.06516169884565565,0.015316665197677038,0.014215015267979362
and,bimodal,20,100,42,0.57172,0.38205,0.43197517268995894,0.3322345420037958,0.09974063068616312,0.009831911902423687,0.00788581454347156
oracle,bimodal,20,100,123,0.81196,0.53225,0.5864328192722508,0.47891655918245857,0.1075162600897922,0.02817283340838987,0.024223537027836743
pnd,bimodal,20,100,123,0.8004000000000001,0.5206000000000001,0.5657695796794678,0.47613850580414724,0.0896310738753206,0.026410637657155765,0.023578486044032173
ema_ad_low,bimodal,20,100,123,0.78388,0.5054500000000001,0.5407720995867352,0.4706816152396071,0.07009048434712811,0.024094599935328566,0.022715519718067075
consec_L2,bimodal,20,100,123,0.75008,0.48310000000000003,0.5157746194940026,0.4509375930151801,0.0648370264788225,0.020611372708560748,0.01953066249554168
dcf_self_excl,bimodal,20,100,123,0.67664,0.43639999999999995,0.46709001108759196,0.40619109038595097,0.06089892070164099,0.015328027732020825,0.014336892459298844
and,bimodal,20,100,123,0.5788799999999998,0.3856,0.43664953129724826,0.3353507292390118,0.10129880205823644,0.010088331117098696,0.008098000177293495
oracle,bimodal,20,100,456,0.8122,0.5351500000000001,0.5849355797819623,0.484460141271443,0.10047543851051932,0.0281469823783294,0.024662248934093595
pnd,bimodal,20,100,456,0.79468,0.5206500000000001,0.5635282457879088,0.4769929364278507,0.08653530936005815,0.025585759090684102,0.023309712955703162
ema_ad_low,bimodal,20,100,456,0.7777200000000001,0.5110500000000001,0.55599603567889,0.4652875882946519,0.09070844738423811,0.024640819428034314,0.021889078247164767
consec_L2,bimodal,20,100,456,0.7485999999999999,0.48865,0.5254707631318136,0.45116044399596367,0.07431031913584996,0.02082776826259801,0.01933915540964319
dcf_self_excl,bimodal,20,100,456,0.67704,0.43800000000000006,0.4635282457879088,0.41200807265388495,0.05152017313402385,0.015095618494311305,0.01456658782228977
and,bimodal,20,100,456,0.57404,0.38765,0.44142715559960355,0.33289606458123105,0.1085310910183725,0.010098307728583607,0.00792821111776001
oracle,bimodal,20,100,789,0.81084,0.53525,0.5857566765578635,0.48361981799797776,0.10213685855988569,0.028077661617239173,0.024422499540450563
pnd,bimodal,20,100,789,0.797,0.5190499999999999,0.5547972304648863,0.48250758341759353,0.07228964704729274,0.025356684327589012,0.023910570857363322
ema_ad_low,bimodal,20,100,789,0.7806000000000001,0.50785,0.541839762611276,0.4731041456016178,0.06873561700965819,0.023983608136388713,0.02265662073039638
consec_L2,bimodal,20,100,789,0.75228,0.49035,0.5249258160237389,0.455005055611729,0.0699207604120099,0.021203488766985364,0.019868777761097817
dcf_self_excl,bimodal,20,100,789,0.67248,0.43810000000000004,0.4685459940652819,0.4069767441860465,0.0615692498792354,0.015141054408070115,0.014359102422318148
and,bimodal,20,100,789,0.5802,0.38635,0.429080118694362,0.34266936299292217,0.08641075570143986,0.00992073474727054,0.008254699747170895
oracle,bimodal,20,100,1234,0.8108000000000001,0.5285,0.5734335839598997,0.4837905236907731,0.08964306026912666,0.027272120455043913,0.024739975209014532
pnd,bimodal,20,100,1234,0.7989200000000001,0.52065,0.5647117794486216,0.4768079800498753,0.08790379939874632,0.026219146074109932,0.023629559689355328
ema_ad_low,bimodal,20,100,1234,0.78372,0.50555,0.5383458646616541,0.47291770573566083,0.0654281589259933,0.024053212694004615,0.022846651310273042
consec_L2,bimodal,20,100,1234,0.75072,0.4895,0.5314285714285715,0.4477805486284289,0.08364802280014255,0.021436716999749278,0.01927370463874148
dcf_self_excl,bimodal,20,100,1234,0.67328,0.4324,0.4567418546365915,0.4081795511221945,0.048562303514397,0.014760243239478143,0.014407639006253168
and,bimodal,20,100,1234,0.5794400000000001,0.3843000000000001,0.42967418546365915,0.33915211970074816,0.090522065762911,0.009911522433896204,0.008205544051704582
oracle,bimodal,20,200,42,0.7763,0.97665,0.990289318250075,0.9630406552791929,0.02724866297088213,0.03669751998664465,0.035170214939224585
pnd,bimodal,20,200,42,0.76956,0.9685,0.9826809490439483,0.9543502147637599,0.028330734280188397,0.03477262824532132,0.033620483369227086
ema_ad_low,bimodal,20,200,42,0.75682,0.95435,0.9720692762038242,0.9366696633702927,0.035399612833531546,0.03233627057232868,0.030967226324619224
consec_L2,bimodal,20,200,42,0.73832,0.9315999999999999,0.95004504955451,0.9131954849665368,0.03684956458797317,0.027437102826975673,0.02682519608332184
dcf_self_excl,bimodal,20,200,42,0.6479400000000001,0.81625,0.8298127940734809,0.8027170112875837,0.027095782785897193,0.017848990947381113,0.01763537609041532
and,bimodal,20,200,42,0.6668599999999999,0.84205,0.8599459405345881,0.8241933872739986,0.03575255326058946,0.015374619885343638,0.014986940237509672
oracle,bimodal,20,200,123,0.7791,0.97595,0.9879044451164197,0.9641829546582003,0.023721490458219474,0.03658673157038121,0.03548411831934246
pnd,bimodal,20,200,123,0.77188,0.9677,0.9811510936397541,0.9544597678341106,0.026691325805643484,0.03491942774325934,0.03377844569991959
ema_ad_low,bimodal,20,200,123,0.7595200000000001,0.9532,0.9684507610119948,0.9381883123325727,0.03026244867942207,0.03178636177167282,0.03123719922303413
consec_L2,bimodal,20,200,123,0.73886,0.9306500000000001,0.9523233545005544,0.9093164004365513,0.04300695406400312,0.027524085031011208,0.026696222331615727
dcf_self_excl,bimodal,20,200,123,0.65376,0.82,0.8321741759903235,0.8080166683202699,0.024157507670053646,0.018040617611453695,0.017898507725104942
and,bimodal,20,200,123,0.6709599999999999,0.845,0.8644289890132043,0.8258755828951285,0.038553406118075784,0.015702962066433637,0.015228296384651691
oracle,bimodal,20,200,456,0.77354,0.97705,0.988404360753221,0.965489404641776,0.022914956111445006,0.036792863519984655,0.0359117369975716
pnd,bimodal,20,200,456,0.7661600000000001,0.9682999999999999,0.9806739345887017,0.9557013118062563,0.024972622782445386,0.034112455614162096,0.03365408532381974
ema_ad_low,bimodal,20,200,456,0.7541199999999999,0.9554,0.9721506442021803,0.9383451059535822,0.03380553824859811,0.032260080247319606,0.030655976580271253
consec_L2,bimodal,20,200,456,0.7350599999999999,0.9323499999999999,0.9508424182358771,0.9135216952573159,0.03732072297856126,0.027492334584634782,0.02675963914539414
dcf_self_excl,bimodal,20,200,456,0.6509199999999999,0.8215,0.8297324083250743,0.8131180625630676,0.01661434576200671,0.01780303110852151,0.018100665577961125
and,bimodal,20,200,456,0.6644000000000001,0.8469000000000001,0.8718533201189297,0.8214934409687185,0.05035987915021123,0.01570553505403297,0.014906652604132334
oracle,bimodal,20,200,789,0.77332,0.978,0.9898120672601385,0.9659251769464106,0.023886890313727926,0.03663139090932385,0.035741811896227896
pnd,bimodal,20,200,789,0.76728,0.97,0.9810089020771513,0.9587462082912033,0.02226269378594803,0.034205779597242296,0.03425107824792839
ema_ad_low,bimodal,20,200,789,0.7544000000000001,0.9556,0.9701285855588526,0.9407482305358948,0.02938035502295777,0.03184818856933183,0.031241080812456138
consec_L2,bimodal,20,200,789,0.7388399999999999,0.9362999999999999,0.9513353115727003,0.9209302325581395,0.0304050790145608,0.02785395929927802,0.027345767230715648
dcf_self_excl,bimodal,20,200,789,0.6490199999999999,0.82105,0.8314540059347181,0.8104145601617796,0.02103944577293848,0.01784103522999569,0.017891383786365938
and,bimodal,20,200,789,0.66982,0.85095,0.8687438180019782,0.8327603640040445,0.03598345399793368,0.015787676157607133,0.015384845292267229
oracle,bimodal,20,200,1234,0.7771,0.9758499999999999,0.9872681704260652,0.9644887780548629,0.0227793923712023,0.03612407195469085,0.03590366277515373
pnd,bimodal,20,200,1234,0.77024,0.968,0.9808521303258145,0.955211970074813,0.025640160251001576,0.034770865540096306,0.033937228884919624
ema_ad_low,bimodal,20,200,1234,0.7585400000000001,0.95405,0.9682205513784461,0.9399501246882793,0.028270426690166772,0.031985216193302246,0.031491247418339315
consec_L2,bimodal,20,200,1234,0.7399,0.93365,0.9535839598997494,0.9138154613466334,0.03976849855311604,0.028140762983891246,0.0268227054596986
dcf_self_excl,bimodal,20,200,1234,0.64774,0.81455,0.8263659147869674,0.8027930174563591,0.0235728973306083,0.017474793728323456,0.017748530144714034
and,bimodal,20,200,1234,0.6688999999999998,0.84425,0.86265664160401,0.8259351620947631,0.03672147950924687,0.015593937845336407,0.015235459612231793
oracle,bimodal,30,20,42,0.7212000000000001,0.07493333333333334,0.10450942516485712,0.045305931807566556,0.05920349335729056,0.018202278475138636,0.012459401434941373
pnd,bimodal,30,20,42,0.7022,0.07303333333333333,0.09898088323453007,0.045039033829318745,0.05394184940521132,0.016427150121600707,0.012528769767614523
ema_ad_low,bimodal,30,20,42,0.6964,0.07033333333333333,0.09485112902151469,0.045773003269500234,0.04907812575201445,0.015722992668492183,0.01245189864227111
consec_L2,bimodal,30,20,42,0.6646,0.06936666666666667,0.09125424631985612,0.04343764595983186,0.04781660036002427,0.0141016139657444,0.0112384766771398
dcf_self_excl,bimodal,30,20,42,0.621,0.06623333333333332,0.08312795577166456,0.04130246213384934,0.041825493637815216,0.011513552410650036,0.009839140386571719
and,bimodal,30,20,42,0.107,0.5695666666666666,0.034836475054952375,0.0002668979782478148,0.03456957707670456,0.0021980331175926703,2.9704881997356266e-05
oracle,bimodal,30,20,123,0.7288000000000001,0.07526666666666665,0.10565757493923846,0.045628127469054515,0.06002944747018394,0.01885769369803591,0.01311059820651557
pnd,bimodal,30,20,123,0.6986000000000001,0.07203333333333334,0.10093167701863354,0.04385040821701343,0.05708126880162011,0.016734575087310827,0.012001081178484549
ema_ad_low,bimodal,30,20,123,0.6934000000000001,0.07103333333333334,0.09573318930596814,0.04496971293126152,0.050763476374706615,0.0157938116771736,0.012520393759967736
consec_L2,bimodal,30,20,123,0.6642,0.07336666666666666,0.0955981636510937,0.04180932314985515,0.053788840501238555,0.01470572962643708,0.010791244646862892
dcf_self_excl,bimodal,30,20,123,0.6142,0.06556666666666666,0.08337834188495814,0.04029496971293126,0.04308337217202688,0.011523317222460671,0.009330690654063119
and,bimodal,30,20,123,0.11220000000000001,0.5702999999999999,0.0366594652984067,0.0003950487226757967,0.0362644165757309,0.0023238993576108775,4.39734400422145e-05
oracle,bimodal,30,20,456,0.7272000000000001,0.07393333333333334,0.09976199920666402,0.047667070055129754,0.05209492915153427,0.017840675320990283,0.01365562403697997
pnd,bimodal,30,20,456,0.6944000000000001,0.071,0.0934814227158535,0.046120747613284926,0.04736067510256857,0.015385619777158775,0.012459135488557937
ema_ad_low,bimodal,30,20,456,0.7026,0.07196666666666666,0.09797699325664419,0.045515664918649994,0.0524613283379942,0.016308295001870723,0.01244714101856959
consec_L2,bimodal,30,20,456,0.6632,0.07173333333333332,0.09189475076028031,0.043162565550625254,0.048732185209655055,0.01408151067256942,0.011130953412972242
dcf_self_excl,bimodal,30,20,456,0.6112000000000001,0.06693333333333332,0.08323416633611001,0.04027161489848057,0.04296255143762944,0.011384186921296295,0.009337199152013967
and,bimodal,30,20,456,0.1024,0.5865333333333334,0.03226232976332143,0.0005378512841199408,0.03172447847920149,0.0020332486146410565,5.9913425100729446e-05
oracle,bimodal,30,20,789,0.7134000000000001,0.07536666666666667,0.10628594090818957,0.043910967655167776,0.0623749732530218,0.018068633840483628,0.012065333875318725
pnd,bimodal,30,20,789,0.7,0.07306666666666667,0.10165906537114151,0.04397821262860601,0.0576808527425355,0.01682860644257703,0.011912134348475465
ema_ad_low,bimodal,30,20,789,0.7001999999999999,0.07136666666666668,0.09656950228038866,0.04572658193800013,0.05084292034238853,0.016210638439518008,0.012671673219909434
consec_L2,bimodal,30,20,789,0.6681999999999999,0.06983333333333333,0.08837332275761782,0.04491964225674131,0.04345368050087651,0.013844879362120742,0.01180253719212693
dcf_self_excl,bimodal,30,20,789,0.6166,0.06516666666666665,0.08599378676713597,0.039943514222311884,0.046050272544824085,0.011755245134358567,0.0094708142668091
and,bimodal,30,20,789,0.10640000000000001,0.5864,0.03417278075219777,0.00033622486719117747,0.03383655588500659,0.0021515758107945016,3.740695021134927e-05
oracle,bimodal,30,20,1234,0.7234,0.07316666666666666,0.09903236569903237,0.047352647352647353,0.05167971834638502,0.017306929769318684,0.013175694457313345
pnd,bimodal,30,20,1234,0.7038,0.0735,0.1033033033033033,0.043756243756243755,0.05954705954705954,0.017241763382415183,0.01191728641393071
ema_ad_low,bimodal,30,20,1234,0.6976000000000001,0.07193333333333334,0.09662996329662997,0.04528804528804529,0.05134191800858468,0.01616522467206252,0.012845943137810522
consec_L2,bimodal,30,20,1234,0.6658,0.06776666666666667,0.08942275608942275,0.04415584415584416,0.045266911933578596,0.013852420038455972,0.011774107618540223
dcf_self_excl,bimodal,30,20,1234,0.6217999999999999,0.06556666666666666,0.08415081748415082,0.041025641025641026,0.043125176458509794,0.011795078057039164,0.009841356062179478
and,bimodal,30,20,1234,0.0996,0.6033999999999999,0.032632632632632635,0.0001998001998001998,0.03243283243283244,0.002049592596318278,2.2237871094473888e-05
oracle,bimodal,30,50,42,0.7833600000000002,0.1806,0.21521348164923731,0.14592646960699274,0.06928701204224458,0.01624842846366608,0.012992799600769944
pnd,bimodal,30,50,42,0.7750400000000002,0.1758,0.20428961566642242,0.1472609594982318,0.05702865616819061,0.015060965728568692,0.013202840375446426
ema_ad_low,bimodal,30,50,42,0.7680800000000002,0.17343333333333333,0.20009325251448745,0.14672716354173618,0.053366088972751274,0.014625833779638737,0.013069758872161235
consec_L2,bimodal,30,50,42,0.7246400000000001,0.1628,0.18630520215812962,0.13925402015079735,0.04705118200733227,0.012171665303138436,0.011190948576331171
dcf_self_excl,bimodal,30,50,42,0.66744,0.15189999999999998,0.17744621328182242,0.12630946820577835,0.05113674507604407,0.010003379520108144,0.008595246960106794
and,bimodal,30,50,42,0.25992000000000004,0.08776666666666667,0.10990474921734497,0.03556415560152132,0.07434059361582365,0.002975546418524129,0.0010698664975220447
oracle,bimodal,30,50,123,0.7864800000000002,0.18030000000000002,0.2159060221442074,0.14557545430603108,0.07033056783817632,0.01648955094590623,0.013177578448609829
pnd,bimodal,30,50,123,0.7720800000000001,0.17456666666666668,0.2045638671347556,0.14531208849091387,0.059251778643841735,0.015071552568878984,0.012931615367938734
ema_ad_low,bimodal,30,50,123,0.7722400000000003,0.17223333333333335,0.19740750742641103,0.14768238082696866,0.049725126599442365,0.01460948117355504,0.013432102905598008
consec_L2,bimodal,30,50,123,0.7272000000000001,0.16406666666666667,0.1916014042668107,0.13721358967606004,0.05438781459075065,0.012612044102158446,0.011002354630597528
dcf_self_excl,bimodal,30,50,123,0.6660000000000001,0.15043333333333334,0.17600594112881449,0.12549381090334474,0.05051213022546974,0.009869803398967968,0.00843571858513614
and,bimodal,30,50,123,0.26624000000000003,0.08773333333333333,0.11166621658115042,0.03673953120884909,0.07492668537230132,0.003050281699231897,0.0011094762794766771
oracle,bimodal,30,50,456,0.7856000000000002,0.18086666666666668,0.21347348935607563,0.14770740890143874,0.06576608045463689,0.016141771645670867,0.013367080597959345
pnd,bimodal,30,50,456,0.7664000000000001,0.1746,0.20276345365595663,0.14595939222804893,0.0568040614279077,0.014586702178255494,0.012698431267035551
ema_ad_low,bimodal,30,50,456,0.7693600000000002,0.17396666666666669,0.19965622107629247,0.14784187172246874,0.05181434935382373,0.01465720581240718,0.01317658056049902
consec_L2,bimodal,30,50,456,0.7284800000000002,0.16606666666666667,0.19304508792807087,0.13863116848191476,0.05441391944615612,0.012654113670343005,0.01112153867728121
dcf_self_excl,bimodal,30,50,456,0.6656000000000002,0.15193333333333334,0.17698003437789236,0.1264622831787011,0.050517751199191274,0.009888372574079683,0.008455414656951106
and,bimodal,30,50,456,0.26776,0.09430000000000001,0.11040592357530081,0.03758235847788086,0.07282356509741994,0.003022826868043652,0.0011407790766015803
oracle,bimodal,30,50,789,0.7804000000000002,0.17856666666666665,0.20873818494282503,0.14787169659067984,0.0608664883521452,0.015646676443775022,0.013254333727125877
pnd,bimodal,30,50,789,0.7701600000000001,0.17956666666666665,0.21594289113622844,0.14255934368905923,0.07338354744716921,0.015650749243092017,0.012355608397151217
ema_ad_low,bimodal,30,50,789,0.7646400000000001,0.17460000000000003,0.20345032718619868,0.14524914262658867,0.058201184559610014,0.014712841471284148,0.012768900633124657
consec_L2,bimodal,30,50,789,0.7308000000000002,0.16563333333333333,0.19075946857029547,0.14007127967184452,0.05068818889845095,0.012555304681484188,0.011338090650293658
dcf_self_excl,bimodal,30,50,789,0.6658400000000001,0.15263333333333332,0.178927886839844,0.12588259027637685,0.053045296563467154,0.009990109533229015,0.00846997502443262
and,bimodal,30,50,789,0.26727999999999996,0.09056666666666667,0.11137550399894243,0.037119225337905994,0.07425627866103643,0.0030509941533174356,0.0011273105270789383
oracle,bimodal,30,50,1234,0.7849600000000002,0.1792,0.21074407741074408,0.14771894771894772,0.06302512969179636,0.015850151324275627,0.01329313827141256
pnd,bimodal,30,50,1234,0.7727200000000003,0.17643333333333333,0.2075408742075409,0.1453879453879454,0.0621529288195955,0.015315443975514988,0.012838608748838468
ema_ad_low,bimodal,30,50,1234,0.7667200000000002,0.1726666666666667,0.19873206539873206,0.14665334665334664,0.052078718745385416,0.014469375261158133,0.013167887576618329
consec_L2,bimodal,30,50,1234,0.72616,0.1622333333333333,0.18431765098431765,0.1401931401931402,0.04412451079117746,0.01212967598570086,0.01118847666631232
dcf_self_excl,bimodal,30,50,1234,0.6704000000000001,0.151,0.1738405071738405,0.1282051282051282,0.04563537896871231,0.009824553463673667,0.00878333675541259
and,bimodal,30,50,1234,0.26272,0.08480000000000001,0.11204537871204538,0.03563103563103563,0.07641434308100975,0.0030490850020974945,0.0010730108684970025
oracle,bimodal,30,100,42,0.8074000000000001,0.3518333333333333,0.3823353093985213,0.321278441315807,0.061056868082714266,0.016311869300436783,0.014680325619683528
pnd,bimodal,30,100,42,0.79556,0.3456333333333333,0.3736095384000533,0.31760859411489956,0.05600094428515373,0.015401724421989126,0.014191121009119883
ema_ad_low,bimodal,30,100,42,0.78964,0.3421666666666666,0.36814760540864583,0.3161406552345366,0.05200695017410922,0.014981202345166686,0.014085637584690714
consec_L2,bimodal,30,100,42,0.74672,0.3245333333333333,0.3510291081063079,0.2979915927136852,0.05303751539262269,0.012637071460600873,0.011655766028635706
dcf_self_excl,bimodal,30,100,42,0.6796399999999999,0.2967666666666667,0.323652834210351,0.26983385600854076,0.05381897820181025,0.009725060393845932,0.008750916963665518
and,bimodal,30,100,42,0.38304000000000005,0.1784,0.21581296209951376,0.1409221325148462,0.07489082958466756,0.0034505123052297627,0.00235091921831936
oracle,bimodal,30,100,123,0.80556,0.3499666666666666,0.38340534701593304,0.3173558072162233,0.06604953979970973,0.016353881995179363,0.01453663715106039
pnd,bimodal,30,100,123,0.7986000000000001,0.3460999999999999,0.3775317310288955,0.31544640505662364,0.06208532597227184,0.01570724746779621,0.014254049953141038
ema_ad_low,bimodal,30,100,123,0.7901200000000002,0.3406333333333333,0.36807993518768567,0.3138662101659205,0.05421372502176519,0.015029344712851854,0.014049141048424887
consec_L2,bimodal,30,100,123,0.75024,0.32359999999999994,0.34998649743451254,0.2978667368975507,0.05211976053696182,0.01278929488650241,0.011703561514840291
dcf_self_excl,bimodal,30,100,123,0.6799199999999999,0.2941999999999999,0.32001080205238996,0.2690281801422175,0.05098262191017244,0.009628099425360902,0.008710481997058133
and,bimodal,30,100,123,0.38088000000000005,0.1733333333333333,0.20517148258169052,0.1422833816170661,0.06288810096462441,0.0032753774390191326,0.002376088261618203
oracle,bimodal,30,100,456,0.8071200000000002,0.3560666666666666,0.3923046410154701,0.3192147371251849,0.07308990389028519,0.016694800810263335,0.014584862829180784
pnd,bimodal,30,100,456,0.7951600000000001,0.3459,0.3719423509189475,0.31941643135672987,0.05252591956221764,0.015185008245680802,0.014218633562679005
ema_ad_low,bimodal,30,100,456,0.789,0.34056666666666663,0.36116620388734627,0.31961812558827485,0.04154807829907142,0.014727052163364335,0.014233660781384263
consec_L2,bimodal,30,100,456,0.75052,0.3274333333333333,0.3538939574243025,0.30052440500201694,0.05336955242228558,0.012851230145773714,0.01182702382338311
dcf_self_excl,bimodal,30,100,456,0.67788,0.2976333333333333,0.325267750892503,0.2695307247546054,0.055737026137897605,0.009716695138690024,0.008682187330806713
and,bimodal,30,100,456,0.38676000000000005,0.1785,0.21142403808012694,0.14501815248083905,0.0664058855992879,0.003407180435667362,0.002439225735245059
oracle,bimodal,30,100,789,0.80796,0.35529999999999995,0.38925242910965696,0.3207585233003833,0.06849390580927367,0.016518470730133798,0.014704839649426758
pnd,bimodal,30,100,789,0.7928,0.35019999999999996,0.3866085002313438,0.3131598413018627,0.0734486589294811,0.015849402226341062,0.013741232845588909
ema_ad_low,bimodal,30,100,789,0.786,0.3424666666666666,0.36922466785643465,0.315244435478448,0.05398023237798666,0.014884885951822639,0.013787951424529495
consec_L2,bimodal,30,100,789,0.7500800000000001,0.326,0.3499239870447485,0.3016609508439244,0.04826303620082406,0.012667556793437947,0.011970487385091592
dcf_self_excl,bimodal,30,100,789,0.6762,0.2977666666666666,0.3269879040253817,0.2680384641248067,0.058949439900574996,0.009755087553241837,0.008594536669088777
and,bimodal,30,100,789,0.3844,0.1784,0.21303456937008394,0.14316454845000337,0.06987002092008057,0.0034246138676141823,0.0023979653900044603
oracle,bimodal,30,100,1234,0.80608,0.3512,0.38224891558224894,0.3202131202131202,0.06203579536912873,0.01621854259632591,0.014699632814912423
pnd,bimodal,30,100,1234,0.79568,0.34559999999999996,0.37410744077410746,0.31714951714951717,0.05695792362459029,0.015457962118893403,0.014092426430549965
ema_ad_low,bimodal,30,100,1234,0.7878000000000001,0.3396333333333333,0.36276276276276276,0.31655011655011656,0.0462126462126462,0.014674282752588785,0.013975137016912473
consec_L2,bimodal,30,100,1234,0.7490800000000001,0.3242333333333333,0.34881548214881547,0.2997002997002997,0.04911518244851576,0.01263103459941714,0.011796038628094495
dcf_self_excl,bimodal,30,100,1234,0.6858399999999999,0.2974666666666667,0.32118785452118787,0.2737928737928738,0.04739498072831405,0.009728735446313065,0.009056262942239062
and,bimodal,30,100,1234,0.38400000000000006,0.17860000000000004,0.21601601601601603,0.14125874125874127,0.07475727475727476,0.003464904064866601,0.0023537401830390882
oracle,bimodal,30,200,42,0.8178,0.6991999999999998,0.7339638979551055,0.664375792353373,0.06958810560173256,0.019832149355756615,0.018307986783387666
pnd,bimodal,30,200,42,0.80876,0.6874666666666664,0.7138479984013855,0.6610395676252753,0.05280843077611019,0.01867401755361135,0.017800544778962046
ema_ad_low,bimodal,30,200,42,0.7953200000000001,0.6768,0.7042563111969626,0.6492960565823714,0.0549602546145912,0.017917362878708282,0.016943309299406087
consec_L2,bimodal,30,200,42,0.75858,0.6424333333333332,0.6624258975554519,0.6224060852739041,0.04001981228154783,0.014804019786327904,0.014311226211882246
dcf_self_excl,bimodal,30,200,42,0.67528,0.5724,0.5912209418503963,0.5535464068859678,0.03767453496442852,0.010447478351144032,0.010061599401349389
and,bimodal,30,200,42,0.58254,0.5003,0.5295410644108439,0.47100820711283115,0.058532857298012775,0.006300722799898554,0.005678129909241621
oracle,bimodal,30,200,123,0.8194000000000001,0.6952666666666666,0.7292735619767756,0.6621016592046353,0.06717190277214036,0.019784788680800403,0.01835331221071997
pnd,bimodal,30,200,123,0.80988,0.6836666666666665,0.7100999189846071,0.6578878061627601,0.05221211282184701,0.018723531516520606,0.017828403401528047
ema_ad_low,bimodal,30,200,123,0.79808,0.6735999999999999,0.6994328922495274,0.6484066368185409,0.05102625543098649,0.017856034857186193,0.017075285223844366
consec_L2,bimodal,30,200,123,0.76012,0.6417333333333333,0.666689170942479,0.617395312088491,0.04929385885398807,0.015052229330431112,0.014159647496202249
dcf_self_excl,bimodal,30,200,123,0.67434,0.5683666666666666,0.5885768295976236,0.5486568343429022,0.03991999525472134,0.010375495835163149,0.00992622928362714
and,bimodal,30,200,123,0.58356,0.4976666666666667,0.5270051309748852,0.4690545167237293,0.05795061425115594,0.00625839824771263,0.005666560610881324
oracle,bimodal,30,200,456,0.821,0.7035999999999999,0.7362818987174402,0.6703643942449913,0.06591750447244893,0.02016556878963131,0.018612369544481342
pnd,bimodal,30,200,456,0.8056800000000001,0.6864666666666666,0.7106307021023404,0.6618932365201022,0.048737465582238126,0.0183588559404537,0.017702440761106056
ema_ad_low,bimodal,30,200,456,0.7962400000000001,0.6761333333333333,0.6954912071929129,0.6564474922683878,0.039043714924525075,0.017650414415623636,0.0172463128146251
consec_L2,bimodal,30,200,456,0.75988,0.6473333333333332,0.6699061219092952,0.6243781094527363,0.04552801245655891,0.015079407597890402,0.014396909477900814
dcf_self_excl,bimodal,30,200,456,0.6735599999999999,0.5739999999999998,0.5944069813566045,0.5532472771278741,0.04115970422873039,0.010466529456685728,0.009973614583850961
and,bimodal,30,200,456,0.5866600000000001,0.5027666666666667,0.5261139759354754,0.4790237999193223,0.04709017601615306,0.0062985619681779365,0.00584524738317504
oracle,bimodal,30,200,789,0.82008,0.7029333333333332,0.7356732103906405,0.669625445497949,0.06604776489269149,0.02000334287670716,0.018604668542453694
pnd,bimodal,30,200,789,0.80696,0.6911999999999999,0.7224535659990746,0.6594042095353372,0.06304935646373744,0.019026795925863385,0.01758873287941512
ema_ad_low,bimodal,30,200,789,0.79576,0.6799999999999999,0.7076475642805209,0.6518727725102549,0.05577479177026601,0.017999448550427375,0.01699410798463623
consec_L2,bimodal,30,200,789,0.75874,0.6480999999999999,0.6739374710820278,0.6218142693833636,0.052123201698664245,0.015097513411703387,0.014375928908567414
dcf_self_excl,bimodal,30,200,789,0.6724600000000001,0.5717,0.5892656487540485,0.5538296012373075,0.03543604751674101,0.010347773400592893,0.010011815790369402
and,bimodal,30,200,789,0.58688,0.5037333333333333,0.5285213827748033,0.47851523098648374,0.050006151788319575,0.00633158969144982,0.0058332219862301206
oracle,bimodal,30,200,1234,0.8181,0.7002333333333334,0.7379379379379379,0.6626040626040626,0.07533387533387537,0.019922314144879074,0.018344310295234794
pnd,bimodal,30,200,1234,0.8099200000000001,0.6885333333333333,0.7164497831164498,0.6606726606726607,0.05577712244378907,0.018897981527997564,0.017862544836428067
ema_ad_low,bimodal,30,200,1234,0.79438,0.6752999999999999,0.7026359693026359,0.6480186480186481,0.054617321283987885,0.017721382634761782,0.016935729515686872
consec_L2,bimodal,30,200,1234,0.7590600000000001,0.6450999999999999,0.6708708708708708,0.6193806193806194,0.05149025149025144,0.015022751555997221,0.014249968971841755
dcf_self_excl,bimodal,30,200,1234,0.6750799999999999,0.5701999999999999,0.5860527193860527,0.5543789543789543,0.0316737650070984,0.01033431789030231,0.010178689560973701
and,bimodal,30,200,1234,0.58518,0.5011,0.5285285285285285,0.47372627372627374,0.05480225480225476,0.006317703929420398,0.005744620021611983
oracle,bimodal,50,20,42,0.7130000000000001,0.04406,0.060678547223218915,0.027330738050327087,0.03334780917289183,0.01020278196748785,0.007458681532917867
pnd,bimodal,50,20,42,0.7056,0.04428,0.05908384164573616,0.027370871292691737,0.03171297035304442,0.00983515170821056,0.0076407716955342935
ema_ad_low,bimodal,50,20,42,0.7022,0.04358000000000001,0.057329665510505126,0.027732070473973594,0.029597595036531532,0.009497642101369826,0.007624406929272868
consec_L2,bimodal,50,20,42,0.6634,0.04306,0.05665191564007495,0.025364209174459206,0.03128770646561574,0.008611025263451318,0.006673495031836373
dcf_self_excl,bimodal,50,20,42,0.6126,0.041620000000000004,0.05142925487381892,0.02371874623750853,0.02771050863631039,0.006881174387095398,0.005419979640685614
and,bimodal,50,20,42,0.010600000000000002,0.9500599999999999,0.0021129848901646534,0.0,0.0021129848901646534,0.0001250374522557464,0.0
oracle,bimodal,50,20,123,0.7038000000000001,0.04426000000000001,0.06255262841332852,0.02605642232951598,0.036496206083812543,0.01018748897987971,0.006907786863568565
pnd,bimodal,50,20,123,0.7054000000000001,0.04438000000000001,0.059745779702474036,0.0270938909061889,0.03265188879628514,0.00993797105315814,0.007505665174376831
ema_ad_low,bimodal,50,20,123,0.7015999999999999,0.04316000000000001,0.059465094831388586,0.02693428035593153,0.032530814475457054,0.009901254514985412,0.0074232926426921805
consec_L2,bimodal,50,20,123,0.6655999999999999,0.04172,0.055735995829824775,0.02577710386656558,0.029958891963259196,0.008538765380527929,0.006720346212263071
dcf_self_excl,bimodal,50,20,123,0.6086,0.039020000000000006,0.05032278760174826,0.02378197198834843,0.026540815613399833,0.006703272051361485,0.005481871194422472
and,bimodal,50,20,123,0.013400000000000002,0.9353400000000001,0.002686555194675007,0.0,0.002686555194675007,0.0001593659613335363,0.0
oracle,bimodal,50,20,456,0.7228000000000001,0.04580000000000001,0.06184540639560352,0.027602555345735063,0.03424285104986846,0.01059648739748086,0.007678723118880493
pnd,bimodal,50,20,456,0.7014000000000001,0.04338000000000001,0.05973477758751145,0.02687934428864157,0.032855433298869884,0.009747158703238007,0.007289090334600843
ema_ad_low,bimodal,50,20,456,0.6958,0.044700000000000004,0.058261319740352834,0.02699987946482382,0.03126144027552902,0.009458786715027381,0.007448046550290939
consec_L2,bimodal,50,20,456,0.6664000000000001,0.04264,0.055035641750627216,0.026115954839487324,0.028919686911139893,0.008412927418716633,0.006712310377231843
dcf_self_excl,bimodal,50,20,456,0.6122000000000001,0.042460000000000005,0.05093385368961809,0.02386596488408534,0.027067888805532753,0.0067881348285982685,0.005360236788911349
and,bimodal,50,20,456,0.0142,0.93342,0.0028274461391422086,0.0,0.0028274461391422086,0.00016778206291591046,0.0
oracle,bimodal,50,20,789,0.7198000000000001,0.0449,0.0596722621902478,0.02810248198558847,0.03156978020465933,0.010295841666091994,0.007643228883130458
pnd,bimodal,50,20,789,0.704,0.04356000000000001,0.06023181454836131,0.02686148919135308,0.03337032535700823,0.009915256467615865,0.007453153983716358
ema_ad_low,bimodal,50,20,789,0.6982,0.04278,0.05847322142286171,0.027061649319455563,0.031411572103406143,0.009514890185289967,0.007372910009052537
consec_L2,bimodal,50,20,789,0.6636,0.041280000000000004,0.057434052757793765,0.02510008006405124,0.032333972693742524,0.008631149017959036,0.006396914789422135
dcf_self_excl,bimodal,50,20,789,0.6085999999999999,0.03822,0.04776179056754596,0.02465972778222578,0.02310206278532018,0.006440034921695642,0.00572123823941896
and,bimodal,50,20,789,0.014400000000000001,0.9334399999999999,0.0028776978417266188,0.0,0.0028776978417266188,0.00017082053167890486,0.0
oracle,bimodal,50,20,1234,0.7226000000000001,0.04410000000000001,0.05994408945686901,0.028205128205128206,0.031738961251740805,0.0103508675144126,0.008131208131208132
pnd,bimodal,50,20,1234,0.6946,0.04290000000000001,0.059145367412140576,0.0266025641025641,0.03254280330957647,0.009654498044328552,0.007125380950336953
ema_ad_low,bimodal,50,20,1234,0.6994000000000001,0.04414,0.059384984025559105,0.026842948717948716,0.03254203530761039,0.009617996714228427,0.007232218995908939
consec_L2,bimodal,50,20,1234,0.663,0.044660000000000005,0.05559105431309904,0.025681089743589743,0.029909964569509298,0.008323317846700271,0.006709512644448166
dcf_self_excl,bimodal,50,20,1234,0.6163999999999998,0.038840000000000006,0.04880191693290735,0.024839743589743588,0.02396217334316376,0.00667438608756445,0.005766047281587709
and,bimodal,50,20,1234,0.011200000000000002,0.94812,0.0022364217252396168,0.0,0.0022364217252396168,0.0001323733116493242,0.0
oracle,bimodal,50,50,42,0.7835200000000002,0.10856000000000003,0.12937048997328868,0.08761086808203235,0.04175962189125633,0.00940656053244901,0.007635430074430578
pnd,bimodal,50,50,42,0.7726400000000002,0.10524000000000004,0.12215444723517921,0.0882128667175021,0.03394158051767711,0.008692223240349618,0.007629110018152978
ema_ad_low,bimodal,50,50,42,0.7688800000000001,0.10426000000000003,0.12016106526332576,0.08825299995986675,0.03190806530345901,0.008511070886998167,0.007627206825985918
consec_L2,bimodal,50,50,42,0.7259200000000001,0.09812000000000001,0.11250647849140852,0.08363767708793193,0.028868801403476585,0.007132386392357074,0.006531830134805189
dcf_self_excl,bimodal,50,50,42,0.6640800000000001,0.09110000000000001,0.10692500897021888,0.07516956294899065,0.031755446021228234,0.005817699080491186,0.00496790621187205
and,bimodal,50,50,42,0.08752000000000001,0.29403999999999997,0.03512339034405773,0.0028494602078901953,0.032273930136167535,0.0007950459881311637,7.451361500179462e-05
oracle,bimodal,50,50,123,0.7807200000000002,0.10630000000000002,0.12402261518104174,0.08866366066797016,0.03535895451307158,0.009023280238053563,0.007730120683117236
pnd,bimodal,50,50,123,0.7737600000000001,0.10588000000000003,0.12450378924575965,0.08734687362834684,0.037156915617412814,0.008823178390174873,0.007606108514741396
ema_ad_low,bimodal,50,50,123,0.7698400000000002,0.10494000000000002,0.12265928866434099,0.0873069709907825,0.035352317673558495,0.008659148295345177,0.007605567219588159
consec_L2,bimodal,50,50,123,0.7280000000000001,0.09868000000000002,0.11431893820923052,0.08311719404652647,0.031201744162704048,0.007267415925097948,0.006504131044345497
dcf_self_excl,bimodal,50,50,123,0.66352,0.08984000000000002,0.10389350014034243,0.07585491400981605,0.028038586130526386,0.005643097496433588,0.004966104572943743
and,bimodal,50,50,123,0.08703999999999999,0.32991999999999994,0.03508560888568106,0.0028330872670683533,0.03225252161861271,0.0007935471466765339,7.416158242015357e-05
oracle,bimodal,50,50,456,0.7777600000000001,0.10764000000000003,0.1279120704073912,0.0871871107718269,0.04072495963556429,0.009186749572410006,0.007574990662165889
pnd,bimodal,50,50,456,0.7727200000000003,0.10602000000000004,0.12432798375214049,0.08754871630037366,0.03677926745176684,0.008802499210538188,0.007520821181172751
ema_ad_low,bimodal,50,50,456,0.7719200000000002,0.10382000000000002,0.11795627414280595,0.08955763590341115,0.0283986382393948,0.008407869675181456,0.007860326684909866
consec_L2,bimodal,50,50,456,0.7343200000000002,0.09818000000000002,0.11046951535183784,0.08578086704970067,0.02468864830213717,0.007151512026605481,0.006836659867365596
dcf_self_excl,bimodal,50,50,456,0.66144,0.09016000000000003,0.10465533033332006,0.07553537707420949,0.02911995325911057,0.005639049343827515,0.004921852501505354
and,bimodal,50,50,456,0.08688,0.31072,0.03428776233523157,0.0030133794045562297,0.03127438293067534,0.0007751944963891782,7.886684122527524e-05
oracle,bimodal,50,50,789,0.7830400000000002,0.10688000000000003,0.12478017585931254,0.088951160928743,0.035829014930569544,0.009126119937444277,0.007752289576973397
pnd,bimodal,50,50,789,0.76744,0.10482000000000002,0.12250199840127898,0.08710968775020016,0.035392310651078826,0.008545840838245217,0.007377371540161923
ema_ad_low,bimodal,50,50,789,0.7686400000000001,0.10560000000000003,0.12454036770583533,0.0866293034427542,0.037911064263081135,0.008731152786767652,0.007456823475899712
consec_L2,bimodal,50,50,789,0.7260800000000002,0.09936000000000002,0.11646682653876898,0.0822257806244996,0.03424104591426938,0.007342639721816258,0.006330128205128205
dcf_self_excl,bimodal,50,50,789,0.66224,0.08948000000000002,0.10279776179056754,0.07614091273018414,0.026656849060383403,0.005550017047097462,0.005016695943914289
and,bimodal,50,50,789,0.09087999999999999,0.29703999999999997,0.03437250199840128,0.0036829463570856686,0.03068955564131561,0.0007809924597902399,9.643838373461834e-05
oracle,bimodal,50,50,1234,0.7881600000000002,0.10652000000000003,0.12232428115015974,0.0906650641025641,0.03165921704759564,0.009102174358791487,0.008199720999329673
pnd,bimodal,50,50,1234,0.7655200000000002,0.10454000000000002,0.1220447284345048,0.08697916666666666,0.035065561767838135,0.008504101782076827,0.0073757487013450295
ema_ad_low,bimodal,50,50,1234,0.7668800000000001,0.10488000000000004,0.12272364217252396,0.08697916666666666,0.0357444755058573,0.00860933831645832,0.007465098686472733
consec_L2,bimodal,50,50,1234,0.7254400000000002,0.09896000000000002,0.11533546325878594,0.08253205128205128,0.032803411976734656,0.007276758718000403,0.006423809256522037
dcf_self_excl,bimodal,50,50,1234,0.6648,0.09032000000000003,0.1045926517571885,0.07600160256410256,0.028591049193085943,0.005694320029917466,0.005032978345192803
and,bimodal,50,50,1234,0.09072,0.2848399999999999,0.03678115015974441,0.002844551282051282,0.03393659887769313,0.0008344900821623894,7.454670876280813e-05
oracle,bimodal,50,100,42,0.8036800000000001,0.20920000000000005,0.22501295698281704,0.1932816952281575,0.03173126175465954,0.00881992139581038,0.008227556162979413
pnd,bimodal,50,100,42,0.7958000000000001,0.20690000000000003,0.22206275166447395,0.1916362322912068,0.030426519373267152,0.008505037364140808,0.00800044232812034
ema_ad_low,bimodal,50,100,42,0.7908800000000001,0.20596000000000003,0.22170394290954032,0.1901111690813501,0.03159277382819023,0.008382890521952138,0.00790224372341313
consec_L2,bimodal,50,100,42,0.7459600000000001,0.19522000000000003,0.2119762388868955,0.17835212906850745,0.033624109818388065,0.007071673008606507,0.006529830186211832
dcf_self_excl,bimodal,50,100,42,0.6835600000000001,0.17846000000000004,0.19295937487541362,0.16386402857486856,0.029095346300545055,0.005478689144384966,0.0050796533942112105
and,bimodal,50,100,42,0.20344000000000007,0.06376000000000001,0.08627357174181717,0.039089778063169725,0.047183793678647445,0.0010736262520471582,0.0005064375807882331
oracle,bimodal,50,100,123,0.8006400000000001,0.21040000000000003,0.23144472512931552,0.18945772315550058,0.04198700197381494,0.008977383898256315,0.007995985166672841
pnd,bimodal,50,100,123,0.79472,0.20796000000000003,0.22707406070812783,0.18893898886716412,0.03813507184096371,0.008689621096920808,0.007863724233224609
ema_ad_low,bimodal,50,100,123,0.79184,0.20504000000000003,0.21973615622117967,0.1904153864570448,0.029320769764134863,0.008357059961905227,0.00795749775715958
consec_L2,bimodal,50,100,123,0.75052,0.19422000000000003,0.20790729379686435,0.18059933761621644,0.027307956180647908,0.007042607435417863,0.006735499924102851
dcf_self_excl,bimodal,50,100,123,0.68248,0.17744000000000001,0.19154737559645535,0.16340130082598459,0.028146074770470764,0.005422592128444033,0.005034856700232378
and,bimodal,50,100,123,0.20160000000000006,0.06124000000000001,0.0801154817755323,0.0404612744902438,0.03965420728528849,0.0009962478652721855,0.0005233823922601345
oracle,bimodal,50,100,456,0.8002,0.21026000000000006,0.22966030823145236,0.1906866487203182,0.03897365951113416,0.008882337901568848,0.008018354699843891
pnd,bimodal,50,100,456,0.7943600000000001,0.20826000000000006,0.2265939229819601,0.18976254570292098,0.036831377279039124,0.008631190300301713,0.00792232996680438
ema_ad_low,bimodal,50,100,456,0.7925599999999999,0.20496000000000003,0.2176337063438334,0.19217324922656595,0.025460457117267438,0.00825765703147429,0.008052703708318041
consec_L2,bimodal,50,100,456,0.7528400000000001,0.19386000000000003,0.2042531161642308,0.18337418136526176,0.020878934798969045,0.0069479533407477345,0.00684291726577177
dcf_self_excl,bimodal,50,100,456,0.67664,0.17852000000000004,0.1963681255226793,0.16051267628269517,0.03585544923998413,0.0054780428356065005,0.004879723071135247
and,bimodal,50,100,456,0.20312000000000005,0.0624,0.085261439209908,0.03933464582747399,0.045926793382434015,0.001060784276808709,0.0005089995169963726
oracle,bimodal,50,100,789,0.8040400000000001,0.21058000000000004,0.2295363709032774,0.19159327461969575,0.03794309628358164,0.008998365785214351,0.008138888274797166
pnd,bimodal,50,100,789,0.79168,0.20748000000000005,0.22641886490807353,0.18851080864691752,0.03790805626115601,0.008553809729448962,0.007802700539677122
ema_ad_low,bimodal,50,100,789,0.78868,0.20618000000000003,0.22402078337330136,0.18831064851881504,0.03571013485448632,0.008451052499053873,0.0078079354119084295
consec_L2,bimodal,50,100,789,0.74936,0.19596000000000002,0.21302957633892886,0.1788630904723779,0.034166485866550966,0.00715347903346164,0.00656142154343197
dcf_self_excl,bimodal,50,100,789,0.68124,0.17818000000000003,0.19376498800959233,0.16257005604483588,0.03119493196475645,0.005450491927133399,0.005006540186084013
and,bimodal,50,100,789,0.20652000000000004,0.06306000000000002,0.08285371702637889,0.04123298638911129,0.0416207306372676,0.0010341844609918394,0.0005355852178479874
oracle,bimodal,50,100,1234,0.8082800000000001,0.21042000000000005,0.22675718849840257,0.19403044871794872,0.032726739780453845,0.009019455846284836,0.008445978350531645
pnd,bimodal,50,100,1234,0.7914000000000001,0.20678000000000002,0.2242811501597444,0.1892227564102564,0.03505839374948799,0.008456252145683638,0.00781035537695755
ema_ad_low,bimodal,50,100,1234,0.78696,0.20576000000000005,0.22344249201277955,0.18802083333333333,0.035421658679446216,0.008350833516171064,0.007738095238095238
consec_L2,bimodal,50,100,1234,0.746,0.19428000000000004,0.20950479233226837,0.17900641025641026,0.030498382075858116,0.006998007048697912,0.006555962653902984
dcf_self_excl,bimodal,50,100,1234,0.6819599999999999,0.17742000000000002,0.1909744408945687,0.16382211538461539,0.027152325509953307,0.005392799225926937,0.005040755040755041
and,bimodal,50,100,1234,0.20428000000000004,0.061700000000000005,0.08282747603833866,0.040504807692307694,0.04232266834603097,0.0010338225464036285,0.0005246312013898835
oracle,bimodal,50,200,42,0.81498,0.41702,0.43463700514292547,0.39928562828590924,0.035351376857016226,0.009692536249214293,0.009240614492968997
pnd,bimodal,50,200,42,0.80552,0.41056000000000004,0.4247498305625324,0.3962756351085604,0.028474195453972007,0.009202157246849984,0.008941799516776967
ema_ad_low,bimodal,50,200,42,0.8012,0.40872,0.42355380137942034,0.3937873740819521,0.029766427297468256,0.009086189658814605,0.008786068368721167
consec_L2,bimodal,50,200,42,0.7567999999999999,0.38888,0.40848383367220825,0.3691455632700566,0.039338270402151654,0.007664101992546837,0.007172528234324423
dcf_self_excl,bimodal,50,200,42,0.6840999999999999,0.35174,0.36989195869712554,0.33346711080788216,0.036424847889243384,0.005690013835601653,0.0053216051790381655
and,bimodal,50,200,42,0.41034000000000004,0.21750000000000005,0.2413586891520153,0.19348236143998074,0.047876327712034566,0.0019940612941635664,0.0016300009433110624
oracle,bimodal,50,200,123,0.8138,0.41684000000000004,0.43778820321584666,0.39599377518853995,0.04179442802730671,0.009733049846444602,0.009084451344542738
pnd,bimodal,50,200,123,0.80548,0.41084000000000004,0.4280845262440354,0.39367942220980806,0.03440510403422736,0.009285432238784162,0.008834279799352786
ema_ad_low,bimodal,50,200,123,0.80106,0.40478000000000003,0.414290869722122,0.39531543034994615,0.01897543937217583,0.008863343913528353,0.008864658048075133
consec_L2,bimodal,50,200,123,0.7618800000000001,0.38672,0.3992541801996872,0.374246837715973,0.025007342483714223,0.0075802273078507156,0.00742000101264541
dcf_self_excl,bimodal,50,200,123,0.6808,0.3465599999999999,0.359757809054092,0.33342643948765016,0.02633136956644183,0.005495710381208248,0.00531234165807872
and,bimodal,50,200,123,0.40762000000000004,0.21462000000000006,0.23681783551866553,0.192530226247955,0.04428760927071054,0.001948310073581199,0.0016193807488016582
oracle,bimodal,50,200,456,0.81224,0.41644000000000003,0.4351479431324917,0.39756518944111857,0.03758275369137315,0.009622217662717803,0.00910292701191246
pnd,bimodal,50,200,456,0.8035,0.41214000000000006,0.4310063318864243,0.39310538792237537,0.037900943964048917,0.009291093753085084,0.008764794622157086
ema_ad_low,bimodal,50,200,456,0.7999200000000001,0.40908000000000005,0.4254310859782565,0.3925830688255856,0.03284801715267094,0.009070500792172352,0.00874451621910423
consec_L2,bimodal,50,200,456,0.75848,0.38624,0.3984707896937597,0.37390011651733696,0.024570673176422753,0.007503719613160232,0.007367826839442972
dcf_self_excl,bimodal,50,200,456,0.6823599999999999,0.35068,0.3680458763091872,0.33315922696773675,0.03488664934145047,0.005648074020203996,0.005292518222551285
and,bimodal,50,200,456,0.41142,0.21786000000000008,0.2410895623431962,0.19442323918196794,0.04666632316122826,0.001995033835497037,0.0016411606760401733
oracle,bimodal,50,200,789,0.81498,0.41758000000000006,0.437410071942446,0.3977181745396317,0.03969189740281431,0.009773409432090254,0.00918936567940722
pnd,bimodal,50,200,789,0.8040400000000001,0.411,0.42861710631494804,0.3933546837469976,0.035262422567950424,0.009238392567935438,0.008808274363493261
ema_ad_low,bimodal,50,200,789,0.8001,0.40758000000000005,0.4223021582733813,0.3928342674139311,0.029467890859450174,0.009026101887485531,0.008716855429713524
consec_L2,bimodal,50,200,789,0.7598599999999999,0.3883000000000001,0.4047162270183853,0.37185748598879104,0.03285874102959424,0.00766228439893518,0.007305785955965514
dcf_self_excl,bimodal,50,200,789,0.68374,0.34934,0.36398880895283775,0.33466773418734985,0.029321074765487898,0.005584975086239939,0.005351968769085594
and,bimodal,50,200,789,0.41446000000000005,0.21538000000000004,0.23149480415667467,0.19923939151321057,0.0322554126434641,0.0019216286067860828,0.0016903342901818646
oracle,bimodal,50,200,1234,0.8169000000000001,0.41742000000000007,0.4346645367412141,0.4001201923076923,0.03454434443352178,0.009753588368818986,0.0093961246983446
pnd,bimodal,50,200,1234,0.80324,0.41056000000000004,0.4277555910543131,0.3933092948717949,0.03444629618251821,0.009196904427239186,0.00879665804055943
ema_ad_low,bimodal,50,200,1234,0.79876,0.40968000000000004,0.4295926517571885,0.3897035256410256,0.03988912611616291,0.009147038840689145,0.008595801162779394
consec_L2,bimodal,50,200,1234,0.7563,0.38658000000000003,0.40279552715654954,0.3703125,0.03248302715654955,0.007536866080515789,0.00720615786186911
dcf_self_excl,bimodal,50,200,1234,0.6823999999999999,0.3482,0.3616214057507987,0.3347355769230769,0.02688582882772178,0.005538802199617086,0.005339773869683953
and,bimodal,50,200,1234,0.41092000000000006,0.21740000000000007,0.24089456869009584,0.1938301282051282,0.047064440484967635,0.0019925220962838737,0.0016347179216173369
