access,w_eff,n_vis,n_nat,c_coll,c_idle,eps_idle,T,rho
rts,105,5,10,1.2,1.08329,0.08,0.69024,0.15295
rts,105,5,10,1.2,1.0993,0.09467,0.68979,0.15132
rts,105,5,10,1.2,1.11855,0.11203,0.6893,0.15424
rts,105,5,10,1.2,1.14177,0.13258,0.68937,0.15706
rts,105,5,10,1.2,1.16987,0.15689,0.69051,0.16459
rts,105,5,10,1.2,1.20402,0.18566,0.69065,0.17145
rts,105,5,10,1.2,1.24572,0.21971,0.68995,0.17963
rts,105,5,10,1.2,1.29694,0.26,0.6907,0.20288
rts,105,5,10,1.2,1.36027,0.30769,0.69076,0.21685
rts,105,5,10,1.2,1.43924,0.36411,0.68703,0.26357
rts,105,5,10,1.2,1.53862,0.43089,0.6853,0.27663
rts,105,5,10,1.2,1.66514,0.50991,0.68656,0.34435
rts,105,5,10,1.2,1.82836,0.60342,0.68386,0.37356
rts,105,5,10,1.2,2.0423,0.71408,0.6823,0.4328
rts,105,5,10,1.2,2.32805,0.84503,0.67293,0.5375
rts,105,5,10,1.2,2.71828,1.0,0.66419,0.66875
rts,105,10,10,1.2,1.08329,0.08,0.68252,0.20627
rts,105,10,10,1.2,1.0993,0.09467,0.68246,0.2054
rts,105,10,10,1.2,1.11855,0.11203,0.68253,0.21086
rts,105,10,10,1.2,1.14177,0.13258,0.6815,0.21273
rts,105,10,10,1.2,1.16987,0.15689,0.6824,0.22587
rts,105,10,10,1.2,1.20402,0.18566,0.68515,0.23034
rts,105,10,10,1.2,1.24572,0.21971,0.68533,0.23862
rts,105,10,10,1.2,1.29694,0.26,0.68314,0.26465
rts,105,10,10,1.2,1.36027,0.30769,0.68089,0.28012
rts,105,10,10,1.2,1.43924,0.36411,0.67925,0.32644
rts,105,10,10,1.2,1.53862,0.43089,0.6779,0.36006
rts,105,10,10,1.2,1.66514,0.50991,0.67626,0.38964
rts,105,10,10,1.2,1.82836,0.60342,0.67194,0.44122
rts,105,10,10,1.2,2.0423,0.71408,0.67043,0.49203
rts,105,10,10,1.2,2.32805,0.84503,0.6697,0.5164
rts,105,10,10,1.2,2.71828,1.0,0.65752,0.61991
rts,105,20,10,1.2,1.08329,0.08,0.68643,0.28705
rts,105,20,10,1.2,1.0993,0.09467,0.68477,0.29328
rts,105,20,10,1.2,1.11855,0.11203,0.68431,0.29126
rts,105,20,10,1.2,1.14177,0.13258,0.68472,0.28469
rts,105,20,10,1.2,1.16987,0.15689,0.68422,0.30393
rts,105,20,10,1.2,1.20402,0.18566,0.68387,0.31982
rts,105,20,10,1.2,1.24572,0.21971,0.68198,0.33013
rts,105,20,10,1.2,1.29694,0.26,0.68048,0.34738
rts,105,20,10,1.2,1.36027,0.30769,0.67757,0.38902
rts,105,20,10,1.2,1.43924,0.36411,0.68096,0.40799
rts,105,20,10,1.2,1.53862,0.43089,0.67402,0.40376
rts,105,20,10,1.2,1.66514,0.50991,0.67904,0.45347
rts,105,20,10,1.2,1.82836,0.60342,0.67413,0.46239
rts,105,20,10,1.2,2.0423,0.71408,0.67037,0.49826
rts,105,20,10,1.2,2.32805,0.84503,0.65559,0.58008
rts,105,20,10,1.2,2.71828,1.0,0.649,0.58994
rts,105,50,10,1.2,1.08329,0.08,0.66769,0.46491
rts,105,50,10,1.2,1.0993,0.09467,0.66721,0.4643
rts,105,50,10,1.2,1.11855,0.11203,0.66525,0.46446
rts,105,50,10,1.2,1.14177,0.13258,0.66371,0.47208
rts,105,50,10,1.2,1.16987,0.15689,0.66491,0.46404
rts,105,50,10,1.2,1.20402,0.18566,0.66643,0.48935
rts,105,50,10,1.2,1.24572,0.21971,0.66491,0.49774
rts,105,50,10,1.2,1.29694,0.26,0.67164,0.51701
rts,105,50,10,1.2,1.36027,0.30769,0.66241,0.53812
rts,105,50,10,1.2,1.43924,0.36411,0.66326,0.55626
rts,105,50,10,1.2,1.53862,0.43089,0.66041,0.56522
rts,105,50,10,1.2,1.66514,0.50991,0.65254,0.60318
rts,105,50,10,1.2,1.82836,0.60342,0.64023,0.59296
rts,105,50,10,1.2,2.0423,0.71408,0.63797,0.64857
rts,105,50,10,1.2,2.32805,0.84503,0.62672,0.65247
rts,105,50,10,1.2,2.71828,1.0,0.62021,0.66861
rts,210,5,10,1.2,1.08329,0.08,0.7113,0.16067
rts,210,5,10,1.2,1.0993,0.09467,0.71105,0.16462
rts,210,5,10,1.2,1.11855,0.11203,0.71062,0.1714
rts,210,5,10,1.2,1.14177,0.13258,0.71083,0.18339
rts,210,5,10,1.2,1.16987,0.15689,0.70995,0.19984
rts,210,5,10,1.2,1.20402,0.18566,0.70915,0.21721
rts,210,5,10,1.2,1.24572,0.21971,0.7097,0.25803
rts,210,5,10,1.2,1.29694,0.26,0.70793,0.29197
rts,210,5,10,1.2,1.36027,0.30769,0.70914,0.35053
rts,210,5,10,1.2,1.43924,0.36411,0.70993,0.44039
rts,210,5,10,1.2,1.53862,0.43089,0.70939,0.5486
rts,210,5,10,1.2,1.66514,0.50991,0.70439,0.67402
rts,210,5,10,1.2,1.82836,0.60342,0.70313,0.80174
rts,210,5,10,1.2,2.0423,0.71408,0.6969,0.96212
rts,210,5,10,1.2,2.32805,0.84503,0.68863,1.14318
rts,210,5,10,1.2,2.71828,1.0,0.67049,1.29582
rts,210,10,10,1.2,1.08329,0.08,0.71412,0.20067
rts,210,10,10,1.2,1.0993,0.09467,0.71374,0.20319
rts,210,10,10,1.2,1.11855,0.11203,0.71335,0.20268
rts,210,10,10,1.2,1.14177,0.13258,0.71309,0.22998
rts,210,10,10,1.2,1.16987,0.15689,0.71241,0.25892
rts,210,10,10,1.2,1.20402,0.18566,0.71236,0.2699
rts,210,10,10,1.2,1.24572,0.21971,0.71185,0.30811
rts,210,10,10,1.2,1.29694,0.26,0.7099,0.35495
rts,210,10,10,1.2,1.36027,0.30769,0.71059,0.39759
rts,210,10,10,1.2,1.43924,0.36411,0.70937,0.47463
rts,210,10,10,1.2,1.53862,0.43089,0.70442,0.52701
rts,210,10,10,1.2,1.66514,0.50991,0.70319,0.65093
rts,210,10,10,1.2,1.82836,0.60342,0.69934,0.70063
rts,210,10,10,1.2,2.0423,0.71408,0.69081,0.8227
rts,210,10,10,1.2,2.32805,0.84503,0.67493,0.94043
rts,210,10,10,1.2,2.71828,1.0,0.66161,1.03172
rts,210,20,10,1.2,1.08329,0.08,0.71496,0.29222
rts,210,20,10,1.2,1.0993,0.09467,0.71567,0.29638
rts,210,20,10,1.2,1.11855,0.11203,0.71729,0.30143
rts,210,20,10,1.2,1.14177,0.13258,0.71386,0.32143
rts,210,20,10,1.2,1.16987,0.15689,0.71253,0.33228
rts,210,20,10,1.2,1.20402,0.18566,0.71142,0.35822
rts,210,20,10,1.2,1.24572,0.21971,0.71047,0.38573
rts,210,20,10,1.2,1.29694,0.26,0.71358,0.42935
rts,210,20,10,1.2,1.36027,0.30769,0.70969,0.44802
rts,210,20,10,1.2,1.43924,0.36411,0.70873,0.50744
rts,210,20,10,1.2,1.53862,0.43089,0.70307,0.57215
rts,210,20,10,1.2,1.66514,0.50991,0.70473,0.64347
rts,210,20,10,1.2,1.82836,0.60342,0.68777,0.71164
rts,210,20,10,1.2,2.0423,0.71408,0.67869,0.7868
rts,210,20,10,1.2,2.32805,0.84503,0.66254,0.84173
rts,210,20,10,1.2,2.71828,1.0,0.64981,0.90203
rts,210,50,10,1.2,1.08329,0.08,0.71265,0.44501
rts,210,50,10,1.2,1.0993,0.09467,0.71553,0.46688
rts,210,50,10,1.2,1.11855,0.11203,0.71437,0.47178
rts,210,50,10,1.2,1.14177,0.13258,0.71595,0.48717
rts,210,50,10,1.2,1.16987,0.15689,0.71337,0.49849
rts,210,50,10,1.2,1.20402,0.18566,0.71208,0.51743
rts,210,50,10,1.2,1.24572,0.21971,0.70951,0.54533
rts,210,50,10,1.2,1.29694,0.26,0.70612,0.56263
rts,210,50,10,1.2,1.36027,0.30769,0.70663,0.58809
rts,210,50,10,1.2,1.43924,0.36411,0.7014,0.64053
rts,210,50,10,1.2,1.53862,0.43089,0.69795,0.68318
rts,210,50,10,1.2,1.66514,0.50991,0.6931,0.71249
rts,210,50,10,1.2,1.82836,0.60342,0.6801,0.74106
rts,210,50,10,1.2,2.0423,0.71408,0.66665,0.79446
rts,210,50,10,1.2,2.32805,0.84503,0.65998,0.81336
rts,210,50,10,1.2,2.71828,1.0,0.63254,0.85758
rts,420,5,10,1.2,1.08329,0.08,0.7169,0.10922
rts,420,5,10,1.2,1.0993,0.09467,0.71673,0.11633
rts,420,5,10,1.2,1.11855,0.11203,0.71773,0.13895
rts,420,5,10,1.2,1.14177,0.13258,0.71623,0.15945
rts,420,5,10,1.2,1.16987,0.15689,0.71755,0.1962
rts,420,5,10,1.2,1.20402,0.18566,0.71645,0.24329
rts,420,5,10,1.2,1.24572,0.21971,0.71756,0.32404
rts,420,5,10,1.2,1.29694,0.26,0.71984,0.44503
rts,420,5,10,1.2,1.36027,0.30769,0.7175,0.58164
rts,420,5,10,1.2,1.43924,0.36411,0.71645,0.77308
rts,420,5,10,1.2,1.53862,0.43089,0.71733,0.98079
rts,420,5,10,1.2,1.66514,0.50991,0.71312,1.22054
rts,420,5,10,1.2,1.82836,0.60342,0.69728,1.46487
rts,420,5,10,1.2,2.0423,0.71408,0.68445,1.62684
rts,420,5,10,1.2,2.32805,0.84503,0.65932,1.81418
rts,420,5,10,1.2,2.71828,1.0,0.62201,1.85386
rts,420,10,10,1.2,1.08329,0.08,0.71808,0.14253
rts,420,10,10,1.2,1.0993,0.09467,0.71857,0.15847
rts,420,10,10,1.2,1.11855,0.11203,0.71897,0.17779
rts,420,10,10,1.2,1.14177,0.13258,0.71937,0.20997
rts,420,10,10,1.2,1.16987,0.15689,0.72035,0.24412
rts,420,10,10,1.2,1.20402,0.18566,0.72168,0.30165
rts,420,10,10,1.2,1.24572,0.21971,0.72085,0.37421
rts,420,10,10,1.2,1.29694,0.26,0.7197,0.45849
rts,420,10,10,1.2,1.36027,0.30769,0.71928,0.58469
rts,420,10,10,1.2,1.43924,0.36411,0.71383,0.70518
rts,420,10,10,1.2,1.53862,0.43089,0.71404,0.84874
rts,420,10,10,1.2,1.66514,0.50991,0.70462,0.98795
rts,420,10,10,1.2,1.82836,0.60342,0.69569,1.1044
rts,420,10,10,1.2,2.0423,0.71408,0.68094,1.22066
rts,420,10,10,1.2,2.32805,0.84503,0.65988,1.31941
rts,420,10,10,1.2,2.71828,1.0,0.6287,1.36879
rts,420,20,10,1.2,1.08329,0.08,0.72308,0.2019
rts,420,20,10,1.2,1.0993,0.09467,0.72073,0.21568
rts,420,20,10,1.2,1.11855,0.11203,0.72109,0.23028
rts,420,20,10,1.2,1.14177,0.13258,0.72194,0.272
rts,420,20,10,1.2,1.16987,0.15689,0.72282,0.30484
rts,420,20,10,1.2,1.20402,0.18566,0.72275,0.372
rts,420,20,10,1.2,1.24572,0.21971,0.72108,0.42688
rts,420,20,10,1.2,1.29694,0.26,0.7227,0.50798
rts,420,20,10,1.2,1.36027,0.30769,0.72036,0.59815
rts,420,20,10,1.2,1.43924,0.36411,0.71824,0.67735
rts,420,20,10,1.2,1.53862,0.43089,0.71355,0.77752
rts,420,20,10,1.2,1.66514,0.50991,0.70564,0.85331
rts,420,20,10,1.2,1.82836,0.60342,0.68835,0.947
rts,420,20,10,1.2,2.0423,0.71408,0.67498,1.00979
rts,420,20,10,1.2,2.32805,0.84503,0.64883,1.06147
rts,420,20,10,1.2,2.71828,1.0,0.62377,1.11248
rts,420,50,10,1.2,1.08329,0.08,0.72607,0.34217
rts,420,50,10,1.2,1.0993,0.09467,0.72493,0.36826
rts,420,50,10,1.2,1.11855,0.11203,0.72622,0.39627
rts,420,50,10,1.2,1.14177,0.13258,0.72719,0.4285
rts,420,50,10,1.2,1.16987,0.15689,0.72581,0.4624
rts,420,50,10,1.2,1.20402,0.18566,0.72527,0.50041
rts,420,50,10,1.2,1.24572,0.21971,0.72453,0.55191
rts,420,50,10,1.2,1.29694,0.26,0.72518,0.61521
rts,420,50,10,1.2,1.36027,0.30769,0.71886,0.66435
rts,420,50,10,1.2,1.43924,0.36411,0.71606,0.7259
rts,420,50,10,1.2,1.53862,0.43089,0.70551,0.76621
rts,420,50,10,1.2,1.66514,0.50991,0.69521,0.82899
rts,420,50,10,1.2,1.82836,0.60342,0.68172,0.86366
rts,420,50,10,1.2,2.0423,0.71408,0.67026,0.89244
rts,420,50,10,1.2,2.32805,0.84503,0.64506,0.93768
rts,420,50,10,1.2,2.71828,1.0,0.61252,0.96143
rts,840,5,10,1.2,1.08329,0.08,0.72934,0.08776
rts,840,5,10,1.2,1.0993,0.09467,0.72909,0.12026
rts,840,5,10,1.2,1.11855,0.11203,0.72949,0.16476
rts,840,5,10,1.2,1.14177,0.13258,0.72849,0.23925
rts,840,5,10,1.2,1.16987,0.15689,0.72866,0.34366
rts,840,5,10,1.2,1.20402,0.18566,0.73109,0.50709
rts,840,5,10,1.2,1.24572,0.21971,0.73154,0.7515
rts,840,5,10,1.2,1.29694,0.26,0.73105,1.00001
rts,840,5,10,1.2,1.36027,0.30769,0.72693,1.23615
rts,840,5,10,1.2,1.43924,0.36411,0.71708,1.48847
rts,840,5,10,1.2,1.53862,0.43089,0.70609,1.68368
rts,840,5,10,1.2,1.66514,0.50991,0.68417,1.8724
rts,840,5,10,1.2,1.82836,0.60342,0.64584,2.00706
rts,840,5,10,1.2,2.0423,0.71408,0.6108,2.10821
rts,840,5,10,1.2,2.32805,0.84503,0.5571,2.17075
rts,840,5,10,1.2,2.71828,1.0,0.49689,2.20475
rts,840,10,10,1.2,1.08329,0.08,0.72999,0.12549
rts,840,10,10,1.2,1.0993,0.09467,0.72946,0.16335
rts,840,10,10,1.2,1.11855,0.11203,0.72923,0.20356
rts,840,10,10,1.2,1.14177,0.13258,0.73071,0.27885
rts,840,10,10,1.2,1.16987,0.15689,0.73105,0.37157
rts,840,10,10,1.2,1.20402,0.18566,0.73214,0.50644
rts,840,10,10,1.2,1.24572,0.21971,0.73005,0.64361
rts,840,10,10,1.2,1.29694,0.26,0.73001,0.81204
rts,840,10,10,1.2,1.36027,0.30769,0.72138,0.96333
rts,840,10,10,1.2,1.43924,0.36411,0.71368,1.09594
rts,840,10,10,1.2,1.53862,0.43089,0.7023,1.24115
rts,840,10,10,1.2,1.66514,0.50991,0.68728,1.33771
rts,840,10,10,1.2,1.82836,0.60342,0.66369,1.42567
rts,840,10,10,1.2,2.0423,0.71408,0.6347,1.50606
rts,840,10,10,1.2,2.32805,0.84503,0.59606,1.54762
rts,840,10,10,1.2,2.71828,1.0,0.5497,1.57607
rts,840,20,10,1.2,1.08329,0.08,0.73078,0.16642
rts,840,20,10,1.2,1.0993,0.09467,0.73185,0.19958
rts,840,20,10,1.2,1.11855,0.11203,0.73117,0.26128
rts,840,20,10,1.2,1.14177,0.13258,0.73303,0.32619
rts,840,20,10,1.2,1.16987,0.15689,0.7329,0.40154
rts,840,20,10,1.2,1.20402,0.18566,0.73137,0.50155
rts,840,20,10,1.2,1.24572,0.21971,0.73025,0.60694
rts,840,20,10,1.2,1.29694,0.26,0.72714,0.73117
rts,840,20,10,1.2,1.36027,0.30769,0.71972,0.83472
rts,840,20,10,1.2,1.43924,0.36411,0.70934,0.92465
rts,840,20,10,1.2,1.53862,0.43089,0.69967,1.0041
rts,840,20,10,1.2,1.66514,0.50991,0.68432,1.07725
rts,840,20,10,1.2,1.82836,0.60342,0.66442,1.13117
rts,840,20,10,1.2,2.0423,0.71408,0.64069,1.17561
rts,840,20,10,1.2,2.32805,0.84503,0.61352,1.21369
rts,840,20,10,1.2,2.71828,1.0,0.57793,1.25045
rts,840,50,10,1.2,1.08329,0.08,0.73334,0.26557
rts,840,50,10,1.2,1.0993,0.09467,0.73401,0.31144
rts,840,50,10,1.2,1.11855,0.11203,0.73476,0.36786
rts,840,50,10,1.2,1.14177,0.13258,0.73418,0.42572
rts,840,50,10,1.2,1.16987,0.15689,0.73323,0.49361
rts,840,50,10,1.2,1.20402,0.18566,0.73305,0.56396
rts,840,50,10,1.2,1.24572,0.21971,0.72918,0.6425
rts,840,50,10,1.2,1.29694,0.26,0.72458,0.70584
rts,840,50,10,1.2,1.36027,0.30769,0.71728,0.77546
rts,840,50,10,1.2,1.43924,0.36411,0.70764,0.84164
rts,840,50,10,1.2,1.53862,0.43089,0.69512,0.89221
rts,840,50,10,1.2,1.66514,0.50991,0.68001,0.93403
rts,840,50,10,1.2,1.82836,0.60342,0.661,0.97428
rts,840,50,10,1.2,2.0423,0.71408,0.63949,0.99583
rts,840,50,10,1.2,2.32805,0.84503,0.61389,1.01594
rts,840,50,10,1.2,2.71828,1.0,0.58667,1.04051
rts,1680,5,10,1.2,1.08329,0.08,0.73931,0.15544
rts,1680,5,10,1.2,1.0993,0.09467,0.73928,0.26067
rts,1680,5,10,1.2,1.11855,0.11203,0.74095,0.44542
rts,1680,5,10,1.2,1.14177,0.13258,0.74201,0.70635
rts,1680,5,10,1.2,1.16987,0.15689,0.74174,0.99512
rts,1680,5,10,1.2,1.20402,0.18566,0.73855,1.28491
rts,1680,5,10,1.2,1.24572,0.21971,0.73339,1.53297
rts,1680,5,10,1.2,1.29694,0.26,0.72308,1.75034
rts,1680,5,10,1.2,1.36027,0.30769,0.70753,1.93356
rts,1680,5,10,1.2,1.43924,0.36411,0.68733,2.07206
rts,1680,5,10,1.2,1.53862,0.43089,0.65261,2.18626
rts,1680,5,10,1.2,1.66514,0.50991,0.60391,2.26046
rts,1680,5,10,1.2,1.82836,0.60342,0.55078,2.33178
rts,1680,5,10,1.2,2.0423,0.71408,0.47699,2.34534
rts,1680,5,10,1.2,2.32805,0.84503,0.40118,2.35079
rts,1680,5,10,1.2,2.71828,1.0,0.32187,2.29
rts,1680,10,10,1.2,1.08329,0.08,0.73965,0.17799
rts,1680,10,10,1.2,1.0993,0.09467,0.74088,0.28673
rts,1680,10,10,1.2,1.11855,0.11203,0.74213,0.42254
rts,1680,10,10,1.2,1.14177,0.13258,0.743,0.60164
rts,1680,10,10,1.2,1.16987,0.15689,0.74225,0.77803
rts,1680,10,10,1.2,1.20402,0.18566,0.73892,0.96037
rts,1680,10,10,1.2,1.24572,0.21971,0.7328,1.11291
rts,1680,10,10,1.2,1.29694,0.26,0.72467,1.23891
rts,1680,10,10,1.2,1.36027,0.30769,0.71138,1.34894
rts,1680,10,10,1.2,1.43924,0.36411,0.69696,1.44215
rts,1680,10,10,1.2,1.53862,0.43089,0.6786,1.5218
rts,1680,10,10,1.2,1.66514,0.50991,0.65604,1.5923
rts,1680,10,10,1.2,1.82836,0.60342,0.62413,1.6471
rts,1680,10,10,1.2,2.0423,0.71408,0.57999,1.67541
rts,1680,10,10,1.2,2.32805,0.84503,0.52616,1.69648
rts,1680,10,10,1.2,2.71828,1.0,0.45721,1.7083
rts,1680,20,10,1.2,1.08329,0.08,0.74062,0.22077
rts,1680,20,10,1.2,1.0993,0.09467,0.7421,0.31877
rts,1680,20,10,1.2,1.11855,0.11203,0.74271,0.43367
rts,1680,20,10,1.2,1.14177,0.13258,0.74397,0.55788
rts,1680,20,10,1.2,1.16987,0.15689,0.74141,0.69104
rts,1680,20,10,1.2,1.20402,0.18566,0.73764,0.80256
rts,1680,20,10,1.2,1.24572,0.21971,0.73092,0.90406
rts,1680,20,10,1.2,1.29694,0.26,0.72383,0.98754
rts,1680,20,10,1.2,1.36027,0.30769,0.71335,1.06202
rts,1680,20,10,1.2,1.43924,0.36411,0.70014,1.12244
rts,1680,20,10,1.2,1.53862,0.43089,0.68362,1.17643
rts,1680,20,10,1.2,1.66514,0.50991,0.66487,1.22506
rts,1680,20,10,1.2,1.82836,0.60342,0.6434,1.26246
rts,1680,20,10,1.2,2.0423,0.71408,0.6169,1.29623
rts,1680,20,10,1.2,2.32805,0.84503,0.58279,1.31703
rts,1680,20,10,1.2,2.71828,1.0,0.54301,1.33751
rts,1680,50,10,1.2,1.08329,0.08,0.74369,0.30619
rts,1680,50,10,1.2,1.0993,0.09467,0.74449,0.38322
rts,1680,50,10,1.2,1.11855,0.11203,0.74548,0.47869
rts,1680,50,10,1.2,1.14177,0.13258,0.74388,0.57374
rts,1680,50,10,1.2,1.16987,0.15689,0.74149,0.65814
rts,1680,50,10,1.2,1.20402,0.18566,0.73622,0.73884
rts,1680,50,10,1.2,1.24572,0.21971,0.72934,0.80209
rts,1680,50,10,1.2,1.29694,0.26,0.72154,0.86162
rts,1680,50,10,1.2,1.36027,0.30769,0.71059,0.90656
rts,1680,50,10,1.2,1.43924,0.36411,0.69715,0.95017
rts,1680,50,10,1.2,1.53862,0.43089,0.68304,0.98687
rts,1680,50,10,1.2,1.66514,0.50991,0.66478,1.01782
rts,1680,50,10,1.2,1.82836,0.60342,0.64315,1.0462
rts,1680,50,10,1.2,2.0423,0.71408,0.62223,1.06709
rts,1680,50,10,1.2,2.32805,0.84503,0.59595,1.08296
rts,1680,50,10,1.2,2.71828,1.0,0.56726,1.09448
basic,105,5,10,1.2,1.08329,0.08,0.67824,0.16911
basic,105,5,10,1.2,1.0993,0.09467,0.67732,0.16932
basic,105,5,10,1.2,1.11855,0.11203,0.67498,0.17174
basic,105,5,10,1.2,1.14177,0.13258,0.67255,0.1843
basic,105,5,10,1.2,1.16987,0.15689,0.67272,0.18619
basic,105,5,10,1.2,1.20402,0.18566,0.67517,0.19386
basic,105,5,10,1.2,1.24572,0.21971,0.67253,0.19545
basic,105,5,10,1.2,1.29694,0.26,0.66925,0.19906
basic,105,5,10,1.2,1.36027,0.30769,0.67117,0.225
basic,105,5,10,1.2,1.43924,0.36411,0.67227,0.24947
basic,105,5,10,1.2,1.53862,0.43089,0.66555,0.26442
basic,105,5,10,1.2,1.66514,0.50991,0.65892,0.28127
basic,105,5,10,1.2,1.82836,0.60342,0.65599,0.33353
basic,105,5,10,1.2,2.0423,0.71408,0.62888,0.38963
basic,105,5,10,1.2,2.32805,0.84503,0.61142,0.42379
basic,105,5,10,1.2,2.71828,1.0,0.60978,0.53652
basic,105,10,10,1.2,1.08329,0.08,0.65686,0.23251
basic,105,10,10,1.2,1.0993,0.09467,0.65431,0.24004
basic,105,10,10,1.2,1.11855,0.11203,0.65128,0.24466
basic,105,10,10,1.2,1.14177,0.13258,0.65187,0.25308
basic,105,10,10,1.2,1.16987,0.15689,0.64968,0.25382
basic,105,10,10,1.2,1.20402,0.18566,0.64856,0.26685
basic,105,10,10,1.2,1.24572,0.21971,0.65057,0.26243
basic,105,10,10,1.2,1.29694,0.26,0.65122,0.27554
basic,105,10,10,1.2,1.36027,0.30769,0.64728,0.28721
basic,105,10,10,1.2,1.43924,0.36411,0.64132,0.32446
basic,105,10,10,1.2,1.53862,0.43089,0.63476,0.33983
basic,105,10,10,1.2,1.66514,0.50991,0.62639,0.36554
basic,105,10,10,1.2,1.82836,0.60342,0.62302,0.3992
basic,105,10,10,1.2,2.0423,0.71408,0.6149,0.41555
basic,105,10,10,1.2,2.32805,0.84503,0.58875,0.44812
basic,105,10,10,1.2,2.71828,1.0,0.57928,0.49653
basic,105,20,10,1.2,1.08329,0.08,0.63753,0.33502
basic,105,20,10,1.2,1.0993,0.09467,0.63465,0.33942
basic,105,20,10,1.2,1.11855,0.11203,0.62979,0.34226
basic,105,20,10,1.2,1.14177,0.13258,0.63041,0.34002
basic,105,20,10,1.2,1.16987,0.15689,0.63173,0.34529
basic,105,20,10,1.2,1.20402,0.18566,0.62878,0.34541
basic,105,20,10,1.2,1.24572,0.21971,0.62276,0.3511
basic,105,20,10,1.2,1.29694,0.26,0.61305,0.35509
basic,105,20,10,1.2,1.36027,0.30769,0.61525,0.36958
basic,105,20,10,1.2,1.43924,0.36411,0.6179,0.37837
basic,105,20,10,1.2,1.53862,0.43089,0.6019,0.37698
basic,105,20,10,1.2,1.66514,0.50991,0.60112,0.40553
basic,105,20,10,1.2,1.82836,0.60342,0.59059,0.4395
basic,105,20,10,1.2,2.0423,0.71408,0.57321,0.47567
basic,105,20,10,1.2,2.32805,0.84503,0.56253,0.50098
basic,105,20,10,1.2,2.71828,1.0,0.52819,0.50407
basic,105,50,10,1.2,1.08329,0.08,0.55478,0.42129
basic,105,50,10,1.2,1.0993,0.09467,0.55325,0.42145
basic,105,50,10,1.2,1.11855,0.11203,0.55206,0.42443
basic,105,50,10,1.2,1.14177,0.13258,0.55151,0.42743
basic,105,50,10,1.2,1.16987,0.15689,0.5527,0.43254
basic,105,50,10,1.2,1.20402,0.18566,0.5525,0.44126
basic,105,50,10,1.2,1.24572,0.21971,0.54551,0.45338
basic,105,50,10,1.2,1.29694,0.26,0.53506,0.45995
basic,105,50,10,1.2,1.36027,0.30769,0.5326,0.47945
basic,105,50,10,1.2,1.43924,0.36411,0.52909,0.48581
basic,105,50,10,1.2,1.53862,0.43089,0.52267,0.49653
basic,105,50,10,1.2,1.66514,0.50991,0.5086,0.48577
basic,105,50,10,1.2,1.82836,0.60342,0.50263,0.51779
basic,105,50,10,1.2,2.0423,0.71408,0.48805,0.52548
basic,105,50,10,1.2,2.32805,0.84503,0.47503,0.54988
basic,105,50,10,1.2,2.71828,1.0,0.45757,0.55925
basic,210,5,10,1.2,1.08329,0.08,0.66702,0.16741
basic,210,5,10,1.2,1.0993,0.09467,0.66683,0.1722
basic,210,5,10,1.2,1.11855,0.11203,0.66977,0.18501
basic,210,5,10,1.2,1.14177,0.13258,0.66682,0.1936
basic,210,5,10,1.2,1.16987,0.15689,0.66923,0.20538
basic,210,5,10,1.2,1.20402,0.18566,0.66619,0.21995
basic,210,5,10,1.2,1.24572,0.21971,0.66819,0.2343
basic,210,5,10,1.2,1.29694,0.26,0.66415,0.26566
basic,210,5,10,1.2,1.36027,0.30769,0.662,0.30467
basic,210,5,10,1.2,1.43924,0.36411,0.64929,0.37592
basic,210,5,10,1.2,1.53862,0.43089,0.64292,0.46794
basic,210,5,10,1.2,1.66514,0.50991,0.63854,0.54719
basic,210,5,10,1.2,1.82836,0.60342,0.62527,0.63879
basic,210,5,10,1.2,2.0423,0.71408,0.60792,0.73285
basic,210,5,10,1.2,2.32805,0.84503,0.58148,0.84442
basic,210,5,10,1.2,2.71828,1.0,0.5522,0.99552
basic,210,10,10,1.2,1.08329,0.08,0.66219,0.21842
basic,210,10,10,1.2,1.0993,0.09467,0.66084,0.23554
basic,210,10,10,1.2,1.11855,0.11203,0.65526,0.24737
basic,210,10,10,1.2,1.14177,0.13258,0.6571,0.24746
basic,210,10,10,1.2,1.16987,0.15689,0.66415,0.25589
basic,210,10,10,1.2,1.20402,0.18566,0.6627,0.27676
basic,210,10,10,1.2,1.24572,0.21971,0.64715,0.2883
basic,210,10,10,1.2,1.29694,0.26,0.64717,0.3129
basic,210,10,10,1.2,1.36027,0.30769,0.64242,0.35203
basic,210,10,10,1.2,1.43924,0.36411,0.62693,0.38851
basic,210,10,10,1.2,1.53862,0.43089,0.62974,0.46702
basic,210,10,10,1.2,1.66514,0.50991,0.61886,0.5203
basic,210,10,10,1.2,1.82836,0.60342,0.60239,0.60948
basic,210,10,10,1.2,2.0423,0.71408,0.58361,0.64979
basic,210,10,10,1.2,2.32805,0.84503,0.55478,0.75028
basic,210,10,10,1.2,2.71828,1.0,0.53277,0.79464
basic,210,20,10,1.2,1.08329,0.08,0.64826,0.27363
basic,210,20,10,1.2,1.0993,0.09467,0.64105,0.27513
basic,210,20,10,1.2,1.11855,0.11203,0.64108,0.28741
basic,210,20,10,1.2,1.14177,0.13258,0.64563,0.30965
basic,210,20,10,1.2,1.16987,0.15689,0.64242,0.32015
basic,210,20,10,1.2,1.20402,0.18566,0.63255,0.31597
basic,210,20,10,1.2,1.24572,0.21971,0.63955,0.36116
basic,210,20,10,1.2,1.29694,0.26,0.63843,0.3954
basic,210,20,10,1.2,1.36027,0.30769,0.6223,0.41316
basic,210,20,10,1.2,1.43924,0.36411,0.62241,0.46261
basic,210,20,10,1.2,1.53862,0.43089,0.60695,0.50302
basic,210,20,10,1.2,1.66514,0.50991,0.5829,0.5357
basic,210,20,10,1.2,1.82836,0.60342,0.57951,0.58566
basic,210,20,10,1.2,2.0423,0.71408,0.55354,0.6292
basic,210,20,10,1.2,2.32805,0.84503,0.52755,0.68183
basic,210,20,10,1.2,2.71828,1.0,0.50702,0.75402
basic,210,50,10,1.2,1.08329,0.08,0.61525,0.43476
basic,210,50,10,1.2,1.0993,0.09467,0.61753,0.4616
basic,210,50,10,1.2,1.11855,0.11203,0.61227,0.46943
basic,210,50,10,1.2,1.14177,0.13258,0.61078,0.47287
basic,210,50,10,1.2,1.16987,0.15689,0.6031,0.48746
basic,210,50,10,1.2,1.20402,0.18566,0.60794,0.50172
basic,210,50,10,1.2,1.24572,0.21971,0.59636,0.52143
basic,210,50,10,1.2,1.29694,0.26,0.58462,0.55228
basic,210,50,10,1.2,1.36027,0.30769,0.58141,0.56666
basic,210,50,10,1.2,1.43924,0.36411,0.57262,0.57545
basic,210,50,10,1.2,1.53862,0.43089,0.55326,0.60169
basic,210,50,10,1.2,1.66514,0.50991,0.53632,0.62236
basic,210,50,10,1.2,1.82836,0.60342,0.52721,0.6692
basic,210,50,10,1.2,2.0423,0.71408,0.49776,0.67392
basic,210,50,10,1.2,2.32805,0.84503,0.479,0.71447
basic,210,50,10,1.2,2.71828,1.0,0.44974,0.74624
basic,420,5,10,1.2,1.08329,0.08,0.62941,0.10794
basic,420,5,10,1.2,1.0993,0.09467,0.6334,0.12066
basic,420,5,10,1.2,1.11855,0.11203,0.63111,0.12369
basic,420,5,10,1.2,1.14177,0.13258,0.63566,0.14781
basic,420,5,10,1.2,1.16987,0.15689,0.63724,0.1773
basic,420,5,10,1.2,1.20402,0.18566,0.63517,0.20789
basic,420,5,10,1.2,1.24572,0.21971,0.6314,0.26263
basic,420,5,10,1.2,1.29694,0.26,0.62796,0.32585
basic,420,5,10,1.2,1.36027,0.30769,0.62813,0.42116
basic,420,5,10,1.2,1.43924,0.36411,0.60958,0.58509
basic,420,5,10,1.2,1.53862,0.43089,0.60484,0.76873
basic,420,5,10,1.2,1.66514,0.50991,0.59363,0.9176
basic,420,5,10,1.2,1.82836,0.60342,0.56585,1.14408
basic,420,5,10,1.2,2.0423,0.71408,0.53447,1.27348
basic,420,5,10,1.2,2.32805,0.84503,0.5064,1.44159
basic,420,5,10,1.2,2.71828,1.0,0.46711,1.56969
basic,420,10,10,1.2,1.08329,0.08,0.63862,0.1445
basic,420,10,10,1.2,1.0993,0.09467,0.63452,0.159
basic,420,10,10,1.2,1.11855,0.11203,0.63468,0.17964
basic,420,10,10,1.2,1.14177,0.13258,0.62733,0.19155
basic,420,10,10,1.2,1.16987,0.15689,0.62784,0.2141
basic,420,10,10,1.2,1.20402,0.18566,0.62648,0.25495
basic,420,10,10,1.2,1.24572,0.21971,0.62367,0.31102
basic,420,10,10,1.2,1.29694,0.26,0.62244,0.37107
basic,420,10,10,1.2,1.36027,0.30769,0.61134,0.45925
basic,420,10,10,1.2,1.43924,0.36411,0.60507,0.56864
basic,420,10,10,1.2,1.53862,0.43089,0.60016,0.67973
basic,420,10,10,1.2,1.66514,0.50991,0.57261,0.79201
basic,420,10,10,1.2,1.82836,0.60342,0.54069,0.89291
basic,420,10,10,1.2,2.0423,0.71408,0.51228,0.97424
basic,420,10,10,1.2,2.32805,0.84503,0.48684,1.09448
basic,420,10,10,1.2,2.71828,1.0,0.44427,1.10799
basic,420,20,10,1.2,1.08329,0.08,0.62701,0.20597
basic,420,20,10,1.2,1.0993,0.09467,0.62648,0.21639
basic,420,20,10,1.2,1.11855,0.11203,0.61765,0.23501
basic,420,20,10,1.2,1.14177,0.13258,0.62877,0.25862
basic,420,20,10,1.2,1.16987,0.15689,0.62001,0.28412
basic,420,20,10,1.2,1.20402,0.18566,0.62156,0.32973
basic,420,20,10,1.2,1.24572,0.21971,0.61673,0.37695
basic,420,20,10,1.2,1.29694,0.26,0.60429,0.42738
basic,420,20,10,1.2,1.36027,0.30769,0.59919,0.49667
basic,420,20,10,1.2,1.43924,0.36411,0.59252,0.58143
basic,420,20,10,1.2,1.53862,0.43089,0.56572,0.63844
basic,420,20,10,1.2,1.66514,0.50991,0.54984,0.72314
basic,420,20,10,1.2,1.82836,0.60342,0.52187,0.7772
basic,420,20,10,1.2,2.0423,0.71408,0.48981,0.84053
basic,420,20,10,1.2,2.32805,0.84503,0.45724,0.88335
basic,420,20,10,1.2,2.71828,1.0,0.41844,0.91455
basic,420,50,10,1.2,1.08329,0.08,0.61877,0.34578
basic,420,50,10,1.2,1.0993,0.09467,0.62203,0.36198
basic,420,50,10,1.2,1.11855,0.11203,0.61556,0.38305
basic,420,50,10,1.2,1.14177,0.13258,0.61008,0.40259
basic,420,50,10,1.2,1.16987,0.15689,0.60938,0.43096
basic,420,50,10,1.2,1.20402,0.18566,0.60368,0.46127
basic,420,50,10,1.2,1.24572,0.21971,0.59194,0.51127
basic,420,50,10,1.2,1.29694,0.26,0.58831,0.55847
basic,420,50,10,1.2,1.36027,0.30769,0.57723,0.58236
basic,420,50,10,1.2,1.43924,0.36411,0.55641,0.64217
basic,420,50,10,1.2,1.53862,0.43089,0.54438,0.6831
basic,420,50,10,1.2,1.66514,0.50991,0.5139,0.70555
basic,420,50,10,1.2,1.82836,0.60342,0.48102,0.75261
basic,420,50,10,1.2,2.0423,0.71408,0.45551,0.7939
basic,420,50,10,1.2,2.32805,0.84503,0.42979,0.83001
basic,420,50,10,1.2,2.71828,1.0,0.38972,0.82947
basic,840,5,10,1.2,1.08329,0.08,0.64901,0.0864
basic,840,5,10,1.2,1.0993,0.09467,0.64505,0.1026
basic,840,5,10,1.2,1.11855,0.11203,0.64515,0.13002
basic,840,5,10,1.2,1.14177,0.13258,0.64359,0.18852
basic,840,5,10,1.2,1.16987,0.15689,0.64065,0.2517
basic,840,5,10,1.2,1.20402,0.18566,0.63432,0.37446
basic,840,5,10,1.2,1.24572,0.21971,0.627,0.53177
basic,840,5,10,1.2,1.29694,0.26,0.61255,0.73675
basic,840,5,10,1.2,1.36027,0.30769,0.60128,0.92749
basic,840,5,10,1.2,1.43924,0.36411,0.56934,1.12949
basic,840,5,10,1.2,1.53862,0.43089,0.54272,1.3143
basic,840,5,10,1.2,1.66514,0.50991,0.51617,1.527
basic,840,5,10,1.2,1.82836,0.60342,0.47405,1.63756
basic,840,5,10,1.2,2.0423,0.71408,0.43193,1.74983
basic,840,5,10,1.2,2.32805,0.84503,0.39087,1.85468
basic,840,5,10,1.2,2.71828,1.0,0.35161,1.87625
basic,840,10,10,1.2,1.08329,0.08,0.64714,0.10822
basic,840,10,10,1.2,1.0993,0.09467,0.64537,0.13133
basic,840,10,10,1.2,1.11855,0.11203,0.63842,0.16118
basic,840,10,10,1.2,1.14177,0.13258,0.63991,0.21346
basic,840,10,10,1.2,1.16987,0.15689,0.63325,0.27122
basic,840,10,10,1.2,1.20402,0.18566,0.62559,0.37819
basic,840,10,10,1.2,1.24572,0.21971,0.61167,0.48579
basic,840,10,10,1.2,1.29694,0.26,0.59764,0.60197
basic,840,10,10,1.2,1.36027,0.30769,0.58211,0.74445
basic,840,10,10,1.2,1.43924,0.36411,0.5499,0.86952
basic,840,10,10,1.2,1.53862,0.43089,0.51938,0.9836
basic,840,10,10,1.2,1.66514,0.50991,0.48724,1.10508
basic,840,10,10,1.2,1.82836,0.60342,0.4534,1.18532
basic,840,10,10,1.2,2.0423,0.71408,0.4189,1.24436
basic,840,10,10,1.2,2.32805,0.84503,0.37449,1.29576
basic,840,10,10,1.2,2.71828,1.0,0.33519,1.32225
basic,840,20,10,1.2,1.08329,0.08,0.64141,0.14503
basic,840,20,10,1.2,1.0993,0.09467,0.6375,0.17252
basic,840,20,10,1.2,1.11855,0.11203,0.63088,0.21531
basic,840,20,10,1.2,1.14177,0.13258,0.62968,0.26556
basic,840,20,10,1.2,1.16987,0.15689,0.62274,0.32098
basic,840,20,10,1.2,1.20402,0.18566,0.61507,0.39594
basic,840,20,10,1.2,1.24572,0.21971,0.59727,0.48437
basic,840,20,10,1.2,1.29694,0.26,0.58083,0.57308
basic,840,20,10,1.2,1.36027,0.30769,0.55361,0.66349
basic,840,20,10,1.2,1.43924,0.36411,0.52498,0.76242
basic,840,20,10,1.2,1.53862,0.43089,0.5017,0.84036
basic,840,20,10,1.2,1.66514,0.50991,0.47636,0.90877
basic,840,20,10,1.2,1.82836,0.60342,0.44281,0.96136
basic,840,20,10,1.2,2.0423,0.71408,0.4044,0.9939
basic,840,20,10,1.2,2.32805,0.84503,0.36569,1.03768
basic,840,20,10,1.2,2.71828,1.0,0.33202,1.05027
basic,840,50,10,1.2,1.08329,0.08,0.62765,0.24715
basic,840,50,10,1.2,1.0993,0.09467,0.62221,0.28203
basic,840,50,10,1.2,1.11855,0.11203,0.62086,0.32511
basic,840,50,10,1.2,1.14177,0.13258,0.60958,0.37136
basic,840,50,10,1.2,1.16987,0.15689,0.59846,0.42042
basic,840,50,10,1.2,1.20402,0.18566,0.58481,0.48758
basic,840,50,10,1.2,1.24572,0.21971,0.56887,0.55634
basic,840,50,10,1.2,1.29694,0.26,0.54698,0.60762
basic,840,50,10,1.2,1.36027,0.30769,0.52775,0.67905
basic,840,50,10,1.2,1.43924,0.36411,0.50735,0.73213
basic,840,50,10,1.2,1.53862,0.43089,0.47427,0.77235
basic,840,50,10,1.2,1.66514,0.50991,0.44644,0.81714
basic,840,50,10,1.2,1.82836,0.60342,0.41639,0.85145
basic,840,50,10,1.2,2.0423,0.71408,0.38031,0.87313
basic,840,50,10,1.2,2.32805,0.84503,0.33909,0.89499
basic,840,50,10,1.2,2.71828,1.0,0.31113,0.91351
basic,1680,5,10,1.2,1.08329,0.08,0.67538,0.12281
basic,1680,5,10,1.2,1.0993,0.09467,0.67084,0.19913
basic,1680,5,10,1.2,1.11855,0.11203,0.66471,0.32945
basic,1680,5,10,1.2,1.14177,0.13258,0.65277,0.51515
basic,1680,5,10,1.2,1.16987,0.15689,0.64079,0.74347
basic,1680,5,10,1.2,1.20402,0.18566,0.61794,1.00016
basic,1680,5,10,1.2,1.24572,0.21971,0.59301,1.22982
basic,1680,5,10,1.2,1.29694,0.26,0.56106,1.40854
basic,1680,5,10,1.2,1.36027,0.30769,0.52435,1.57508
basic,1680,5,10,1.2,1.43924,0.36411,0.48651,1.7037
basic,1680,5,10,1.2,1.53862,0.43089,0.44574,1.79797
basic,1680,5,10,1.2,1.66514,0.50991,0.40512,1.90464
basic,1680,5,10,1.2,1.82836,0.60342,0.35735,1.99324
basic,1680,5,10,1.2,2.0423,0.71408,0.3139,2.02428
basic,1680,5,10,1.2,2.32805,0.84503,0.27661,2.04809
basic,1680,5,10,1.2,2.71828,1.0,0.2387,2.0854
basic,1680,10,10,1.2,1.08329,0.08,0.66705,0.14879
basic,1680,10,10,1.2,1.0993,0.09467,0.66383,0.22266
basic,1680,10,10,1.2,1.11855,0.11203,0.6587,0.32225
basic,1680,10,10,1.2,1.14177,0.13258,0.64437,0.46033
basic,1680,10,10,1.2,1.16987,0.15689,0.62976,0.62214
basic,1680,10,10,1.2,1.20402,0.18566,0.60493,0.76695
basic,1680,10,10,1.2,1.24572,0.21971,0.57702,0.91465
basic,1680,10,10,1.2,1.29694,0.26,0.54502,1.02494
basic,1680,10,10,1.2,1.36027,0.30769,0.51158,1.11832
basic,1680,10,10,1.2,1.43924,0.36411,0.47388,1.18865
basic,1680,10,10,1.2,1.53862,0.43089,0.43845,1.26395
basic,1680,10,10,1.2,1.66514,0.50991,0.39851,1.34156
basic,1680,10,10,1.2,1.82836,0.60342,0.36249,1.40455
basic,1680,10,10,1.2,2.0423,0.71408,0.32513,1.43081
basic,1680,10,10,1.2,2.32805,0.84503,0.28268,1.45515
basic,1680,10,10,1.2,2.71828,1.0,0.25446,1.49481
basic,1680,20,10,1.2,1.08329,0.08,0.66221,0.18027
basic,1680,20,10,1.2,1.0993,0.09467,0.65491,0.25627
basic,1680,20,10,1.2,1.11855,0.11203,0.64733,0.34755
basic,1680,20,10,1.2,1.14177,0.13258,0.6329,0.45459
basic,1680,20,10,1.2,1.16987,0.15689,0.61434,0.56057
basic,1680,20,10,1.2,1.20402,0.18566,0.59336,0.66018
basic,1680,20,10,1.2,1.24572,0.21971,0.55937,0.75194
basic,1680,20,10,1.2,1.29694,0.26,0.52776,0.8232
basic,1680,20,10,1.2,1.36027,0.30769,0.49823,0.89614
basic,1680,20,10,1.2,1.43924,0.36411,0.46224,0.96195
basic,1680,20,10,1.2,1.53862,0.43089,0.4268,1.0159
basic,1680,20,10,1.2,1.66514,0.50991,0.39255,1.05342
basic,1680,20,10,1.2,1.82836,0.60342,0.3574,1.09747
basic,1680,20,10,1.2,2.0423,0.71408,0.32285,1.12644
basic,1680,20,10,1.2,2.32805,0.84503,0.28878,1.158
basic,1680,20,10,1.2,2.71828,1.0,0.25546,1.17048
basic,1680,50,10,1.2,1.08329,0.08,0.65029,0.26514
basic,1680,50,10,1.2,1.0993,0.09467,0.64027,0.32731
basic,1680,50,10,1.2,1.11855,0.11203,0.62977,0.41041
basic,1680,50,10,1.2,1.14177,0.13258,0.61098,0.48887
basic,1680,50,10,1.2,1.16987,0.15689,0.59712,0.56162
basic,1680,50,10,1.2,1.20402,0.18566,0.56832,0.63671
basic,1680,50,10,1.2,1.24572,0.21971,0.54091,0.69761
basic,1680,50,10,1.2,1.29694,0.26,0.5096,0.74963
basic,1680,50,10,1.2,1.36027,0.30769,0.47934,0.79703
basic,1680,50,10,1.2,1.43924,0.36411,0.44727,0.84027
basic,1680,50,10,1.2,1.53862,0.43089,0.41581,0.87951
basic,1680,50,10,1.2,1.66514,0.50991,0.38163,0.91333
basic,1680,50,10,1.2,1.82836,0.60342,0.35082,0.93669
basic,1680,50,10,1.2,2.0423,0.71408,0.31537,0.96026
basic,1680,50,10,1.2,2.32805,0.84503,0.28918,0.96796
basic,1680,50,10,1.2,2.71828,1.0,0.2546,0.98166
