method,cd,N,W_eff,seed,W_eff_utilization,efficiency,collision_rate,successes
oracle,1,10,50,42,0.8032800000000002,1.043920634920635,0.23751674827424762,5.511
pnd,1,10,50,42,0.7800000000000002,0.9948789682539682,0.2091263160511111,5.254
dcf_self_excl,1,10,50,42,0.6731200000000002,0.8473123015873016,0.1481256229641632,4.478
and,1,10,50,42,0.63176,0.8245150793650794,0.6384754460167777,4.363
oracle,0,10,50,42,0.51392,1.2669690476190476,0.26837946293902176,3.574
pnd,0,10,50,42,0.49160000000000004,1.2174095238095237,0.23166590321013697,3.431
dcf_self_excl,0,10,50,42,0.43648000000000003,1.062402380952381,0.17159569663484386,3.034
and,0,10,50,42,0.019440000000000006,0.07199047619047619,0.9571474025974026,0.201
oracle,1,10,50,123,0.8004000000000001,1.0349178571428572,0.244889430125582,5.561
pnd,1,10,50,123,0.7728800000000001,0.9753912698412698,0.21573782248885356,5.241
dcf_self_excl,1,10,50,123,0.66568,0.846670634920635,0.14468493527664536,4.541
and,1,10,50,123,0.6256000000000002,0.8144702380952381,0.6405641356064444,4.368
oracle,0,10,50,123,0.49544000000000005,1.2565587301587302,0.27984777984743153,3.529
pnd,0,10,50,123,0.48000000000000004,1.192979761904762,0.24384394380129676,3.344
dcf_self_excl,0,10,50,123,0.43224000000000007,1.078172619047619,0.17242927966687893,3.021
and,0,10,50,123,0.01912,0.07223214285714286,0.9532579975579974,0.201
oracle,1,10,50,456,0.7975200000000002,1.026198015873016,0.24504960143292692,5.543
pnd,1,10,50,456,0.7726400000000001,0.9800654761904761,0.21595543240729387,5.308
dcf_self_excl,1,10,50,456,0.6666400000000001,0.8414825396825397,0.1461926178633515,4.541
and,1,10,50,456,0.63144,0.8074857142857143,0.6464097677152726,4.363
oracle,0,10,50,456,0.4861600000000001,1.192611507936508,0.28246436904169103,3.497
pnd,0,10,50,456,0.4736,1.1436428571428572,0.2473700431104843,3.348
dcf_self_excl,0,10,50,456,0.43752,1.0524873015873015,0.17217397089475936,3.039
and,0,10,50,456,0.0216,0.06484206349206349,0.9556666666666668,0.204
oracle,1,10,50,789,0.7961600000000002,1.0266146825396825,0.2428191756047854,5.546
pnd,1,10,50,789,0.7727200000000002,0.9782980158730159,0.21987337117912398,5.289
dcf_self_excl,1,10,50,789,0.6649600000000001,0.8379142857142857,0.14678624311886637,4.524
and,1,10,50,789,0.6265600000000002,0.8221523809523809,0.643541249854602,4.432
oracle,0,10,50,789,0.49368000000000006,1.2207281746031744,0.27784578893328893,3.507
pnd,0,10,50,789,0.4696,1.1501849206349206,0.24667740278297554,3.35
dcf_self_excl,0,10,50,789,0.4364,1.073667857142857,0.1708727396440699,3.057
and,0,10,50,789,0.02208,0.08446071428571429,0.9505099206349207,0.238
oracle,1,10,50,1234,0.7960800000000001,1.0212904761904762,0.2472940871557213,5.485
pnd,1,10,50,1234,0.7776000000000002,0.9737690476190476,0.2094970321907245,5.25
dcf_self_excl,1,10,50,1234,0.66696,0.8285781746031746,0.147690827769699,4.447
and,1,10,50,1234,0.6266400000000001,0.8057285714285713,0.6481302329242816,4.333
oracle,0,10,50,1234,0.49160000000000004,1.1946083333333333,0.28418344800624207,3.415
pnd,0,10,50,1234,0.49000000000000005,1.174947619047619,0.2376049019607843,3.415
dcf_self_excl,0,10,50,1234,0.4356000000000001,1.0504011904761905,0.17343065729681695,3.029
and,0,10,50,1234,0.019600000000000003,0.06513095238095237,0.9564335137085137,0.193
oracle,1,10,100,42,0.7607200000000001,1.0031964285714285,0.2362894943181483,9.622
pnd,1,10,100,42,0.7499600000000001,0.9903896825396825,0.19843863113738497,9.503
dcf_self_excl,1,10,100,42,0.6483199999999999,0.8605543650793652,0.09849332124549456,8.262
and,1,10,100,42,0.67976,0.9042130952380953,0.4366892705620453,8.684
oracle,0,10,100,42,0.5099600000000001,1.1723182539682542,0.25788371684733524,6.781
pnd,0,10,100,42,0.50464,1.141988888888889,0.2254717891521041,6.624
dcf_self_excl,0,10,100,42,0.45228,1.0160099206349205,0.14165436340357365,5.921
and,0,10,100,42,0.10668000000000001,0.27776071428571425,0.7917335276488218,1.611
oracle,1,10,100,123,0.76068,1.002745634920635,0.24045329672938306,9.631
pnd,1,10,100,123,0.7475200000000001,0.9875527777777778,0.20185857921519976,9.49
dcf_self_excl,1,10,100,123,0.64588,0.8587031746031747,0.09855462992744635,8.257
and,1,10,100,123,0.67564,0.8990150793650795,0.43781872660870663,8.647
oracle,0,10,100,123,0.50356,1.1321099206349208,0.2626436740537464,6.733
pnd,0,10,100,123,0.49163999999999997,1.0943484126984127,0.22990906422975577,6.517
dcf_self_excl,0,10,100,123,0.4485200000000001,0.9924928571428572,0.1397611276369331,5.945
and,0,10,100,123,0.10764000000000001,0.2669099206349207,0.7899728523908377,1.595
oracle,1,10,100,456,0.7576400000000001,1.0036285714285715,0.23859362849808283,9.651
pnd,1,10,100,456,0.7435200000000001,0.9873361111111112,0.20134903142550917,9.498
dcf_self_excl,1,10,100,456,0.64744,0.862927777777778,0.09821391544959582,8.304
and,1,10,100,456,0.67564,0.9027968253968255,0.439393057873039,8.691
oracle,0,10,100,456,0.5060800000000001,1.1098083333333333,0.26256722763372387,6.782
pnd,0,10,100,456,0.48848,1.0740619047619047,0.22897774139633564,6.578
dcf_self_excl,0,10,100,456,0.45104,0.9865214285714285,0.13961202052089036,6.016
and,0,10,100,456,0.106,0.2556785714285714,0.7936693824020837,1.562
oracle,1,10,100,789,0.7537600000000001,1.002247619047619,0.2430467521022469,9.624
pnd,1,10,100,789,0.7418800000000001,0.9897603174603176,0.20107182129337164,9.509
dcf_self_excl,1,10,100,789,0.6434,0.8622857142857144,0.09793440183644635,8.287
and,1,10,100,789,0.6715199999999999,0.9000051587301588,0.43541859990322357,8.656
oracle,0,10,100,789,0.4998,1.1289170634920633,0.2644225455846408,6.749
pnd,0,10,100,789,0.49432000000000004,1.0927269841269842,0.22835693873227042,6.612
dcf_self_excl,0,10,100,789,0.45100000000000007,0.9852436507936507,0.14134228055900083,5.991
and,0,10,100,789,0.10212,0.25574246031746034,0.796049218484474,1.565
oracle,1,10,100,1234,0.7602800000000001,1.0012623015873017,0.24405528704800047,9.593
pnd,1,10,100,1234,0.74976,0.9888186507936508,0.1970383059712483,9.478
dcf_self_excl,1,10,100,1234,0.64864,0.8583555555555556,0.09874228146372889,8.232
and,1,10,100,1234,0.67716,0.898120634920635,0.4426233902466469,8.617
oracle,0,10,100,1234,0.5004000000000001,1.0989329365079366,0.2663996416031108,6.652
pnd,0,10,100,1234,0.5044000000000001,1.0906773809523809,0.22300729248656045,6.676
dcf_self_excl,0,10,100,1234,0.45136000000000004,0.978147619047619,0.13991390046210697,5.916
and,0,10,100,1234,0.10248,0.2564293650793651,0.7948748653694088,1.558
oracle,1,20,50,42,0.7872800000000002,1.0569599206349207,0.24862092948486547,5.487
pnd,1,20,50,42,0.7697600000000002,1.0097634920634921,0.23811959620542036,5.258
dcf_self_excl,1,20,50,42,0.6704000000000001,0.8744226190476191,0.15319862474637977,4.554
and,1,20,50,42,0.4030400000000001,0.5912396825396825,0.8488132528299263,3.07
oracle,0,20,50,42,0.48080000000000006,1.2326916666666665,0.28299844779403605,3.408
pnd,0,20,50,42,0.46184000000000003,1.1732261904761905,0.2546890639589169,3.229
dcf_self_excl,0,20,50,42,0.43144000000000005,1.0769349206349206,0.16509671411749585,2.999
and,0,20,50,42,0.0004,0.00215,0.9991666666666668,0.005
oracle,1,20,50,123,0.7862400000000003,1.03966626984127,0.24872294367178355,5.438
pnd,1,20,50,123,0.7741600000000002,1.008499603174603,0.2384641374367744,5.287
dcf_self_excl,1,20,50,123,0.6677600000000001,0.8721123015873016,0.15468837501779067,4.567
and,1,20,50,123,0.4097600000000001,0.5903674603174603,0.8465994253125645,3.08
oracle,0,20,50,123,0.4714400000000001,1.2374932539682542,0.28534784643461114,3.309
pnd,0,20,50,123,0.45272,1.2161575396825397,0.2604588483412013,3.207
dcf_self_excl,0,20,50,123,0.42440000000000005,1.1109742063492063,0.16726612024026882,2.961
and,0,20,50,123,0.00032,0.0018333333333333333,0.9993333333333334,0.004
oracle,1,20,50,456,0.7908800000000002,1.0483464285714286,0.24832053835407925,5.486
pnd,1,20,50,456,0.7726400000000001,0.9995408730158731,0.23991849289310893,5.232
dcf_self_excl,1,20,50,456,0.6686400000000001,0.8757841269841269,0.15458864226255623,4.584
and,1,20,50,456,0.40760000000000013,0.5911309523809524,0.8478975572947965,3.081
oracle,0,20,50,456,0.49328000000000005,1.230277380952381,0.2803402039137333,3.426
pnd,0,20,50,456,0.4578400000000001,1.158584523809524,0.26147668997668994,3.191
dcf_self_excl,0,20,50,456,0.43184000000000006,1.0597234126984125,0.16599029850998823,2.992
and,0,20,50,456,0.00016,0.00045,0.9992619047619048,0.002
oracle,1,20,50,789,0.7902400000000002,1.0564194444444444,0.25081361619213904,5.512
pnd,1,20,50,789,0.77192,1.0049511904761905,0.24022245036671308,5.257
dcf_self_excl,1,20,50,789,0.67072,0.8777940476190477,0.15373681551976534,4.572
and,1,20,50,789,0.4113600000000001,0.5954309523809524,0.8478463533809802,3.106
oracle,0,20,50,789,0.48224,1.2955400793650793,0.2850856782106782,3.432
pnd,0,20,50,789,0.45320000000000005,1.1958376984126986,0.26316993978243974,3.173
dcf_self_excl,0,20,50,789,0.4312800000000001,1.1492373015873019,0.16562804584476412,3.011
and,0,20,50,789,8e-05,0.0002,0.9996904761904761,0.001
oracle,1,20,50,1234,0.7880000000000003,1.039725,0.2525951360623351,5.404
pnd,1,20,50,1234,0.7716000000000002,1.0176984126984125,0.2374426944899884,5.305
dcf_self_excl,1,20,50,1234,0.6665600000000002,0.8676242063492063,0.15785847961340893,4.516
and,1,20,50,1234,0.4135200000000001,0.5883551587301588,0.8482901969417962,3.065
oracle,0,20,50,1234,0.4861600000000001,1.2371809523809525,0.287383457963605,3.327
pnd,0,20,50,1234,0.45976,1.1944130952380951,0.2638108481387893,3.243
dcf_self_excl,0,20,50,1234,0.42952,1.1003166666666668,0.16856471291417785,2.949
and,0,20,50,1234,0.00016,0.0006666666666666666,0.9996666666666667,0.002
oracle,1,20,100,42,0.8100000000000002,1.0194673104673104,0.25615908333923515,10.702
pnd,1,20,100,42,0.79728,0.9952168803418804,0.25401791519445843,10.46
dcf_self_excl,1,20,100,42,0.6736799999999998,0.8333308358308358,0.16123255474617199,8.742
and,1,20,100,42,0.57172,0.7284322705072704,0.7583016590415148,7.641
oracle,0,20,100,42,0.48444000000000004,1.1416208402708403,0.2762946477040904,6.445
pnd,0,20,100,42,0.46692000000000006,1.0929157231657232,0.26658963749064335,6.219
dcf_self_excl,0,20,100,42,0.41912,0.9689579059829059,0.18219713135403082,5.51
and,0,20,100,42,0.015200000000000002,0.04901382506382506,0.962132672882673,0.276
oracle,1,20,100,123,0.81196,1.0186658216783218,0.2562978051778574,10.645
pnd,1,20,100,123,0.8004000000000001,0.9947817932067932,0.2534978320775473,10.412
dcf_self_excl,1,20,100,123,0.67664,0.8349666625041625,0.15875496547814297,8.728
and,1,20,100,123,0.5788799999999998,0.73837533993784,0.7542521593556409,7.712
oracle,0,20,100,123,0.49000000000000005,1.1378374764124766,0.2733503528152571,6.508
pnd,0,20,100,123,0.46332000000000007,1.0811783827283827,0.266188159571729,6.175
dcf_self_excl,0,20,100,123,0.42460000000000003,0.9807121350871351,0.17939230786781063,5.585
and,0,20,100,123,0.014600000000000002,0.04993623043623043,0.9626464646464646,0.283
oracle,1,20,100,456,0.8122,1.0136233240615593,0.25693840715917315,10.703
pnd,1,20,100,456,0.79468,0.986185221314633,0.2586763156212074,10.413
dcf_self_excl,1,20,100,456,0.67704,0.8305547025686733,0.16073822780741404,8.76
and,1,20,100,456,0.57404,0.7348693089590149,0.7538001850098508,7.753
oracle,0,20,100,456,0.4928,1.1781106116106117,0.2748390963269462,6.584
pnd,0,20,100,456,0.46212000000000003,1.085426037851038,0.26936401553894723,6.125
dcf_self_excl,0,20,100,456,0.41956000000000004,0.9769582473082473,0.1829342822656755,5.529
and,0,20,100,456,0.01448,0.052595021645021646,0.9621064491064492,0.27
oracle,1,20,100,789,0.81084,1.0138535729793083,0.25803668801942614,10.705
pnd,1,20,100,789,0.797,0.9829417524468995,0.2576058498104884,10.381
dcf_self_excl,1,20,100,789,0.67248,0.8311224562202504,0.15904806313855624,8.762
and,1,20,100,789,0.5802,0.7318494092508798,0.7545857697430763,7.727
oracle,0,20,100,789,0.4890400000000001,1.1437841436341436,0.2736712157525619,6.512
pnd,0,20,100,789,0.46624000000000004,1.0829984903984902,0.269369289425352,6.158
dcf_self_excl,0,20,100,789,0.42068000000000005,0.9706644966144966,0.18103555593530177,5.537
and,0,20,100,789,0.01448,0.051970718170718175,0.9632045454545455,0.266
oracle,1,20,100,1234,0.8108000000000001,1.0114415504430212,0.2583166131088243,10.57
pnd,1,20,100,1234,0.7989200000000001,0.9956067172206877,0.2561548466416128,10.413
dcf_self_excl,1,20,100,1234,0.67328,0.8287639225970108,0.1648058346819696,8.648
and,1,20,100,1234,0.5794400000000001,0.7353259516627163,0.7577912179135347,7.686
oracle,0,20,100,1234,0.49412,1.168390243090243,0.27460753710978725,6.477
pnd,0,20,100,1234,0.4646,1.1086203268953267,0.2672932407966716,6.157
dcf_self_excl,0,20,100,1234,0.41780000000000006,0.989974716949717,0.1839019610429741,5.457
and,0,20,100,1234,0.01304,0.050186854811854816,0.964659090909091,0.244
oracle,1,30,50,42,0.7833600000000002,1.051602380952381,0.24944658219825672,5.418
pnd,1,30,50,42,0.7750400000000002,1.021897619047619,0.24415298405492922,5.274
dcf_self_excl,1,30,50,42,0.66744,0.8847218253968253,0.14776871717138135,4.557
and,1,30,50,42,0.25992000000000004,0.4278376984126984,0.9162305862966975,2.183
oracle,0,30,50,42,0.47808000000000006,1.2325718253968252,0.2868760991029954,3.324
pnd,0,30,50,42,0.46304000000000006,1.1865218253968255,0.2593429372914667,3.226
dcf_self_excl,0,30,50,42,0.4415200000000001,1.1155626984126985,0.16211674775602794,3.015
and,0,30,50,42,0.0,0.0,1.0,0.0
oracle,1,30,50,123,0.7864800000000002,1.0545714285714285,0.24965730439446115,5.409
pnd,1,30,50,123,0.7720800000000001,1.0210039682539682,0.24570408973441998,5.237
dcf_self_excl,1,30,50,123,0.6660000000000001,0.8826281746031746,0.15017680506438927,4.513
and,1,30,50,123,0.26624000000000003,0.43270753968253967,0.9165473243708273,2.212
oracle,0,30,50,123,0.48584000000000005,1.2664845238095237,0.280667285694182,3.383
pnd,0,30,50,123,0.45064000000000004,1.2036380952380952,0.26991197574355463,3.169
dcf_self_excl,0,30,50,123,0.42496000000000006,1.1116023809523807,0.1619864851078238,2.96
and,0,30,50,123,0.0,0.0,1.0,0.0
oracle,1,30,50,456,0.7856000000000002,1.0355162698412699,0.25369596846580184,5.426
pnd,1,30,50,456,0.7664000000000001,0.9973099206349206,0.2498307516648777,5.238
dcf_self_excl,1,30,50,456,0.6656000000000002,0.8665269841269841,0.15210185323104816,4.558
and,1,30,50,456,0.26776,0.42692142857142856,0.9145812153051773,2.229
oracle,0,30,50,456,0.48408000000000007,1.2277150793650793,0.28593527567204036,3.361
pnd,0,30,50,456,0.45008000000000004,1.1298857142857142,0.26994043456543454,3.104
dcf_self_excl,0,30,50,456,0.42768000000000006,1.0779277777777778,0.16715523486213013,2.982
and,0,30,50,456,0.0,0.0,1.0,0.0
oracle,1,30,50,789,0.7804000000000002,1.0364190476190474,0.2550329802157843,5.357
pnd,1,30,50,789,0.7701600000000001,1.043577380952381,0.247540610450526,5.387
dcf_self_excl,1,30,50,789,0.6658400000000001,0.8895214285714286,0.14850240040700613,4.579
and,1,30,50,789,0.26727999999999996,0.4368242063492063,0.9155543585140828,2.237
oracle,0,30,50,789,0.46928000000000003,1.1765833333333335,0.28846805343349463,3.278
pnd,0,30,50,789,0.44632000000000005,1.1771785714285714,0.27005200355200354,3.189
dcf_self_excl,0,30,50,789,0.4388800000000001,1.128847619047619,0.15889772645655,3.072
and,0,30,50,789,0.0,0.0,1.0,0.0
oracle,1,30,50,1234,0.7849600000000002,1.040129365079365,0.2536429605298526,5.376
pnd,1,30,50,1234,0.7727200000000003,1.021340873015873,0.24628430598181178,5.293
dcf_self_excl,1,30,50,1234,0.6704000000000001,0.8745130952380953,0.14864990309459816,4.53
and,1,30,50,1234,0.26272,0.42963809523809526,0.9153881053006481,2.214
oracle,0,30,50,1234,0.47848,1.1508853174603175,0.29011994500597443,3.265
pnd,0,30,50,1234,0.45616000000000007,1.1221841269841268,0.2652781510972687,3.194
dcf_self_excl,0,30,50,1234,0.4431200000000001,1.070048015873016,0.16078428184564275,3.063
and,0,30,50,1234,0.0,0.0,1.0,0.0
oracle,1,30,100,42,0.8074000000000001,1.0149068861693862,0.25627402312881953,10.555
pnd,1,30,100,42,0.79556,0.9968686313686315,0.27020630750142244,10.369
dcf_self_excl,1,30,100,42,0.6796399999999999,0.8564913794538795,0.17183765239240775,8.903
and,1,30,100,42,0.38304000000000005,0.5153101703851705,0.8831562670798792,5.352
oracle,0,30,100,42,0.4806,1.1219762348762348,0.27523213207077146,6.357
pnd,0,30,100,42,0.455,1.0696668914418914,0.2776989708211134,5.995
dcf_self_excl,0,30,100,42,0.42784000000000005,1.0111772477522476,0.17453666960576267,5.66
and,0,30,100,42,0.0029200000000000003,0.011622655122655123,0.9905555555555556,0.067
oracle,1,30,100,123,0.80556,1.0192264513264513,0.2647339700167031,10.499
pnd,1,30,100,123,0.7986000000000001,1.0085993284493284,0.26755561908088443,10.383
dcf_self_excl,1,30,100,123,0.6799199999999999,0.8575494727494728,0.1727995582420038,8.826
and,1,30,100,123,0.38088000000000005,0.5047864746364746,0.8854070342967102,5.2
oracle,0,30,100,123,0.48160000000000003,1.1435757353757354,0.27953504634192977,6.35
pnd,0,30,100,123,0.46088,1.092982622932623,0.27429656249213863,6.09
dcf_self_excl,0,30,100,123,0.42348,0.9864032967032967,0.17483529330726538,5.539
and,0,30,100,123,0.0035600000000000002,0.015111147186147188,0.9897070707070706,0.081
oracle,1,30,100,456,0.8071200000000002,1.0290849289599289,0.25952280131715016,10.682
pnd,1,30,100,456,0.7951600000000001,1.0012233127983128,0.2692133044314175,10.377
dcf_self_excl,1,30,100,456,0.67788,0.8605431568431567,0.1716281495164441,8.929
and,1,30,100,456,0.38676000000000005,0.5168681041181041,0.8834465018439893,5.355
oracle,0,30,100,456,0.48636,1.1271294982794984,0.2766255796919288,6.457
pnd,0,30,100,456,0.45228000000000007,1.0396678932178933,0.2815328587845252,5.965
dcf_self_excl,0,30,100,456,0.4262,0.9962399572649573,0.17337464301974762,5.669
and,0,30,100,456,0.00424,0.01592622655122655,0.9882424242424243,0.09
oracle,1,30,100,789,0.80796,1.023228293928294,0.26046379699884603,10.659
pnd,1,30,100,789,0.7928,1.0087196248196248,0.2694382696799055,10.506
dcf_self_excl,1,30,100,789,0.6762,0.8583590520590522,0.1719602943965573,8.933
and,1,30,100,789,0.3844,0.5145380758130756,0.8844305866018092,5.352
oracle,0,30,100,789,0.48188,1.1380577478077478,0.27696074419054195,6.389
pnd,0,30,100,789,0.45044000000000006,1.0804898046398048,0.27992973004452504,6.063
dcf_self_excl,0,30,100,789,0.42104,0.9944769425019426,0.1741362012407224,5.594
and,0,30,100,789,0.0033200000000000005,0.01441634199134199,0.9902222222222222,0.075
oracle,1,30,100,1234,0.80608,1.0132604082192318,0.2585110150130923,10.536
pnd,1,30,100,1234,0.79568,0.9961085285629403,0.26942114602803585,10.368
dcf_self_excl,1,30,100,1234,0.6858399999999999,0.8590906315090139,0.16893637777595713,8.924
and,1,30,100,1234,0.38400000000000006,0.5162239423974718,0.8831464253839777,5.358
oracle,0,30,100,1234,0.48300000000000004,1.1145283466533464,0.2778903034636552,6.327
pnd,0,30,100,1234,0.4546,1.0595964257964257,0.27719945261235573,6.049
dcf_self_excl,0,30,100,1234,0.4317600000000001,0.9869822483072482,0.17448897459797638,5.624
and,0,30,100,1234,0.0035600000000000007,0.014561183261183261,0.9877979797979799,0.085
oracle,1,50,50,42,0.7835200000000002,1.0579880952380953,0.25130415150635294,5.428
pnd,1,50,50,42,0.7726400000000002,1.0248678571428573,0.2493887761317291,5.262
dcf_self_excl,1,50,50,42,0.6640800000000001,0.8839448412698413,0.14355437300623383,4.555
and,1,50,50,42,0.08752000000000001,0.1877186507936508,0.972039687063419,0.952
oracle,0,50,50,42,0.4715200000000001,1.1892555555555555,0.2861264361455538,3.304
pnd,0,50,50,42,0.45248,1.161288095238095,0.26781892551892555,3.156
dcf_self_excl,0,50,50,42,0.43352000000000007,1.098976587301587,0.1613647233354731,3.033
and,0,50,50,42,0.0,0.0,1.0,0.0
oracle,1,50,50,123,0.7807200000000002,1.0313726190476191,0.254414978701807,5.315
pnd,1,50,50,123,0.7737600000000001,1.0272154761904762,0.24583167832286118,5.294
dcf_self_excl,1,50,50,123,0.66352,0.8734496031746032,0.1435537429519623,4.492
and,1,50,50,123,0.08703999999999999,0.1840626984126984,0.9712576816488022,0.946
oracle,0,50,50,123,0.468,1.1538904761904762,0.290723105162811,3.264
pnd,0,50,50,123,0.46248,1.1204547619047618,0.26190518370518373,3.215
dcf_self_excl,0,50,50,123,0.4376000000000001,1.0624404761904762,0.15726981392491388,3.012
and,0,50,50,123,0.0,0.0,1.0,0.0
oracle,1,50,50,456,0.7777600000000001,1.0207781746031745,0.2573230934502374,5.382
pnd,1,50,50,456,0.7727200000000003,1.0041083333333332,0.2472936679955365,5.301
dcf_self_excl,1,50,50,456,0.66144,0.8551119047619047,0.14636004165457167,4.508
and,1,50,50,456,0.08688,0.18156349206349204,0.9719960558968515,0.936
oracle,0,50,50,456,0.46832000000000007,1.1641130952380954,0.29617178464810046,3.254
pnd,0,50,50,456,0.44944000000000006,1.1132642857142856,0.2679791625041625,3.122
dcf_self_excl,0,50,50,456,0.42808,1.0724809523809522,0.1621977943610061,2.973
and,0,50,50,456,0.0,0.0,1.0,0.0
oracle,1,50,50,789,0.7830400000000002,1.0262869047619048,0.25697145087237133,5.344
pnd,1,50,50,789,0.76744,1.0068095238095238,0.2522074677705101,5.241
dcf_self_excl,1,50,50,789,0.66224,0.8568845238095237,0.14349577657798068,4.474
and,1,50,50,789,0.09087999999999999,0.1850107142857143,0.9715975250684591,0.952
oracle,0,50,50,789,0.46712000000000004,1.1804642857142857,0.2911096440109598,3.239
pnd,0,50,50,789,0.45064000000000004,1.144804761904762,0.2678247016872017,3.153
dcf_self_excl,0,50,50,789,0.43672000000000005,1.0706285714285715,0.15873373086434062,2.987
and,0,50,50,789,0.0,0.0,1.0,0.0
oracle,1,50,50,1234,0.7881600000000002,1.0344940476190476,0.24859422264220712,5.326
pnd,1,50,50,1234,0.7655200000000002,1.0189829365079366,0.2526530512940393,5.227
dcf_self_excl,1,50,50,1234,0.6648,0.8799734126984127,0.1436702214317588,4.516
and,1,50,50,1234,0.09072,0.19541746031746032,0.9706342022923252,0.992
oracle,0,50,50,1234,0.48672000000000004,1.2028119047619048,0.28253000651309473,3.326
pnd,0,50,50,1234,0.44239999999999996,1.1140690476190476,0.2714735986235986,3.088
dcf_self_excl,0,50,50,1234,0.4416800000000001,1.0980595238095239,0.1568512747142778,3.047
and,0,50,50,1234,0.0,0.0,1.0,0.0
oracle,1,50,100,42,0.8036800000000001,1.0086959932224637,0.26207803812450425,10.46
pnd,1,50,100,42,0.7958000000000001,0.9986554670819375,0.2778025755090907,10.345
dcf_self_excl,1,50,100,42,0.6835600000000001,0.8614388675866618,0.1636261077791945,8.923
and,1,50,100,42,0.20344000000000007,0.30316799295475766,0.9454661850323154,3.138
oracle,0,50,100,42,0.4815200000000001,1.1477863386613387,0.2757760657324907,6.354
pnd,0,50,100,42,0.44676000000000005,1.0757038517038517,0.2851948117645281,5.907
dcf_self_excl,0,50,100,42,0.43100000000000005,1.0215547036297035,0.17008231658787662,5.663
and,0,50,100,42,0.00035999999999999997,0.0018011904761904762,0.9987777777777778,0.009
oracle,1,50,100,123,0.8006400000000001,1.0141616813741814,0.2627503504255169,10.52
pnd,1,50,100,123,0.79472,1.0033733752358753,0.27657938002529786,10.398
dcf_self_excl,1,50,100,123,0.68248,0.8561425713175713,0.16198056008880526,8.872
and,1,50,100,123,0.20160000000000006,0.29090632423132423,0.9470617995821494,3.012
oracle,0,50,100,123,0.4764,1.1028221361971362,0.2784614513196405,6.254
pnd,0,50,100,123,0.45336000000000004,1.0637335886335886,0.2790452276851489,6.03
dcf_self_excl,0,50,100,123,0.4324000000000001,1.0073296398046399,0.1675645539246117,5.676
and,0,50,100,123,0.00044000000000000007,0.002176190476190476,0.9987777777777779,0.011
oracle,1,50,100,456,0.8002,1.0055081224331224,0.26280814936192926,10.513
pnd,1,50,100,456,0.7943600000000001,0.996643505106005,0.2766606670411946,10.413
dcf_self_excl,1,50,100,456,0.67664,0.8534502997002997,0.16424789413728635,8.926
and,1,50,100,456,0.20312000000000005,0.29945680569430566,0.9449182883468678,3.12
oracle,0,50,100,456,0.47464000000000006,1.08209932012432,0.2811004232890395,6.236
pnd,0,50,100,456,0.45364,1.0313620324120325,0.2795347091265923,5.989
dcf_self_excl,0,50,100,456,0.42984000000000006,0.9873272560772561,0.16995940301474935,5.678
and,0,50,100,456,0.0005200000000000001,0.002486904761904762,0.9984444444444445,0.013
oracle,1,50,100,789,0.8040400000000001,1.0114575729825728,0.26119363449303545,10.529
pnd,1,50,100,789,0.79168,0.996792451992452,0.27764299349393656,10.374
dcf_self_excl,1,50,100,789,0.68124,0.8557466630591631,0.1623597584102507,8.909
and,1,50,100,789,0.20652000000000004,0.2990661408036408,0.9459493815576008,3.103
oracle,0,50,100,789,0.4801600000000001,1.1204634199134198,0.2786133226467898,6.314
pnd,0,50,100,789,0.4446800000000001,1.043881449106449,0.28401188925278065,5.901
dcf_self_excl,0,50,100,789,0.43168000000000006,0.9949353812853813,0.1678253493987634,5.622
and,0,50,100,789,0.00044,0.0018107142857142855,0.9985555555555555,0.011
oracle,1,50,100,1234,0.8082800000000001,1.0121255439005439,0.2549516858860533,10.521
pnd,1,50,100,1234,0.7914000000000001,0.9956512584637585,0.28098283613632413,10.339
dcf_self_excl,1,50,100,1234,0.6819599999999999,0.8542035742035743,0.16484818399121484,8.871
and,1,50,100,1234,0.20428000000000004,0.29665742451992444,0.9468901092154111,3.085
oracle,0,50,100,1234,0.49628000000000005,1.1393120546120548,0.27011709972341347,6.491
pnd,0,50,100,1234,0.4432400000000001,1.0254381868131868,0.28585919644033236,5.873
dcf_self_excl,0,50,100,1234,0.4324800000000001,0.9984274586524586,0.16843645146324462,5.674
and,0,50,100,1234,0.00035999999999999997,0.0019218253968253966,0.9988888888888889,0.009
