access,w_eff,n_vis,n_nat,r,eps_i,eps_c,tau_nat,tau_settled,tau_eq_pred,T,rho
rts,420,5,5,0.25,0.03,0.0075,0.06867,0.402926,0.337437,0.59084,1.88596
rts,420,5,5,0.5,0.03,0.015,0.06867,0.331073,0.260792,0.65356,1.8699
rts,420,5,5,0.75,0.03,0.0225,0.06867,0.283546,0.218052,0.69424,1.83978
rts,420,5,5,1.0,0.03,0.03,0.06867,0.263471,0.189169,0.70683,1.83834
rts,420,5,5,1.5,0.03,0.045,0.06867,0.216744,0.150974,0.72702,1.80114
rts,420,5,5,2.0,0.03,0.06,0.06867,0.18855,0.125906,0.73999,1.73647
rts,420,5,5,3.0,0.03,0.09,0.06867,0.14549,0.093732,0.7529,1.61057
rts,420,5,5,5.0,0.03,0.15,0.06867,0.097068,0.058765,0.75727,1.41079
rts,420,5,10,0.25,0.03,0.0075,0.05593,0.390301,0.297067,0.59649,2.80354
rts,420,5,10,0.5,0.03,0.015,0.05593,0.312357,0.215314,0.66285,2.75754
rts,420,5,10,0.75,0.03,0.0225,0.05593,0.266633,0.169867,0.69307,2.7268
rts,420,5,10,1.0,0.03,0.03,0.05593,0.233937,0.139276,0.70909,2.65233
rts,420,5,10,1.5,0.03,0.045,0.05593,0.18115,0.099072,0.72515,2.44995
rts,420,5,10,2.0,0.03,0.06,0.05593,0.142755,0.072917,0.72909,2.32301
rts,420,5,10,3.0,0.03,0.09,0.05593,0.0627,0.039757,0.73461,1.52045
rts,420,5,10,5.0,0.03,0.15,0.05593,0.00097,0.004512,0.72036,0.04474
rts,420,5,20,0.25,0.03,0.0075,0.04487,0.36916,0.230308,0.60357,4.66757
rts,420,5,20,0.5,0.03,0.015,0.04487,0.285142,0.140745,0.65534,4.53515
rts,420,5,20,0.75,0.03,0.0225,0.04487,0.215004,0.091422,0.68308,4.33258
rts,420,5,20,1.0,0.03,0.03,0.04487,0.161394,0.058551,0.68927,3.998
rts,420,5,20,1.5,0.03,0.045,0.04487,0.052241,0.015952,0.67558,2.23382
rts,420,5,20,2.0,0.03,0.06,0.04487,0.001932,nan,0.62984,0.12372
rts,420,5,20,3.0,0.03,0.09,0.04487,0.000106,nan,0.63034,0.00594
rts,420,5,20,5.0,0.03,0.15,0.04487,0.000105,nan,0.63212,0.00149
rts,420,20,5,0.25,0.03,0.0075,0.06359,0.099251,0.08183,0.61271,1.16807
rts,420,20,5,0.5,0.03,0.015,0.06359,0.076087,0.060741,0.6802,1.16162
rts,420,20,5,0.75,0.03,0.0225,0.06359,0.064267,0.049852,0.70382,1.13675
rts,420,20,5,1.0,0.03,0.03,0.06359,0.056841,0.042809,0.7203,1.10686
rts,420,20,5,1.5,0.03,0.045,0.06359,0.045736,0.033849,0.73744,1.06144
rts,420,20,5,2.0,0.03,0.06,0.06359,0.038188,0.028169,0.7478,1.01846
rts,420,20,5,3.0,0.03,0.09,0.06359,0.027885,0.021083,0.75581,0.91676
rts,420,20,5,5.0,0.03,0.15,0.06359,0.01721,0.013593,0.76235,0.73438
rts,420,20,10,0.25,0.03,0.0075,0.05309,0.097349,0.07117,0.60797,1.38648
rts,420,20,10,0.5,0.03,0.015,0.05309,0.07269,0.04983,0.66843,1.33745
rts,420,20,10,0.75,0.03,0.0225,0.05309,0.057171,0.038823,0.70055,1.28402
rts,420,20,10,1.0,0.03,0.03,0.05309,0.049531,0.031712,0.7072,1.23298
rts,420,20,10,1.5,0.03,0.045,0.05309,0.036342,0.022682,0.72137,1.13904
rts,420,20,10,2.0,0.03,0.06,0.05309,0.027112,0.016972,0.72761,0.99941
rts,420,20,10,3.0,0.03,0.09,0.05309,0.01458,0.009873,0.73149,0.71272
rts,420,20,10,5.0,0.03,0.15,0.05309,0.000586,0.002418,0.71728,0.04275
rts,420,20,20,0.25,0.03,0.0075,0.04389,0.090837,0.053642,0.61536,1.85366
rts,420,20,20,0.5,0.03,0.015,0.04389,0.06381,0.031915,0.66114,1.7623
rts,420,20,20,0.75,0.03,0.0225,0.04389,0.047885,0.020735,0.6709,1.6331
rts,420,20,20,1.0,0.03,0.03,0.04389,0.035106,0.01353,0.68718,1.50323
rts,420,20,20,1.5,0.03,0.045,0.04389,0.014659,0.004414,0.67109,0.92522
rts,420,20,20,2.0,0.03,0.06,0.04389,0.001744,nan,0.63398,0.16955
rts,420,20,20,3.0,0.03,0.09,0.04389,0.000106,nan,0.63498,0.01123
rts,420,20,20,5.0,0.03,0.15,0.04389,0.000104,nan,0.63127,0.01183
rts,420,50,5,0.25,0.03,0.0075,0.05758,0.039561,0.033044,0.62208,1.04135
rts,420,50,5,0.5,0.03,0.015,0.05758,0.030015,0.024503,0.67645,1.00677
rts,420,50,5,0.75,0.03,0.0225,0.05758,0.025229,0.020145,0.70446,0.98197
rts,420,50,5,1.0,0.03,0.03,0.05758,0.021375,0.017344,0.71728,0.95302
rts,420,50,5,1.5,0.03,0.045,0.05758,0.017491,0.013802,0.73455,0.92221
rts,420,50,5,2.0,0.03,0.06,0.05758,0.014305,0.011568,0.7459,0.87168
rts,420,50,5,3.0,0.03,0.09,0.05758,0.010823,0.008791,0.75649,0.79737
rts,420,50,5,5.0,0.03,0.15,0.05758,0.006307,0.005866,0.75981,0.63999
rts,420,50,10,0.25,0.03,0.0075,0.04907,0.038338,0.028949,0.60817,1.10126
rts,420,50,10,0.5,0.03,0.015,0.04907,0.029068,0.020376,0.67252,1.05772
rts,420,50,10,0.75,0.03,0.0225,0.04907,0.022784,0.016005,0.69394,1.0144
rts,420,50,10,1.0,0.03,0.03,0.04907,0.018998,0.013198,0.71371,0.98016
rts,420,50,10,1.5,0.03,0.045,0.04907,0.014153,0.009653,0.71836,0.88725
rts,420,50,10,2.0,0.03,0.06,0.04907,0.010306,0.00742,0.7279,0.77305
rts,420,50,10,3.0,0.03,0.09,0.04907,0.005381,0.00465,0.73254,0.5355
rts,420,50,10,5.0,0.03,0.15,0.04907,0.000368,0.001745,0.7141,0.05289
rts,420,50,20,0.25,0.03,0.0075,0.0422,0.035955,0.021794,0.60974,1.28037
rts,420,50,20,0.5,0.03,0.015,0.0422,0.025252,0.013168,0.6532,1.20888
rts,420,50,20,0.75,0.03,0.0225,0.0422,0.018894,0.008777,0.67518,1.13269
rts,420,50,20,1.0,0.03,0.03,0.0422,0.013934,0.005962,0.68025,1.04842
rts,420,50,20,1.5,0.03,0.045,0.0422,0.006735,0.002413,0.68408,0.74681
rts,420,50,20,2.0,0.03,0.06,0.0422,0.001236,0.000185,0.64294,0.19301
rts,420,50,20,3.0,0.03,0.09,0.0422,0.000106,nan,0.62823,0.0234
rts,420,50,20,5.0,0.03,0.15,0.0422,0.000104,nan,0.62949,0.01817
rts,1680,5,5,0.25,0.03,0.0075,0.05054,0.401214,0.354442,0.59561,1.96045
rts,1680,5,5,0.5,0.03,0.015,0.05054,0.328996,0.27995,0.66467,1.94936
rts,1680,5,5,0.75,0.03,0.0225,0.05054,0.283206,0.238354,0.70704,1.93396
rts,1680,5,5,1.0,0.03,0.03,0.05054,0.253787,0.210193,0.72181,1.91808
rts,1680,5,5,1.5,0.03,0.045,0.05054,0.211012,0.172847,0.7431,1.85877
rts,1680,5,5,2.0,0.03,0.06,0.05054,0.184584,0.148235,0.75471,1.81626
rts,1680,5,5,3.0,0.03,0.09,0.05054,0.143837,0.11646,0.76652,1.72812
rts,1680,5,5,5.0,0.03,0.15,0.05054,0.098404,0.081537,0.77703,1.53459
rts,1680,5,10,0.25,0.03,0.0075,0.04333,0.393365,0.321503,0.59946,2.93753
rts,1680,5,10,0.5,0.03,0.015,0.04333,0.315053,0.2427,0.66732,2.8933
rts,1680,5,10,0.75,0.03,0.0225,0.04333,0.27117,0.198756,0.69728,2.84807
rts,1680,5,10,1.0,0.03,0.03,0.04333,0.2329,0.169072,0.71736,2.78946
rts,1680,5,10,1.5,0.03,0.045,0.04333,0.183393,0.129857,0.7373,2.66052
rts,1680,5,10,2.0,0.03,0.06,0.04333,0.149972,0.104161,0.74918,2.54182
rts,1680,5,10,3.0,0.03,0.09,0.04333,0.095769,0.071263,0.7556,2.13222
rts,1680,5,10,5.0,0.03,0.15,0.04333,0.026507,0.035683,0.74647,0.89283
rts,1680,5,20,0.25,0.03,0.0075,0.0351,0.391466,0.270359,0.5928,4.89939
rts,1680,5,20,0.5,0.03,0.015,0.0351,0.304148,0.185239,0.66212,4.80917
rts,1680,5,20,0.75,0.03,0.0225,0.0351,0.249253,0.138016,0.69562,4.70087
rts,1680,5,20,1.0,0.03,0.03,0.0351,0.205018,0.10631,0.70681,4.56626
rts,1680,5,20,1.5,0.03,0.045,0.0351,0.141019,0.064797,0.72152,4.10163
rts,1680,5,20,2.0,0.03,0.06,0.0351,0.078158,0.037934,0.71786,3.16089
rts,1680,5,20,3.0,0.03,0.09,0.0351,0.000153,0.004118,0.68382,0.01081
rts,1680,5,20,5.0,0.03,0.15,0.0351,0.000117,nan,0.68481,0.00668
rts,1680,20,5,0.25,0.03,0.0075,0.04619,0.098231,0.086293,0.62268,1.21811
rts,1680,20,5,0.5,0.03,0.015,0.04619,0.07492,0.065293,0.68781,1.199
rts,1680,20,5,0.75,0.03,0.0225,0.04619,0.06255,0.054439,0.7144,1.17152
rts,1680,20,5,1.0,0.03,0.03,0.04619,0.054465,0.047412,0.73223,1.15688
rts,1680,20,5,1.5,0.03,0.045,0.04619,0.044342,0.03846,0.74987,1.11862
rts,1680,20,5,2.0,0.03,0.06,0.04619,0.037547,0.032774,0.76027,1.07702
rts,1680,20,5,3.0,0.03,0.09,0.04619,0.028929,0.025661,0.76983,0.98898
rts,1680,20,5,5.0,0.03,0.15,0.04619,0.018765,0.018104,0.77351,0.83544
rts,1680,20,10,0.25,0.03,0.0075,0.04058,0.095022,0.077597,0.62125,1.45052
rts,1680,20,10,0.5,0.03,0.015,0.04058,0.070766,0.056384,0.6812,1.40704
rts,1680,20,10,0.75,0.03,0.0225,0.04058,0.057346,0.045427,0.7089,1.3622
rts,1680,20,10,1.0,0.03,0.03,0.04058,0.049189,0.038338,0.72484,1.32159
rts,1680,20,10,1.5,0.03,0.045,0.04058,0.037687,0.029318,0.73818,1.22657
rts,1680,20,10,2.0,0.03,0.06,0.04058,0.029557,0.023599,0.74707,1.13351
rts,1680,20,10,3.0,0.03,0.09,0.04058,0.018524,0.01646,0.75158,0.89558
rts,1680,20,10,5.0,0.03,0.15,0.04058,0.005099,0.008911,0.74508,0.34875
rts,1680,20,20,0.25,0.03,0.0075,0.03389,0.092079,0.063989,0.61991,1.93009
rts,1680,20,20,0.5,0.03,0.015,0.03389,0.066062,0.042454,0.67408,1.86994
rts,1680,20,20,0.75,0.03,0.0225,0.03389,0.051678,0.031346,0.69756,1.78043
rts,1680,20,20,1.0,0.03,0.03,0.03389,0.040245,0.02417,0.71023,1.68269
rts,1680,20,20,1.5,0.03,0.045,0.03389,0.025652,0.015059,0.71748,1.42643
rts,1680,20,20,2.0,0.03,0.06,0.03389,0.014623,0.0093,0.70949,1.06215
rts,1680,20,20,3.0,0.03,0.09,0.03389,0.000157,0.002142,0.68494,0.02039
rts,1680,20,20,5.0,0.03,0.15,0.03389,0.000116,nan,0.68401,0.01371
rts,1680,50,5,0.25,0.03,0.0075,0.04281,0.038702,0.034573,0.62884,1.06541
rts,1680,50,5,0.5,0.03,0.015,0.04281,0.029293,0.026038,0.68951,1.04378
rts,1680,50,5,0.75,0.03,0.0225,0.04281,0.024307,0.02168,0.71465,1.02744
rts,1680,50,5,1.0,0.03,0.03,0.04281,0.021135,0.018877,0.73368,0.99834
rts,1680,50,5,1.5,0.03,0.045,0.04281,0.016894,0.01533,0.7493,0.95959
rts,1680,50,5,2.0,0.03,0.06,0.04281,0.014624,0.013089,0.76008,0.93323
rts,1680,50,5,3.0,0.03,0.09,0.04281,0.011064,0.010299,0.76942,0.86158
rts,1680,50,5,5.0,0.03,0.15,0.04281,0.006861,0.007349,0.7719,0.70733
rts,1680,50,10,0.25,0.03,0.0075,0.03811,0.03738,0.031212,0.62914,1.15579
rts,1680,50,10,0.5,0.03,0.015,0.03811,0.027505,0.022649,0.68647,1.11617
rts,1680,50,10,0.75,0.03,0.0225,0.03811,0.022449,0.018279,0.71166,1.08648
rts,1680,50,10,1.0,0.03,0.03,0.03811,0.018829,0.01547,0.72486,1.04348
rts,1680,50,10,1.5,0.03,0.045,0.03811,0.014314,0.011918,0.74123,0.97078
rts,1680,50,10,2.0,0.03,0.06,0.03811,0.011341,0.009676,0.74777,0.88458
rts,1680,50,10,3.0,0.03,0.09,0.03811,0.006976,0.006889,0.75094,0.70964
rts,1680,50,10,5.0,0.03,0.15,0.03811,0.001816,0.003951,0.74372,0.24835
rts,1680,50,20,0.25,0.03,0.0075,0.03301,0.036665,0.02559,0.62049,1.34794
rts,1680,50,20,0.5,0.03,0.015,0.03301,0.025681,0.016981,0.67643,1.29564
rts,1680,50,20,0.75,0.03,0.0225,0.03301,0.019813,0.012591,0.69476,1.2281
rts,1680,50,20,1.0,0.03,0.03,0.03301,0.015689,0.009773,0.7079,1.15571
rts,1680,50,20,1.5,0.03,0.045,0.03301,0.010022,0.006213,0.7153,0.98571
rts,1680,50,20,2.0,0.03,0.06,0.03301,0.005683,0.003971,0.70857,0.70234
rts,1680,50,20,3.0,0.03,0.09,0.03301,0.000146,0.00119,0.68542,0.02711
rts,1680,50,20,5.0,0.03,0.15,0.03301,0.000115,nan,0.68286,0.0226
basic,420,5,5,0.25,0.03,0.0075,0.07009,0.370163,0.336079,0.29485,1.76343
basic,420,5,5,0.5,0.03,0.015,0.07009,0.310752,0.259267,0.35681,1.77059
basic,420,5,5,0.75,0.03,0.0225,0.07009,0.282295,0.21644,0.4029,1.76793
basic,420,5,5,1.0,0.03,0.03,0.07009,0.250904,0.187503,0.45001,1.74115
basic,420,5,5,1.5,0.03,0.045,0.07009,0.211229,0.149247,0.50125,1.75142
basic,420,5,5,2.0,0.03,0.06,0.07009,0.184617,0.124149,0.54679,1.68459
basic,420,5,5,3.0,0.03,0.09,0.07009,0.145341,0.091954,0.60693,1.60002
basic,420,5,5,5.0,0.03,0.15,0.07009,0.093592,0.056999,0.65691,1.36669
basic,420,5,10,0.25,0.03,0.0075,0.05741,0.332936,0.294135,0.30983,2.66091
basic,420,5,10,0.5,0.03,0.015,0.05741,0.28336,0.212039,0.38219,2.59872
basic,420,5,10,0.75,0.03,0.0225,0.05741,0.245409,0.166422,0.41931,2.60135
basic,420,5,10,1.0,0.03,0.03,0.05741,0.213101,0.135732,0.45133,2.46854
basic,420,5,10,1.5,0.03,0.045,0.05741,0.160942,0.095425,0.51375,2.32774
basic,420,5,10,2.0,0.03,0.06,0.05741,0.129518,0.069229,0.56063,2.13144
basic,420,5,10,3.0,0.03,0.09,0.05741,0.054732,0.036057,0.62048,1.38541
basic,420,5,10,5.0,0.03,0.15,0.05741,0.000336,0.000878,0.62936,0.00884
basic,420,5,20,0.25,0.03,0.0075,0.04538,0.269249,0.228161,0.36036,4.39029
basic,420,5,20,0.5,0.03,0.015,0.04538,0.204422,0.13837,0.4113,4.11631
basic,420,5,20,0.75,0.03,0.0225,0.04538,0.148992,0.088944,0.46487,3.72899
basic,420,5,20,1.0,0.03,0.03,0.04538,0.102629,0.056017,0.47859,3.26769
basic,420,5,20,1.5,0.03,0.045,0.04538,0.026072,0.013372,0.46874,1.35253
basic,420,5,20,2.0,0.03,0.06,0.04538,0.002392,nan,0.45338,0.16914
basic,420,5,20,3.0,0.03,0.09,0.04538,0.000104,nan,0.44834,0.00371
basic,420,5,20,5.0,0.03,0.15,0.04538,0.000102,nan,0.45052,0.00369
basic,420,20,5,0.25,0.03,0.0075,0.0647,0.093954,0.081543,0.30102,1.10565
basic,420,20,5,0.5,0.03,0.015,0.0647,0.074432,0.060448,0.38826,1.10923
basic,420,20,5,0.75,0.03,0.0225,0.0647,0.062673,0.049558,0.43579,1.10382
basic,420,20,5,1.0,0.03,0.03,0.0647,0.056671,0.042513,0.46969,1.0682
basic,420,20,5,1.5,0.03,0.045,0.0647,0.043877,0.033554,0.53921,1.03102
basic,420,20,5,2.0,0.03,0.06,0.0647,0.038125,0.027875,0.57105,0.99138
basic,420,20,5,3.0,0.03,0.09,0.0647,0.027432,0.020791,0.63534,0.91971
basic,420,20,5,5.0,0.03,0.15,0.0647,0.017922,0.013306,0.67923,0.73746
basic,420,20,10,0.25,0.03,0.0075,0.05377,0.086727,0.070817,0.3043,1.28087
basic,420,20,10,0.5,0.03,0.015,0.05377,0.06843,0.049471,0.39139,1.30307
basic,420,20,10,0.75,0.03,0.0225,0.05377,0.054725,0.038462,0.4423,1.22723
basic,420,20,10,1.0,0.03,0.03,0.05377,0.046985,0.03135,0.46625,1.2167
basic,420,20,10,1.5,0.03,0.045,0.05377,0.034556,0.02232,0.52187,1.08623
basic,420,20,10,2.0,0.03,0.06,0.05377,0.025966,0.016611,0.55867,0.95299
basic,420,20,10,3.0,0.03,0.09,0.05377,0.013763,0.009515,0.60067,0.65907
basic,420,20,10,5.0,0.03,0.15,0.05377,0.000256,0.002066,0.61842,0.02281
basic,420,20,20,0.25,0.03,0.0075,0.04386,0.073368,0.053674,0.31903,1.71205
basic,420,20,20,0.5,0.03,0.015,0.04386,0.055334,0.031946,0.36676,1.65618
basic,420,20,20,0.75,0.03,0.0225,0.04386,0.041673,0.020767,0.43548,1.56839
basic,420,20,20,1.0,0.03,0.03,0.04386,0.029456,0.013562,0.44168,1.31107
basic,420,20,20,1.5,0.03,0.045,0.04386,0.010516,0.004447,0.46134,0.79627
basic,420,20,20,2.0,0.03,0.06,0.04386,0.00196,nan,0.45758,0.20779
basic,420,20,20,3.0,0.03,0.09,0.04386,0.000104,nan,0.45512,0.01521
basic,420,20,20,5.0,0.03,0.15,0.04386,0.000102,nan,0.4445,0.00922
basic,420,50,5,0.25,0.03,0.0075,0.05782,0.036806,0.033019,0.31464,0.97715
basic,420,50,5,0.5,0.03,0.015,0.05782,0.029511,0.024478,0.39942,0.98148
basic,420,50,5,0.75,0.03,0.0225,0.05782,0.024421,0.02012,0.44417,0.95888
basic,420,50,5,1.0,0.03,0.03,0.05782,0.02111,0.017319,0.48025,0.92794
basic,420,50,5,1.5,0.03,0.045,0.05782,0.016823,0.013778,0.52082,0.89376
basic,420,50,5,2.0,0.03,0.06,0.05782,0.014114,0.011543,0.57383,0.85158
basic,420,50,5,3.0,0.03,0.09,0.05782,0.010539,0.008767,0.61222,0.78669
basic,420,50,5,5.0,0.03,0.15,0.05782,0.005768,0.005842,0.67622,0.59402
basic,420,50,10,0.25,0.03,0.0075,0.04979,0.034636,0.0288,0.30333,1.0209
basic,420,50,10,0.5,0.03,0.015,0.04979,0.026889,0.020226,0.38062,1.02589
basic,420,50,10,0.75,0.03,0.0225,0.04979,0.021811,0.015855,0.43105,0.98954
basic,420,50,10,1.0,0.03,0.03,0.04979,0.018625,0.013048,0.47677,0.95416
basic,420,50,10,1.5,0.03,0.045,0.04979,0.013176,0.009504,0.51844,0.85895
basic,420,50,10,2.0,0.03,0.06,0.04979,0.009894,0.007271,0.56563,0.75297
basic,420,50,10,3.0,0.03,0.09,0.04979,0.005459,0.004503,0.62439,0.56839
basic,420,50,10,5.0,0.03,0.15,0.04979,0.000226,0.0016,0.64488,0.03007
basic,420,50,20,0.25,0.03,0.0075,0.04092,0.030093,0.022325,0.31451,1.20574
basic,420,50,20,0.5,0.03,0.015,0.04092,0.022469,0.013701,0.3585,1.14512
basic,420,50,20,0.75,0.03,0.0225,0.04092,0.01686,0.00931,0.40977,1.05273
basic,420,50,20,1.0,0.03,0.03,0.04092,0.012911,0.006494,0.44165,0.97239
basic,420,50,20,1.5,0.03,0.045,0.04092,0.005605,0.002944,0.46336,0.63884
basic,420,50,20,2.0,0.03,0.06,0.04092,0.001391,0.000713,0.45357,0.21185
basic,420,50,20,3.0,0.03,0.09,0.04092,0.000104,nan,0.44789,0.02203
basic,420,50,20,5.0,0.03,0.15,0.04092,0.000102,nan,0.44815,0.01356
basic,1680,5,5,0.25,0.03,0.0075,0.05451,0.40248,0.35077,0.2464,1.92744
basic,1680,5,5,0.5,0.03,0.015,0.05451,0.328577,0.275805,0.33131,1.92599
basic,1680,5,5,0.75,0.03,0.0225,0.05451,0.2845,0.233953,0.39735,1.90459
basic,1680,5,5,1.0,0.03,0.03,0.05451,0.25421,0.205628,0.43299,1.89695
basic,1680,5,5,1.5,0.03,0.045,0.05451,0.209155,0.168084,0.49487,1.84091
basic,1680,5,5,2.0,0.03,0.06,0.05451,0.182793,0.143361,0.53015,1.80546
basic,1680,5,5,3.0,0.03,0.09,0.05451,0.14057,0.111478,0.5922,1.70032
basic,1680,5,5,5.0,0.03,0.15,0.05451,0.094991,0.076514,0.65338,1.4801
basic,1680,5,10,0.25,0.03,0.0075,0.0464,0.396575,0.315636,0.2345,2.88977
basic,1680,5,10,0.5,0.03,0.015,0.0464,0.316924,0.236108,0.32719,2.86947
basic,1680,5,10,0.75,0.03,0.0225,0.0464,0.265381,0.191789,0.39418,2.8188
basic,1680,5,10,1.0,0.03,0.03,0.0464,0.233277,0.161875,0.43199,2.77562
basic,1680,5,10,1.5,0.03,0.045,0.0464,0.178792,0.122399,0.48935,2.63435
basic,1680,5,10,2.0,0.03,0.06,0.0464,0.14108,0.096574,0.53674,2.47113
basic,1680,5,10,3.0,0.03,0.09,0.0464,0.091787,0.063583,0.58816,2.09039
basic,1680,5,10,5.0,0.03,0.15,0.0464,0.01704,0.028046,0.65251,0.62038
basic,1680,5,20,0.25,0.03,0.0075,0.03863,0.392861,0.25612,0.2288,4.83293
basic,1680,5,20,0.5,0.03,0.015,0.03863,0.307889,0.16938,0.32749,4.79058
basic,1680,5,20,0.75,0.03,0.0225,0.03863,0.249933,0.121374,0.3816,4.688
basic,1680,5,20,1.0,0.03,0.03,0.03863,0.201596,0.089222,0.41877,4.50676
basic,1680,5,20,1.5,0.03,0.045,0.03863,0.116315,0.047272,0.4752,3.84619
basic,1680,5,20,2.0,0.03,0.06,0.03863,0.055751,0.020251,0.49756,2.61686
basic,1680,5,20,3.0,0.03,0.09,0.03863,0.000119,nan,0.49295,0.00348
basic,1680,5,20,5.0,0.03,0.15,0.03863,0.000108,nan,0.49343,0.0024
basic,1680,20,5,0.25,0.03,0.0075,0.05119,0.099483,0.085019,0.26144,1.19834
basic,1680,20,5,0.5,0.03,0.015,0.05119,0.07603,0.063993,0.35391,1.18153
basic,1680,20,5,0.75,0.03,0.0225,0.05119,0.063388,0.053128,0.42523,1.16549
basic,1680,20,5,1.0,0.03,0.03,0.05119,0.054561,0.046094,0.45788,1.13761
basic,1680,20,5,1.5,0.03,0.045,0.05119,0.043169,0.037139,0.52245,1.09226
basic,1680,20,5,2.0,0.03,0.06,0.05119,0.036115,0.031453,0.56748,1.04865
basic,1680,20,5,3.0,0.03,0.09,0.05119,0.027618,0.024345,0.62147,0.98499
basic,1680,20,5,5.0,0.03,0.15,0.05119,0.017924,0.016804,0.67623,0.81392
basic,1680,20,10,0.25,0.03,0.0075,0.04439,0.096032,0.075651,0.25964,1.42882
basic,1680,20,10,0.5,0.03,0.015,0.04439,0.071111,0.054397,0.35877,1.39777
basic,1680,20,10,0.75,0.03,0.0225,0.04439,0.057005,0.043424,0.4128,1.35594
basic,1680,20,10,1.0,0.03,0.03,0.04439,0.047781,0.036327,0.4607,1.31427
basic,1680,20,10,1.5,0.03,0.045,0.04439,0.035229,0.027302,0.51337,1.20963
basic,1680,20,10,2.0,0.03,0.06,0.04439,0.026831,0.021584,0.54802,1.08629
basic,1680,20,10,3.0,0.03,0.09,0.04439,0.016905,0.014454,0.59349,0.86136
basic,1680,20,10,5.0,0.03,0.15,0.04439,0.003481,0.00693,0.65846,0.26009
basic,1680,20,20,0.25,0.03,0.0075,0.03765,0.092709,0.06012,0.2579,1.90826
basic,1680,20,20,0.5,0.03,0.015,0.03765,0.066629,0.03851,0.35202,1.83747
basic,1680,20,20,0.75,0.03,0.0225,0.03765,0.05025,0.027372,0.39741,1.75555
basic,1680,20,20,1.0,0.03,0.03,0.03765,0.038035,0.020183,0.42478,1.65194
basic,1680,20,20,1.5,0.03,0.045,0.03765,0.021863,0.011067,0.47815,1.32108
basic,1680,20,20,2.0,0.03,0.06,0.03765,0.010389,0.005313,0.49259,0.84785
basic,1680,20,20,3.0,0.03,0.09,0.03765,0.000118,nan,0.49319,0.0105
basic,1680,20,20,5.0,0.03,0.15,0.03765,0.000108,nan,0.4973,0.01113
basic,1680,50,5,0.25,0.03,0.0075,0.048,0.038834,0.034038,0.27338,1.05389
basic,1680,50,5,0.5,0.03,0.015,0.048,0.029109,0.0255,0.37194,1.03696
basic,1680,50,5,0.75,0.03,0.0225,0.048,0.024197,0.021142,0.4288,1.01356
basic,1680,50,5,1.0,0.03,0.03,0.048,0.020645,0.01834,0.46507,0.99532
basic,1680,50,5,1.5,0.03,0.045,0.048,0.016381,0.014794,0.52302,0.95236
basic,1680,50,5,2.0,0.03,0.06,0.048,0.013934,0.012555,0.57047,0.92364
basic,1680,50,5,3.0,0.03,0.09,0.048,0.010387,0.009769,0.62521,0.84288
basic,1680,50,5,5.0,0.03,0.15,0.048,0.006626,0.006827,0.68014,0.69406
basic,1680,50,10,0.25,0.03,0.0075,0.04268,0.037279,0.030272,0.26544,1.13621
basic,1680,50,10,0.5,0.03,0.015,0.04268,0.027154,0.021704,0.36398,1.10709
basic,1680,50,10,0.75,0.03,0.0225,0.04268,0.021832,0.017333,0.41155,1.06655
basic,1680,50,10,1.0,0.03,0.03,0.04268,0.018162,0.014525,0.45667,1.03098
basic,1680,50,10,1.5,0.03,0.045,0.04268,0.013479,0.010975,0.51708,0.94369
basic,1680,50,10,2.0,0.03,0.06,0.04268,0.010542,0.008736,0.55693,0.85719
basic,1680,50,10,3.0,0.03,0.09,0.04268,0.006413,0.005955,0.60327,0.66785
basic,1680,50,10,5.0,0.03,0.15,0.04268,0.001271,0.00303,0.65615,0.19161
basic,1680,50,20,0.25,0.03,0.0075,0.03683,0.036162,0.024017,0.26649,1.32724
basic,1680,50,20,0.5,0.03,0.015,0.03683,0.025843,0.0154,0.35974,1.29268
basic,1680,50,20,0.75,0.03,0.0225,0.03683,0.019062,0.011009,0.40901,1.22025
basic,1680,50,20,1.0,0.03,0.03,0.03683,0.014162,0.008192,0.43717,1.1285
basic,1680,50,20,1.5,0.03,0.045,0.03683,0.007965,0.004636,0.48015,0.88915
basic,1680,50,20,2.0,0.03,0.06,0.03683,0.003993,0.002399,0.49244,0.57307
basic,1680,50,20,3.0,0.03,0.09,0.03683,0.000119,nan,0.4968,0.02612
basic,1680,50,20,5.0,0.03,0.15,0.03683,0.000108,nan,0.49702,0.02407
