access,w_eff,n_vis,n_nat,c_coll,c_idle,T,rho
rts,105,10,5,1.05,2.7668,0.66765,0.72123
rts,105,10,10,1.05,2.7668,0.65899,0.63987
rts,105,10,20,1.05,2.7668,0.58274,0.68119
rts,105,10,30,1.05,2.7668,0.51643,1.09363
rts,105,10,5,1.1,2.8177,0.6632,0.70995
rts,105,10,10,1.1,2.8177,0.65633,0.62712
rts,105,10,20,1.1,2.8177,0.5801,0.67835
rts,105,10,30,1.1,2.8177,0.51072,1.01841
rts,105,10,5,1.2,2.916,0.66357,0.72251
rts,105,10,10,1.2,2.916,0.65342,0.60931
rts,105,10,20,1.2,2.916,0.58425,0.6901
rts,105,10,30,1.2,2.916,0.50926,0.92836
rts,105,10,5,1.3,3.0101,0.6624,0.71711
rts,105,10,10,1.3,3.0101,0.65383,0.61819
rts,105,10,20,1.3,3.0101,0.58514,0.67106
rts,105,10,30,1.3,3.0101,0.51419,0.88161
rts,105,10,5,1.4,3.1006,0.66276,0.73199
rts,105,10,10,1.4,3.1006,0.65422,0.65448
rts,105,10,20,1.4,3.1006,0.58348,0.63105
rts,105,10,30,1.4,3.1006,0.50592,0.85059
rts,105,10,5,1.5,3.188,0.66077,0.73255
rts,105,10,10,1.5,3.188,0.65202,0.65884
rts,105,10,20,1.5,3.188,0.5795,0.64325
rts,105,10,30,1.5,3.188,0.50465,0.83058
rts,105,10,5,1.6,3.2724,0.65648,0.74579
rts,105,10,10,1.6,3.2724,0.65174,0.64751
rts,105,10,20,1.6,3.2724,0.58484,0.62978
rts,105,10,30,1.6,3.2724,0.49963,0.84681
rts,210,10,5,1.05,1.9634,0.70311,0.84384
rts,210,10,10,1.05,1.9634,0.69253,0.82933
rts,210,10,20,1.05,1.9634,0.63731,1.09211
rts,210,10,30,1.05,1.9634,0.57584,1.55828
rts,210,10,5,1.1,1.9955,0.70415,0.83857
rts,210,10,10,1.1,1.9955,0.68749,0.8034
rts,210,10,20,1.1,1.9955,0.64075,1.0791
rts,210,10,30,1.1,1.9955,0.57652,1.45185
rts,210,10,5,1.2,2.0578,0.69739,0.85067
rts,210,10,10,1.2,2.0578,0.68767,0.84491
rts,210,10,20,1.2,2.0578,0.63779,1.01394
rts,210,10,30,1.2,2.0578,0.56796,1.45723
rts,210,10,5,1.3,2.1176,0.69485,0.87584
rts,210,10,10,1.3,2.1176,0.69039,0.85816
rts,210,10,20,1.3,2.1176,0.63122,1.00163
rts,210,10,30,1.3,2.1176,0.56672,1.4048
rts,210,10,5,1.4,2.1755,0.69635,0.89447
rts,210,10,10,1.4,2.1755,0.6894,0.8587
rts,210,10,20,1.4,2.1755,0.63593,0.97988
rts,210,10,30,1.4,2.1755,0.56727,1.32884
rts,210,10,5,1.5,2.2315,0.6989,0.90029
rts,210,10,10,1.5,2.2315,0.69011,0.85952
rts,210,10,20,1.5,2.2315,0.63199,0.96961
rts,210,10,30,1.5,2.2315,0.56144,1.24043
rts,210,10,5,1.6,2.2859,0.69353,0.89127
rts,210,10,10,1.6,2.2859,0.68676,0.84656
rts,210,10,20,1.6,2.2859,0.63297,0.92861
rts,210,10,30,1.6,2.2859,0.56655,1.21224
rts,420,10,5,1.05,1.5205,0.72692,0.86999
rts,420,10,10,1.05,1.5205,0.71203,0.88991
rts,420,10,20,1.05,1.5205,0.65336,1.17544
rts,420,10,30,1.05,1.5205,0.5935,1.80841
rts,420,10,5,1.1,1.5434,0.72641,0.87859
rts,420,10,10,1.1,1.5434,0.70892,0.90189
rts,420,10,20,1.1,1.5434,0.6561,1.17285
rts,420,10,30,1.1,1.5434,0.59485,1.76363
rts,420,10,5,1.2,1.5882,0.72743,0.90017
rts,420,10,10,1.2,1.5882,0.71328,0.91299
rts,420,10,20,1.2,1.5882,0.65271,1.08134
rts,420,10,30,1.2,1.5882,0.58584,1.63021
rts,420,10,5,1.3,1.6318,0.72449,0.91504
rts,420,10,10,1.3,1.6318,0.71242,0.90327
rts,420,10,20,1.3,1.6318,0.65264,1.04234
rts,420,10,30,1.3,1.6318,0.58197,1.46905
rts,420,10,5,1.4,1.6745,0.72838,0.92711
rts,420,10,10,1.4,1.6745,0.70992,0.94214
rts,420,10,20,1.4,1.6745,0.65033,1.01238
rts,420,10,30,1.4,1.6745,0.57777,1.31243
rts,420,10,5,1.5,1.7164,0.72485,0.95452
rts,420,10,10,1.5,1.7164,0.71299,0.94269
rts,420,10,20,1.5,1.7164,0.64999,0.98136
rts,420,10,30,1.5,1.7164,0.56914,1.22698
rts,420,10,5,1.6,1.7578,0.72442,0.95879
rts,420,10,10,1.6,1.7578,0.71179,0.95127
rts,420,10,20,1.6,1.7578,0.6476,0.94163
rts,420,10,30,1.6,1.7578,0.56601,1.08359
rts,840,10,5,1.05,1.2873,0.74207,0.85709
rts,840,10,10,1.05,1.2873,0.72401,0.90072
rts,840,10,20,1.05,1.2873,0.66946,1.28005
rts,840,10,30,1.05,1.2873,0.62088,1.89952
rts,840,10,5,1.1,1.3056,0.74117,0.87161
rts,840,10,10,1.1,1.3056,0.72338,0.90742
rts,840,10,20,1.1,1.3056,0.66978,1.2256
rts,840,10,30,1.1,1.3056,0.61974,1.74796
rts,840,10,5,1.2,1.3423,0.74053,0.90034
rts,840,10,10,1.2,1.3423,0.72574,0.91752
rts,840,10,20,1.2,1.3423,0.66861,1.11324
rts,840,10,30,1.2,1.3423,0.61425,1.41975
rts,840,10,5,1.3,1.3791,0.74058,0.92663
rts,840,10,10,1.3,1.3791,0.72613,0.9391
rts,840,10,20,1.3,1.3791,0.66819,1.02776
rts,840,10,30,1.3,1.3791,0.60757,1.16696
rts,840,10,5,1.4,1.4164,0.74051,0.95587
rts,840,10,10,1.4,1.4164,0.72363,0.95007
rts,840,10,20,1.4,1.4164,0.66611,0.95009
rts,840,10,30,1.4,1.4164,0.60639,0.91591
rts,840,10,5,1.5,1.4545,0.73635,0.98051
rts,840,10,10,1.5,1.4545,0.72136,0.97708
rts,840,10,20,1.5,1.4545,0.66577,0.91019
rts,840,10,30,1.5,1.4545,0.60204,0.75752
rts,840,10,5,1.6,1.4935,0.73306,1.00005
rts,840,10,10,1.6,1.4935,0.72092,0.9921
rts,840,10,20,1.6,1.4935,0.66349,0.88281
rts,840,10,30,1.6,1.4935,0.60034,0.66144
rts,1680,10,5,1.05,1.1626,0.74951,0.88856
rts,1680,10,10,1.05,1.1626,0.73662,0.93065
rts,1680,10,20,1.05,1.1626,0.69303,1.2533
rts,1680,10,30,1.05,1.1626,0.65204,1.71899
rts,1680,10,5,1.1,1.1788,0.74926,0.91589
rts,1680,10,10,1.1,1.1788,0.73672,0.95696
rts,1680,10,20,1.1,1.1788,0.69421,1.17572
rts,1680,10,30,1.1,1.1788,0.64977,1.47144
rts,1680,10,5,1.2,1.2129,0.75092,0.95133
rts,1680,10,10,1.2,1.2129,0.73658,1.00643
rts,1680,10,20,1.2,1.2129,0.69349,1.0699
rts,1680,10,30,1.2,1.2129,0.64762,1.0813
rts,1680,10,5,1.3,1.2501,0.74912,1.00222
rts,1680,10,10,1.3,1.2501,0.73749,1.03636
rts,1680,10,20,1.3,1.2501,0.69152,1.02885
rts,1680,10,30,1.3,1.2501,0.64379,0.86102
rts,1680,10,5,1.4,1.2917,0.74726,1.03979
rts,1680,10,10,1.4,1.2917,0.73533,1.08598
rts,1680,10,20,1.4,1.2917,0.69217,1.02417
rts,1680,10,30,1.4,1.2917,0.64243,0.7494
rts,1680,10,5,1.5,1.3381,0.74328,1.07232
rts,1680,10,10,1.5,1.3381,0.73315,1.14668
rts,1680,10,20,1.5,1.3381,0.69034,1.06705
rts,1680,10,30,1.5,1.3381,0.64229,0.72687
rts,1680,10,5,1.6,1.389,0.73915,1.1006
rts,1680,10,10,1.6,1.389,0.7292,1.18947
rts,1680,10,20,1.6,1.389,0.68913,1.16456
rts,1680,10,30,1.6,1.389,0.6395,0.76027
basic,105,10,5,1.05,2.8754,0.60437,0.67389
basic,105,10,10,1.05,2.8754,0.56409,0.4993
basic,105,10,20,1.05,2.8754,0.43728,0.37708
basic,105,10,30,1.05,2.8754,0.32299,0.34211
basic,105,10,5,1.1,2.9285,0.60363,0.64091
basic,105,10,10,1.1,2.9285,0.56394,0.51456
basic,105,10,20,1.1,2.9285,0.43206,0.37605
basic,105,10,30,1.1,2.9285,0.32008,0.33093
basic,105,10,5,1.2,3.0309,0.59893,0.67141
basic,105,10,10,1.2,3.0309,0.55989,0.51382
basic,105,10,20,1.2,3.0309,0.42873,0.39193
basic,105,10,30,1.2,3.0309,0.31833,0.32578
basic,105,10,5,1.3,3.1291,0.58249,0.65822
basic,105,10,10,1.3,3.1291,0.56325,0.51154
basic,105,10,20,1.3,3.1291,0.4335,0.37205
basic,105,10,30,1.3,3.1291,0.31698,0.33317
basic,105,10,5,1.4,3.2234,0.57362,0.67214
basic,105,10,10,1.4,3.2234,0.55768,0.5055
basic,105,10,20,1.4,3.2234,0.43303,0.37491
basic,105,10,30,1.4,3.2234,0.31424,0.31789
basic,105,10,5,1.5,3.3144,0.57231,0.65802
basic,105,10,10,1.5,3.3144,0.55347,0.52298
basic,105,10,20,1.5,3.3144,0.43334,0.38109
basic,105,10,30,1.5,3.3144,0.31392,0.311
basic,105,10,5,1.6,3.4023,0.57931,0.65425
basic,105,10,10,1.6,3.4023,0.5512,0.52664
basic,105,10,20,1.6,3.4023,0.43028,0.37499
basic,105,10,30,1.6,3.4023,0.31263,0.29766
basic,210,10,5,1.05,2.1059,0.60387,0.78174
basic,210,10,10,1.05,2.1059,0.57431,0.6891
basic,210,10,20,1.05,2.1059,0.44675,0.68836
basic,210,10,30,1.05,2.1059,0.3434,0.81172
basic,210,10,5,1.1,2.1409,0.5984,0.78295
basic,210,10,10,1.1,2.1409,0.5666,0.69824
basic,210,10,20,1.1,2.1409,0.44817,0.67258
basic,210,10,30,1.1,2.1409,0.33774,0.80814
basic,210,10,5,1.2,2.2085,0.59993,0.79455
basic,210,10,10,1.2,2.2085,0.56724,0.71011
basic,210,10,20,1.2,2.2085,0.45345,0.66214
basic,210,10,30,1.2,2.2085,0.33643,0.76992
basic,210,10,5,1.3,2.2734,0.58567,0.78858
basic,210,10,10,1.3,2.2734,0.5653,0.72579
basic,210,10,20,1.3,2.2734,0.45093,0.65252
basic,210,10,30,1.3,2.2734,0.33733,0.73915
basic,210,10,5,1.4,2.3361,0.59005,0.79173
basic,210,10,10,1.4,2.3361,0.55296,0.73804
basic,210,10,20,1.4,2.3361,0.44865,0.64629
basic,210,10,30,1.4,2.3361,0.33187,0.7577
basic,210,10,5,1.5,2.3968,0.59079,0.79952
basic,210,10,10,1.5,2.3968,0.5496,0.72529
basic,210,10,20,1.5,2.3968,0.44638,0.59951
basic,210,10,30,1.5,2.3968,0.32947,0.71125
basic,210,10,5,1.6,2.4556,0.57649,0.81328
basic,210,10,10,1.6,2.4556,0.54321,0.72438
basic,210,10,20,1.6,2.4556,0.44896,0.59926
basic,210,10,30,1.6,2.4556,0.33016,0.71148
basic,420,10,5,1.05,1.6124,0.59714,0.80847
basic,420,10,10,1.05,1.6124,0.57101,0.78414
basic,420,10,20,1.05,1.6124,0.45248,0.82496
basic,420,10,30,1.05,1.6124,0.34242,1.07679
basic,420,10,5,1.1,1.6372,0.59182,0.84913
basic,420,10,10,1.1,1.6372,0.5842,0.78946
basic,420,10,20,1.1,1.6372,0.45351,0.85405
basic,420,10,30,1.1,1.6372,0.34185,1.01214
basic,420,10,5,1.2,1.6857,0.5858,0.85663
basic,420,10,10,1.2,1.6857,0.56037,0.77235
basic,420,10,20,1.2,1.6857,0.45051,0.78247
basic,420,10,30,1.2,1.6857,0.33398,0.9456
basic,420,10,5,1.3,1.7327,0.58146,0.86555
basic,420,10,10,1.3,1.7327,0.56037,0.80263
basic,420,10,20,1.3,1.7327,0.44669,0.74467
basic,420,10,30,1.3,1.7327,0.33178,0.85035
basic,420,10,5,1.4,1.7786,0.57537,0.88443
basic,420,10,10,1.4,1.7786,0.5587,0.83518
basic,420,10,20,1.4,1.7786,0.44826,0.74258
basic,420,10,30,1.4,1.7786,0.33146,0.82101
basic,420,10,5,1.5,1.8235,0.5654,0.88338
basic,420,10,10,1.5,1.8235,0.55835,0.8318
basic,420,10,20,1.5,1.8235,0.4438,0.71884
basic,420,10,30,1.5,1.8235,0.33687,0.75196
basic,420,10,5,1.6,1.8675,0.56848,0.90189
basic,420,10,10,1.6,1.8675,0.54961,0.86557
basic,420,10,20,1.6,1.8675,0.43929,0.70222
basic,420,10,30,1.6,1.8675,0.33412,0.6887
basic,840,10,5,1.05,1.3388,0.60318,0.81414
basic,840,10,10,1.05,1.3388,0.5556,0.78938
basic,840,10,20,1.05,1.3388,0.43637,0.86343
basic,840,10,30,1.05,1.3388,0.31845,1.10262
basic,840,10,5,1.1,1.3584,0.59408,0.82394
basic,840,10,10,1.1,1.3584,0.5672,0.79554
basic,840,10,20,1.1,1.3584,0.43233,0.83107
basic,840,10,30,1.1,1.3584,0.31287,0.98939
basic,840,10,5,1.2,1.3973,0.58862,0.8434
basic,840,10,10,1.2,1.3973,0.55938,0.79923
basic,840,10,20,1.2,1.3973,0.43113,0.74396
basic,840,10,30,1.2,1.3973,0.3049,0.82908
basic,840,10,5,1.3,1.4361,0.5748,0.86202
basic,840,10,10,1.3,1.4361,0.56211,0.81051
basic,840,10,20,1.3,1.4361,0.43124,0.68884
basic,840,10,30,1.3,1.4361,0.30292,0.62874
basic,840,10,5,1.4,1.4748,0.57056,0.89148
basic,840,10,10,1.4,1.4748,0.55742,0.83596
basic,840,10,20,1.4,1.4748,0.43019,0.62844
basic,840,10,30,1.4,1.4748,0.30195,0.53651
basic,840,10,5,1.5,1.5138,0.56184,0.91136
basic,840,10,10,1.5,1.5138,0.55151,0.85297
basic,840,10,20,1.5,1.5138,0.43151,0.61904
basic,840,10,30,1.5,1.5138,0.30081,0.45262
basic,840,10,5,1.6,1.5532,0.55658,0.92998
basic,840,10,10,1.6,1.5532,0.54752,0.87177
basic,840,10,20,1.6,1.5532,0.42862,0.58447
basic,840,10,30,1.6,1.5532,0.2953,0.35816
basic,1680,10,5,1.05,1.1905,0.60804,0.84277
basic,1680,10,10,1.05,1.1905,0.58515,0.86527
basic,1680,10,20,1.05,1.1905,0.48184,0.9427
basic,1680,10,30,1.05,1.1905,0.38017,1.07782
basic,1680,10,5,1.1,1.2076,0.60051,0.85856
basic,1680,10,10,1.1,1.2076,0.58587,0.87134
basic,1680,10,20,1.1,1.2076,0.48171,0.88391
basic,1680,10,30,1.1,1.2076,0.37594,0.88994
basic,1680,10,5,1.2,1.2427,0.59182,0.89277
basic,1680,10,10,1.2,1.2427,0.57678,0.9025
basic,1680,10,20,1.2,1.2427,0.48516,0.79063
basic,1680,10,30,1.2,1.2427,0.37839,0.59992
basic,1680,10,5,1.3,1.2799,0.57917,0.93107
basic,1680,10,10,1.3,1.2799,0.57345,0.9301
basic,1680,10,20,1.3,1.2799,0.48481,0.74416
basic,1680,10,30,1.3,1.2799,0.37477,0.42746
basic,1680,10,5,1.4,1.3197,0.56719,0.96308
basic,1680,10,10,1.4,1.3197,0.56373,0.97088
basic,1680,10,20,1.4,1.3197,0.48115,0.71163
basic,1680,10,30,1.4,1.3197,0.37067,0.34725
basic,1680,10,5,1.5,1.3626,0.56072,0.99022
basic,1680,10,10,1.5,1.3626,0.55239,0.99194
basic,1680,10,20,1.5,1.3626,0.47835,0.71963
basic,1680,10,30,1.5,1.3626,0.36769,0.28474
basic,1680,10,5,1.6,1.4086,0.545,1.00502
basic,1680,10,10,1.6,1.4086,0.5453,1.04087
basic,1680,10,20,1.6,1.4086,0.47805,0.77036
basic,1680,10,30,1.6,1.4086,0.37003,0.26229
rts,420,5,5,1.05,1.5071,0.7371,0.98746
rts,420,5,10,1.05,1.5071,0.71258,1.02226
rts,420,5,20,1.05,1.5071,0.64808,1.49522
rts,420,5,30,1.05,1.5071,0.57914,2.54603
rts,420,5,5,1.1,1.5234,0.73835,0.99979
rts,420,5,10,1.1,1.5234,0.71205,1.04964
rts,420,5,20,1.1,1.5234,0.64721,1.45942
rts,420,5,30,1.1,1.5234,0.57791,2.35499
rts,420,5,5,1.2,1.5547,0.73543,1.02606
rts,420,5,10,1.2,1.5547,0.71558,1.03637
rts,420,5,20,1.2,1.5547,0.64412,1.28883
rts,420,5,30,1.2,1.5547,0.5693,2.02212
rts,420,5,5,1.3,1.5843,0.73527,1.04477
rts,420,5,10,1.3,1.5843,0.71695,1.02595
rts,420,5,20,1.3,1.5843,0.64495,1.2052
rts,420,5,30,1.3,1.5843,0.56058,1.65529
rts,420,5,5,1.4,1.6124,0.73291,1.06624
rts,420,5,10,1.4,1.6124,0.71575,1.01035
rts,420,5,20,1.4,1.6124,0.64344,1.09898
rts,420,5,30,1.4,1.6124,0.55659,1.30245
rts,420,5,5,1.5,1.6393,0.73353,1.07107
rts,420,5,10,1.5,1.6393,0.71604,1.02427
rts,420,5,20,1.5,1.6393,0.64,1.0105
rts,420,5,30,1.5,1.6393,0.55122,1.15613
rts,420,5,5,1.6,1.665,0.73324,1.09563
rts,420,5,10,1.6,1.665,0.71581,1.02398
rts,420,5,20,1.6,1.665,0.64082,0.89836
rts,420,5,30,1.6,1.665,0.55226,0.83831
rts,420,20,5,1.05,1.5158,0.71534,0.82333
rts,420,20,10,1.05,1.5158,0.71085,0.80723
rts,420,20,20,1.05,1.5158,0.65673,1.00684
rts,420,20,30,1.05,1.5158,0.6067,1.40712
rts,420,20,5,1.1,1.5489,0.71827,0.82377
rts,420,20,10,1.1,1.5489,0.70751,0.81548
rts,420,20,20,1.1,1.5489,0.65829,0.97051
rts,420,20,30,1.1,1.5489,0.60631,1.37094
rts,420,20,5,1.2,1.616,0.71881,0.84846
rts,420,20,10,1.2,1.616,0.70647,0.83111
rts,420,20,20,1.2,1.616,0.65798,0.98954
rts,420,20,30,1.2,1.616,0.60235,1.31391
rts,420,20,5,1.3,1.6846,0.72028,0.87028
rts,420,20,10,1.3,1.6846,0.70743,0.85272
rts,420,20,20,1.3,1.6846,0.65667,0.98349
rts,420,20,30,1.3,1.6846,0.59649,1.2528
rts,420,20,5,1.4,1.755,0.71565,0.8835
rts,420,20,10,1.4,1.755,0.70849,0.84948
rts,420,20,20,1.4,1.755,0.65444,0.98062
rts,420,20,30,1.4,1.755,0.59725,1.22969
rts,420,20,5,1.5,1.8277,0.71113,0.89252
rts,420,20,10,1.5,1.8277,0.70227,0.88957
rts,420,20,20,1.5,1.8277,0.65322,0.99628
rts,420,20,30,1.5,1.8277,0.59114,1.18376
rts,420,20,5,1.6,1.9027,0.70851,0.90803
rts,420,20,10,1.6,1.9027,0.70243,0.90179
rts,420,20,20,1.6,1.9027,0.65227,0.98602
rts,420,20,30,1.6,1.9027,0.58972,1.13694
rts,420,50,5,1.05,1.4616,0.71614,0.80881
rts,420,50,10,1.05,1.4616,0.70083,0.76822
rts,420,50,20,1.05,1.4616,0.66392,0.87216
rts,420,50,30,1.05,1.4616,0.62079,1.05007
rts,420,50,5,1.1,1.5118,0.71039,0.8243
rts,420,50,10,1.1,1.5118,0.69974,0.79816
rts,420,50,20,1.1,1.5118,0.66365,0.86555
rts,420,50,30,1.1,1.5118,0.61826,1.05288
rts,420,50,5,1.2,1.6189,0.70654,0.85024
rts,420,50,10,1.2,1.6189,0.70059,0.8055
rts,420,50,20,1.2,1.6189,0.66451,0.87235
rts,420,50,30,1.2,1.6189,0.61749,1.04619
rts,420,50,5,1.3,1.7364,0.70853,0.85615
rts,420,50,10,1.3,1.7364,0.69696,0.82256
rts,420,50,20,1.3,1.7364,0.6585,0.88911
rts,420,50,30,1.3,1.7364,0.61829,1.04267
rts,420,50,5,1.4,1.8654,0.702,0.87565
rts,420,50,10,1.4,1.8654,0.69096,0.84628
rts,420,50,20,1.4,1.8654,0.65663,0.91585
rts,420,50,30,1.4,1.8654,0.61387,1.05161
rts,420,50,5,1.5,2.0068,0.69724,0.89565
rts,420,50,10,1.5,2.0068,0.68978,0.86773
rts,420,50,20,1.5,2.0068,0.6566,0.92575
rts,420,50,30,1.5,2.0068,0.61472,1.06356
rts,420,50,5,1.6,2.1608,0.69272,0.89879
rts,420,50,10,1.6,2.1608,0.68151,0.87939
rts,420,50,20,1.6,2.1608,0.64953,0.94987
rts,420,50,30,1.6,2.1608,0.60968,1.08423
basic,420,5,5,1.05,1.5764,0.63883,0.94852
basic,420,5,10,1.05,1.5764,0.59638,0.87881
basic,420,5,20,1.05,1.5764,0.45755,0.9234
basic,420,5,30,1.05,1.5764,0.33555,1.09266
basic,420,5,5,1.1,1.5936,0.63882,0.94654
basic,420,5,10,1.1,1.5936,0.59785,0.89119
basic,420,5,20,1.1,1.5936,0.45969,0.88364
basic,420,5,30,1.1,1.5936,0.33319,0.97744
basic,420,5,5,1.2,1.6266,0.63363,0.96457
basic,420,5,10,1.2,1.6266,0.59334,0.88691
basic,420,5,20,1.2,1.6266,0.45271,0.82224
basic,420,5,30,1.2,1.6266,0.33306,0.82204
basic,420,5,5,1.3,1.6577,0.62627,0.97315
basic,420,5,10,1.3,1.6577,0.59369,0.90093
basic,420,5,20,1.3,1.6577,0.45137,0.72773
basic,420,5,30,1.3,1.6577,0.33008,0.71747
basic,420,5,5,1.4,1.6874,0.63028,1.01126
basic,420,5,10,1.4,1.6874,0.59237,0.91843
basic,420,5,20,1.4,1.6874,0.45224,0.67036
basic,420,5,30,1.4,1.6874,0.324,0.6064
basic,420,5,5,1.5,1.7156,0.62094,1.02772
basic,420,5,10,1.5,1.7156,0.59295,0.88347
basic,420,5,20,1.5,1.7156,0.45089,0.66384
basic,420,5,30,1.5,1.7156,0.32359,0.5178
basic,420,5,5,1.6,1.7427,0.60711,1.01488
basic,420,5,10,1.6,1.7427,0.58824,0.90012
basic,420,5,20,1.6,1.7427,0.44874,0.62697
basic,420,5,30,1.6,1.7427,0.32423,0.50556
basic,420,20,5,1.05,1.637,0.5522,0.77558
basic,420,20,10,1.05,1.637,0.54286,0.71571
basic,420,20,20,1.05,1.637,0.44685,0.76267
basic,420,20,30,1.05,1.637,0.34431,0.98487
basic,420,20,5,1.1,1.6741,0.56198,0.78811
basic,420,20,10,1.1,1.6741,0.54184,0.72878
basic,420,20,20,1.1,1.6741,0.4444,0.75724
basic,420,20,30,1.1,1.6741,0.34367,0.94155
basic,420,20,5,1.2,1.7487,0.55192,0.8013
basic,420,20,10,1.2,1.7487,0.53413,0.76121
basic,420,20,20,1.2,1.7487,0.44111,0.78732
basic,420,20,30,1.2,1.7487,0.34194,0.90452
basic,420,20,5,1.3,1.8241,0.53983,0.82788
basic,420,20,10,1.3,1.8241,0.52951,0.77031
basic,420,20,20,1.3,1.8241,0.43506,0.74889
basic,420,20,30,1.3,1.8241,0.33894,0.86036
basic,420,20,5,1.4,1.9006,0.54286,0.83762
basic,420,20,10,1.4,1.9006,0.52052,0.78352
basic,420,20,20,1.4,1.9006,0.43234,0.76797
basic,420,20,30,1.4,1.9006,0.33973,0.83882
basic,420,20,5,1.5,1.9783,0.52348,0.83327
basic,420,20,10,1.5,1.9783,0.52985,0.78928
basic,420,20,20,1.5,1.9783,0.43401,0.76446
basic,420,20,30,1.5,1.9783,0.33785,0.81496
basic,420,20,5,1.6,2.0574,0.51147,0.85866
basic,420,20,10,1.6,2.0574,0.50726,0.79658
basic,420,20,20,1.6,2.0574,0.43001,0.75634
basic,420,20,30,1.6,2.0574,0.33634,0.81462
basic,420,50,5,1.05,1.6112,0.53831,0.79182
basic,420,50,10,1.05,1.6112,0.51985,0.72351
basic,420,50,20,1.05,1.6112,0.43531,0.76601
basic,420,50,30,1.05,1.6112,0.36224,0.89295
basic,420,50,5,1.1,1.6683,0.52061,0.79786
basic,420,50,10,1.1,1.6683,0.50905,0.73264
basic,420,50,20,1.1,1.6683,0.42789,0.75726
basic,420,50,30,1.1,1.6683,0.35649,0.87876
basic,420,50,5,1.2,1.7881,0.50539,0.81191
basic,420,50,10,1.2,1.7881,0.49278,0.74724
basic,420,50,20,1.2,1.7881,0.42017,0.76099
basic,420,50,30,1.2,1.7881,0.34577,0.87933
basic,420,50,5,1.3,1.9156,0.4987,0.81426
basic,420,50,10,1.3,1.9156,0.48246,0.76222
basic,420,50,20,1.3,1.9156,0.41455,0.7605
basic,420,50,30,1.3,1.9156,0.3513,0.87502
basic,420,50,5,1.4,2.0513,0.48258,0.81964
basic,420,50,10,1.4,2.0513,0.47473,0.77668
basic,420,50,20,1.4,2.0513,0.40902,0.76124
basic,420,50,30,1.4,2.0513,0.34695,0.86589
basic,420,50,5,1.5,2.1957,0.46594,0.83704
basic,420,50,10,1.5,2.1957,0.4574,0.77549
basic,420,50,20,1.5,2.1957,0.40035,0.77963
basic,420,50,30,1.5,2.1957,0.34203,0.8853
basic,420,50,5,1.6,2.3488,0.45144,0.83469
basic,420,50,10,1.6,2.3488,0.45299,0.79107
basic,420,50,20,1.6,2.3488,0.39215,0.79077
basic,420,50,30,1.6,2.3488,0.33389,0.88632
