n_vis,n_nat,w_eff,access,alpha,c_idle_A,c_coll_A,c_idle_O,c_coll_O,G_J,boundary_O,capped_O,boundary_A,J_model_A,near_c_idle_lo,near_c_idle_hi,near_c_coll_lo,near_c_coll_hi,near_n,box_lo,box_hi,grid_spacing,tune_visits,eval_visits,tune_points,n_boot,T_current,rho_current,J_current,A_vis_current,A_nat_current,coll_frac_current,idle_frac_current,solo_vis_frac_current,epochs_per_visit_current,tau_cv_current,c_idle_current,c_coll_current,T_analytic,rho_analytic,J_analytic,A_vis_analytic,A_nat_analytic,coll_frac_analytic,idle_frac_analytic,solo_vis_frac_analytic,epochs_per_visit_analytic,tau_cv_analytic,c_idle_analytic,c_coll_analytic,T_oracle,rho_oracle,J_oracle,A_vis_oracle,A_nat_oracle,coll_frac_oracle,idle_frac_oracle,solo_vis_frac_oracle,epochs_per_visit_oracle,tau_cv_oracle,c_idle_oracle,c_coll_oracle,T_equilibrium_ratio,rho_equilibrium_ratio,J_equilibrium_ratio,A_vis_equilibrium_ratio,A_nat_equilibrium_ratio,coll_frac_equilibrium_ratio,idle_frac_equilibrium_ratio,solo_vis_frac_equilibrium_ratio,epochs_per_visit_equilibrium_ratio,tau_cv_equilibrium_ratio,c_idle_equilibrium_ratio,c_coll_equilibrium_ratio,G_J_ci_lo,G_J_ci_hi,dJ_ci_lo,dJ_ci_hi,dT_ci_lo,dT_ci_hi,drho_ci_lo,drho_ci_hi,c_idle_design_rule,c_coll_design_rule,T_design_rule,rho_design_rule,J_design_rule,A_vis_design_rule,A_nat_design_rule,coll_frac_design_rule,idle_frac_design_rule,solo_vis_frac_design_rule,epochs_per_visit_design_rule,tau_cv_design_rule
10,10,420,rts,0.0,1.0512710963760241,1.1051709180756477,1.3020005939902721,1.583248897402281,1.000145293769288,False,False,True,-0.2845086172728029,1.0512710963760241,1.58325048065197,1.0512710963760241,2.225540928492468,44,0.05,0.8,0.554517744447956,480,1800,91,2000,0.721558201058201,0.2958067673941976,-0.32634223727426526,0.10672089947089947,0.6148373015873015,0.0944510582010582,0.03265873015873016,0.03210379279321938,23.465555555555557,0.010683332147848026,1.2,1.2,0.719318783068783,0.1235957742205386,-0.32945064946661,0.04445238095238095,0.6748664021164021,0.09354365079365079,0.0342473544973545,0.013089788124870598,24.149444444444445,0.003310038976344062,1.0512710963760241,1.1051709180756477,0.7192142857142857,0.3274185895101577,-0.3295959326817808,0.1177420634920635,0.6014722222222222,0.09726719576719577,0.032917989417989416,0.03522367030644593,23.658333333333335,0.03635097039870615,1.3020005939902721,1.583248897402281,0.7187050264550264,0.115253588446298,-0.330304260716938,0.041416666666666664,0.6772883597883598,0.09393915343915343,0.0345489417989418,0.01178112275243629,24.285555555555554,0.0012961095550197246,1.0082287133097227,1.047149859556855,0.9952225730611672,1.0050921748637014,-0.0047888753200908156,0.005079253587615294,-0.003448412698412673,0.0036535052910053236,-0.22228131813556812,-0.18609009022519013,1.6409400634275342,1.2,0.7113174603174603,0.9577838276095478,-0.3406364504928233,0.3406441798941799,0.3706732804232804,0.12089285714285715,0.02528042328042328,0.11617016773374253,20.99888888888889,0.02514061556246687
10,10,420,rts,0.05,1.7606541655241787,1.7606541655241787,1.583248897402281,1.4165452716548637,0.995509765063842,False,False,False,-0.3236687045456883,1.4165438551103002,1.583248897402281,1.0512710963760241,1.58325048065197,11,0.05,0.8,0.554517744447956,480,1800,91,2000,0.721558201058201,0.2958067673941976,-0.40052438740770124,0.10672089947089947,0.6148373015873015,0.0944510582010582,0.03265873015873016,0.03210379279321938,23.465555555555557,0.010683332147848026,1.2,1.2,0.7108915343915344,0.9101954844687906,-0.3416781161882472,0.3235251322751323,0.3873664021164021,0.11971428571428572,0.026571428571428572,0.1068733850129199,21.5,0.09620806051344179,1.7606541655241787,1.7606541655241787,0.7151984126984127,0.8194492222900368,-0.33717776986751696,0.29303439153439154,0.4221640211640212,0.11216402116402116,0.027514550264550266,0.0967032404920842,21.721666666666668,0.045931993997701426,1.583248897402281,1.4165452716548637,0.7159232804232805,0.44982798694844045,-0.3660935312536331,0.161021164021164,0.5549021164021164,0.10331349206349207,0.03183730158730159,0.04852220265575175,23.345555555555556,0.22517121162650602,1.6664245551864916,3.9998006747119748,0.9909615312659503,1.0001969079384325,-0.009079563503243415,0.00019688855446791618,-0.0075701388888889335,-0.0009351851851852055,0.06694803207354857,0.11627339683427414,1.6409400634275342,1.2,0.7113174603174603,0.9577838276095478,-0.34072947403706644,0.3406441798941799,0.3706732804232804,0.12089285714285715,0.02528042328042328,0.11617016773374253,20.99888888888889,0.02514061556246687
10,10,420,rts,0.1,1.7589303741730602,1.4918246976412701,1.583248897402281,1.4165452716548637,0.9935299756925143,False,False,False,-0.3379059090202286,1.4165438551103002,1.583248897402281,1.0512710963760241,1.58325048065197,10,0.05,0.8,0.554517744447956,480,1800,91,2000,0.721558201058201,0.2958067673941976,-0.4747065375411372,0.10672089947089947,0.6148373015873015,0.0944510582010582,0.03265873015873016,0.03210379279321938,23.465555555555557,0.010683332147848026,1.2,1.2,0.7077619047619048,0.9938736758692354,-0.34565131086447526,0.35171296296296295,0.3560489417989418,0.12487698412698413,0.025558201058201058,0.11869552699767058,21.226111111111113,0.0667809520996409,1.7589303741730602,1.4918246976412701,0.7151984126984127,0.8194492222900368,-0.33916026522832443,0.29303439153439154,0.4221640211640212,0.11216402116402116,0.027514550264550266,0.0967032404920842,21.721666666666668,0.045931993997701426,1.583248897402281,1.4165452716548637,0.7163068783068783,0.5650972802883693,-0.36622300212829584,0.2023915343915344,0.5139153439153439,0.10591798941798942,0.030125661375661375,0.0634815631508024,22.675,0.24681787593845056,1.770067342247621,3.9998564971207236,0.9874746999284418,0.9998176014157565,-0.012604402922653222,-0.0001824152751737037,-0.012117757936507956,-0.002636607142857064,0.15412616405480478,0.19589156856635254,1.6409400634275342,1.2,0.7113174603174603,0.9577838276095478,-0.34082249758130956,0.3406441798941799,0.3706732804232804,0.12089285714285715,0.02528042328042328,0.11617016773374253,20.99888888888889,0.02514061556246687
10,10,420,rts,0.2,2.2224600601880287,1.7606541655241787,1.583248897402281,1.3020005939902721,0.951900407962875,False,False,True,-0.35364251971416305,1.583248897402281,1.583248897402281,1.0512710963760241,1.4165452716548637,7,0.05,0.8,0.554517744447956,480,1800,91,2000,0.721558201058201,0.2958067673941976,-0.6230708378080091,0.10672089947089947,0.6148373015873015,0.0944510582010582,0.03265873015873016,0.03210379279321938,23.465555555555557,0.010683332147848026,1.2,1.2,0.6828399470899471,1.2081894205456127,-0.38864827863381896,0.4125,0.2703399470899471,0.15953703703703703,0.022595238095238095,0.14106341748294443,20.928333333333335,0.15369693001775633,2.2224600601880287,1.7606541655241787,0.7156230158730159,0.8571544756021596,-0.3393534154863,0.30669973544973544,0.4089232804232804,0.11311243386243386,0.026447089947089948,0.10364883545030125,21.300555555555555,0.033438468321174246,1.583248897402281,1.3020005939902721,0.709781746031746,0.7107520569517047,-0.3661128683525487,0.252239417989418,0.45754232804232803,0.11577248677248678,0.02937830687830688,0.07982697601258357,22.604444444444443,0.27839985025761094,1.879083013382443,3.9998049795158837,0.9452729550777721,0.9586943958574453,-0.05628155191184032,-0.042182924480965646,-0.03788158068783076,-0.027784689153439172,0.32255838933259684,0.3795391132278152,1.6409400634275342,1.2,0.7113174603174603,0.9577838276095478,-0.3410085446697958,0.3406441798941799,0.3706732804232804,0.12089285714285715,0.02528042328042328,0.11617016773374253,20.99888888888889,0.02514061556246687
10,10,420,rts,0.5,2.2255409284924674,1.4918246976412701,1.583248897402281,1.1636620824634731,0.9414960794525125,False,False,True,-0.3796402832625707,1.583248897402281,1.583248897402281,1.0512710963760241,1.3020005939902721,7,0.05,0.8,0.554517744447956,480,1800,91,2000,0.721558201058201,0.2958067673941976,-1.0681637386086247,0.10672089947089947,0.6148373015873015,0.0944510582010582,0.03265873015873016,0.03210379279321938,23.465555555555557,0.010683332147848026,1.2,1.2,0.6811415343915344,1.2476060457176814,-0.40845575482328367,0.42489814814814814,0.2562433862433862,0.1629378306878307,0.02139814814814815,0.1487656994369857,20.524444444444445,0.10791865725956311,2.2255409284924674,1.4918246976412701,0.7109034391534391,0.8887714604153371,-0.3481706597794048,0.3159153439153439,0.39498809523809525,0.11969841269841269,0.025921957671957672,0.10634294226798735,21.25722222222222,0.01964390900671523,1.583248897402281,1.1636620824634731,0.7035714285714286,0.802094378642602,-0.37590239411662785,0.2821653439153439,0.42140608465608465,0.12542724867724866,0.027531746031746032,0.09142713693987699,22.130555555555556,0.3016042856578755,2.0095537139864974,3.9997726978857835,0.9329054842960974,0.9509658635106892,-0.06945138627156638,-0.05027711246486327,-0.03613806216931211,-0.023599173280423307,0.3302894920115539,0.387966142635229,1.6409400634275342,1.2,0.7113174603174603,0.9577838276095478,-0.3415666859352546,0.3406441798941799,0.3706732804232804,0.12089285714285715,0.02528042328042328,0.11617016773374253,20.99888888888889,0.02514061556246687
10,10,420,basic,0.0,1.0512710963760241,2.225540928492468,1.0752508680693431,1.0173365636219565,1.0007603010375505,False,False,True,-0.3871132835251404,1.0281674059193349,1.2086596278179438,1.0173365636219565,2.225540928492468,21,0.02777777777777778,0.8,0.480053626734557,480,1800,168,2000,0.6284404761904762,0.2540512438407833,-0.46451396316883464,0.07982804232804233,0.5486124338624339,0.3431468253968254,0.028412698412698414,0.027066608808852245,20.484444444444446,0.006883357675020059,1.2,1.2,0.6355,0.08248306753420837,-0.4533431883526284,0.02620899470899471,0.6092910052910053,0.3336798941798942,0.03082010582010582,0.007968941561095219,21.75111111111111,0.019964466269952675,1.0512710963760241,2.225540928492468,0.6350171957671957,0.16962836901887837,-0.4541032005077609,0.053858465608465605,0.5811587301587302,0.33545502645502645,0.029527777777777778,0.017866083427758306,21.08277777777778,0.0004213556602334576,1.0752508680693431,1.0173365636219565,0.6403637566137567,0.11596005081437262,-0.44571889438031104,0.03712830687830688,0.6032354497354497,0.32951322751322754,0.030123015873015874,0.011776913099870298,21.416666666666668,0.0008721439897993879,1.0072711510738357,1.0471536154748249,0.9858978986710929,1.0158907154391428,-0.014202480873299683,0.01576577981754917,-0.009000066137566145,0.010025925925925997,-0.10166009893201056,-0.07259555051240987,1.4717562696115232,1.2,0.6009669312169312,0.6115277187777193,-0.5092153688943053,0.18375396825396825,0.41721296296296295,0.37494444444444447,0.02408862433862434,0.07116493304456578,18.212777777777777,0.011199220956134499
10,10,420,basic,0.05,1.3275476039406868,1.0512710963760241,1.358363953194875,1.0173365636219565,0.9966477084873763,False,False,True,-0.5063345327597568,1.358363953194875,1.358363953194875,1.0173365636219565,1.0359449444475108,5,0.02777777777777778,0.8,0.480053626734557,480,1800,168,2000,0.6284404761904762,0.2540512438407833,-0.5583890076054163,0.07982804232804233,0.5486124338624339,0.3431468253968254,0.028412698412698414,0.027066608808852245,20.484444444444446,0.006883357675020059,1.2,1.2,0.6100886243386243,0.4715118585859024,-0.5224120375420183,0.1438320105820106,0.46625661375661376,0.36403439153439154,0.025876984126984127,0.05225680820763217,19.115,0.002489258552459328,1.3275476039406868,1.0512710963760241,0.608989417989418,0.5067680866037064,-0.5190541145110187,0.15430820105820106,0.45468121693121694,0.3658267195767196,0.025183862433862433,0.05781970897906069,18.784444444444443,0.0008818578516496411,1.358363953194875,1.0173365636219565,0.6183095238095239,0.22596172359351535,-0.5913824991565336,0.06985714285714285,0.5484523809523809,0.3526693121693122,0.02902116402116402,0.022755293487000804,20.727777777777778,0.09365480042322917,1.3929360935769972,3.999830138250283,0.9818155188498012,1.0116750018950964,-0.01835185121502715,0.011607374914790402,-0.008349239417989507,0.010324239417989439,-0.05921334300529034,-0.012436090092117866,1.4717562696115232,1.2,0.6009669312169312,0.6115277187777193,-0.5213084847854687,0.18375396825396825,0.41721296296296295,0.37494444444444447,0.02408862433862434,0.07116493304456578,18.212777777777777,0.011199220956134499
10,10,420,basic,0.1,1.4918246976412703,1.1051709180756477,1.4760505890277924,1.0281674059193349,1.006995518841049,False,False,False,-0.5593272773020026,1.358363953194875,1.4760505890277924,1.0173365636219565,1.0459169868319436,8,0.02777777777777778,0.8,0.480053626734557,480,1800,168,2000,0.6284404761904762,0.2540512438407833,-0.652264052041998,0.07982804232804233,0.5486124338624339,0.3431468253968254,0.028412698412698414,0.027066608808852245,20.484444444444446,0.006883357675020059,1.2,1.2,0.5969431216931217,0.6595463217583412,-0.5332559433550191,0.19685582010582012,0.4000873015873016,0.3797367724867725,0.02332010582010582,0.0778224674960247,17.81833333333333,0.006100087535276602,1.4918246976412703,1.1051709180756477,0.5920859788359788,0.6692864658848972,-0.5402271070726543,0.19813756613756614,0.3939484126984127,0.38458862433862434,0.023325396825396826,0.07762571312778627,17.820555555555554,0.0016728150016606903,1.4760505890277924,1.0281674059193349,0.6205846560846561,0.2694207970807525,-0.6490914457751273,0.08359920634920635,0.5369854497354497,0.35102248677248676,0.028392857142857143,0.028209243491743967,20.422777777777778,0.1010553525436114,1.460197160172818,3.999776686781054,0.9920776793334711,1.0241426215161082,-0.007953869685426298,0.023855795632874422,-0.00423290343915346,0.014680191798941745,-0.03457605168425629,0.017654826437407813,1.4717562696115232,1.2,0.6009669312169312,0.6115277187777193,-0.533401600676632,0.18375396825396825,0.41721296296296295,0.37494444444444447,0.02408862433862434,0.07116493304456578,18.212777777777777,0.011199220956134499
10,10,420,basic,0.2,1.760654165524179,1.3268964411453439,1.640498239057044,1.2086596278179438,0.9776880743749745,False,False,False,-0.63160155204231,1.4760505890277924,1.640498239057044,1.1244128631530872,1.3583653115595076,5,0.02777777777777778,0.8,0.480053626734557,480,1800,168,2000,0.6284404761904762,0.2540512438407833,-0.8400141409151612,0.07982804232804233,0.5486124338624339,0.3431468253968254,0.028412698412698414,0.027066608808852245,20.484444444444446,0.006883357675020059,1.2,1.2,0.5611587301587302,0.801784855599242,-0.5875121565453649,0.22496428571428573,0.33619444444444446,0.41786904761904764,0.020972222222222222,0.09611465606521231,16.629444444444445,0.024096236732503853,1.760654165524179,1.3268964411453439,0.5771825396825396,0.7580199381230663,-0.5649475543682376,0.2187579365079365,0.3584246031746032,0.4008888888888889,0.02192857142857143,0.09058205859476277,17.142222222222223,0.013570502369949252,1.640498239057044,1.2086596278179438,0.6153703703703703,0.356197068053824,-0.6986477052206562,0.10959656084656084,0.5057738095238096,0.3573968253968254,0.027232804232804234,0.037628822554828564,19.78388888888889,0.12711996527894742,1.5480448838228469,3.999776686781054,0.9570373595009448,0.9988051786543832,-0.04391285020320548,-0.0011955357444932437,-0.0284445436507937,-0.003570998677248668,0.010894074178674681,0.07602404503826386,1.4717562696115232,1.2,0.6009669312169312,0.6115277187777193,-0.5575878324589587,0.18375396825396825,0.41721296296296295,0.37494444444444447,0.02408862433862434,0.07116493304456578,18.212777777777777,0.011199220956134499
10,10,420,basic,0.5,2.2255409284924674,1.4918246976412701,1.640498239057044,1.2086596278179438,0.9128370345441275,False,False,True,-0.7573665947633538,1.640498239057044,1.640498239057044,1.0459159409154797,1.2086596278179438,3,0.02777777777777778,0.8,0.480053626734557,480,1800,168,2000,0.6284404761904762,0.2540512438407833,-1.403264407534651,0.07982804232804233,0.5486124338624339,0.3431468253968254,0.028412698412698414,0.027066608808852245,20.484444444444446,0.006883357675020059,1.2,1.2,0.5070423280423281,1.0046905489872797,-0.6791717408596946,0.25471031746031747,0.2523320105820106,0.4749907407407407,0.017966931216931218,0.12061669794311367,15.098333333333333,0.04387652946068468,2.2255409284924674,1.4918246976412701,0.5771825396825396,0.7580199381230663,-0.5879738320652749,0.2187579365079365,0.3584246031746032,0.4008888888888889,0.02192857142857143,0.09058205859476277,17.142222222222223,0.013570502369949252,1.640498239057044,1.2086596278179438,0.6025899470899471,0.45020392573503265,-0.8249639316691595,0.1356441798941799,0.4669457671957672,0.37151455026455027,0.025895502645502645,0.049457738493298056,19.107222222222223,0.14511642474116207,1.6944301102858546,3.999793977389113,0.8909202696021006,0.9344015120655812,-0.11550033969703678,-0.06784904868899003,-0.082482208994709,-0.05850423280423281,0.21386925735469195,0.27980708465062304,1.4717562696115232,1.2,0.6009669312169312,0.6115277187777193,-0.6301465278059387,0.18375396825396825,0.41721296296296295,0.37494444444444447,0.02408862433862434,0.07116493304456578,18.212777777777777,0.011199220956134499
50,10,420,rts,0.0,1.050419950379577,1.7606541655241787,1.0682000118318822,1.0909566806856736,0.9957072794200641,False,False,True,-0.28614376639956435,1.0512710963760241,1.3020005939902721,1.0512710963760241,2.225540928492468,22,0.05,0.8,0.554517744447956,480,1800,110,2000,0.7262433862433862,0.49790907766282966,-0.31987007757915376,0.30133597883597885,0.4249074074074074,0.10158730158730159,0.02705026455026455,0.09911969517803179,21.141666666666666,0.011922654894900337,1.2,1.2,0.7234708994708995,0.2135143634448865,-0.3236949555980279,0.12872619047619047,0.594744708994709,0.09392195767195767,0.03193121693121693,0.03841161482621028,23.112222222222222,0.030621988146258425,1.050419950379577,1.7606541655241787,0.7265899470899471,0.36812536637405285,-0.31939299483995337,0.2228968253968254,0.5036931216931217,0.09600793650793651,0.029543650793650792,0.06987624509507999,22.086666666666666,0.004452663207432285,1.0682000118318822,1.0909566806856736,0.7237328042328043,0.288339772856041,-0.32333300964101613,0.17390079365079364,0.5498320105820106,0.0956468253968254,0.03115079365079365,0.052950923534285294,22.79888888888889,0.00618053886061032,1.023497710672607,1.1394033439876585,0.9908983199399729,1.0000425108917939,-0.00914335345860445,4.2509983364508226e-05,-0.006624371693121767,3.0787037037103516e-05,-0.16744224456576964,-0.14172787835632483,1.6409400634275342,1.2,0.6978955026455026,0.8133796049726217,-0.35968589710430726,0.47304497354497355,0.2248505291005291,0.14583597883597885,0.020392857142857143,0.17199408485951542,19.535555555555554,0.021798805757136695
50,10,420,rts,0.05,1.3268964411453439,1.151909910168909,1.3020005939902721,1.4165452716548637,1.0040565374020245,False,False,False,-0.341451737281415,1.1636620824634731,1.4165452716548637,1.0512710963760241,1.4165452716548637,14,0.05,0.8,0.554517744447956,480,1800,110,2000,0.7262433862433862,0.49790907766282966,-0.3441840774983387,0.30133597883597885,0.4249074074074074,0.10158730158730159,0.02705026455026455,0.09911969517803179,21.141666666666666,0.011922654894900337,1.2,1.2,0.7205383597883598,0.6487697507191676,-0.33711711110222536,0.38955291005291004,0.33098544973544974,0.11360449735449736,0.023974867724867725,0.1358987788405877,20.15388888888889,0.01099551593265308,1.3268964411453439,1.151909910168909,0.7239973544973545,0.5470093652597462,-0.3411654429397038,0.33002777777777775,0.3939695767195767,0.10570238095238095,0.026604497354497353,0.1089921131070138,21.061666666666667,0.028155489164534607,1.3020005939902721,1.4165452716548637,0.7210066137566138,0.5282649734626597,-0.34746920424641653,0.3174021164021164,0.4036044973544973,0.1079484126984127,0.027076719576719577,0.1036243779150056,21.321666666666665,0.08536678196901076,1.463509198953116,2.0886271848737135,0.9989178507918633,1.0090687383682748,-0.001082735162833999,0.009027864253450726,-0.006891269841269842,-0.00016253306878310315,0.08862663381271466,0.114701399591198,1.6409400634275342,1.2,0.6978955026455026,0.8133796049726217,-0.3618191942449969,0.47304497354497355,0.2248505291005291,0.14583597883597885,0.020392857142857143,0.17199408485951542,19.535555555555554,0.021798805757136695
50,10,420,rts,0.1,1.4918246976412703,1.2214027581601699,1.4165452716548637,1.1636620824634731,0.9965704683347291,False,False,False,-0.37219212739545476,1.2214027581601699,1.583248897402281,1.0512710963760241,1.583248897402281,14,0.05,0.8,0.554517744447956,480,1800,110,2000,0.7262433862433862,0.49790907766282966,-0.36849807741752366,0.30133597883597885,0.4249074074074074,0.10158730158730159,0.02705026455026455,0.09911969517803179,21.141666666666666,0.011922654894900337,1.2,1.2,0.7123095238095238,0.7461643881405221,-0.34781646875477884,0.4429166666666667,0.26939285714285716,0.12643650793650793,0.022035714285714287,0.15811169461855554,19.676666666666666,0.02002680422519752,1.4918246976412703,1.2214027581601699,0.7165820105820105,0.7164522941063544,-0.3443810427654137,0.42783068783068784,0.28875132275132276,0.12063492063492064,0.022591269841269843,0.15234989880818528,19.764444444444443,0.01300454285142001,1.4165452716548637,1.1636620824634731,0.712649470899471,0.6493274408227737,-0.3574122972971849,0.38561904761904764,0.32703042328042325,0.12137830687830688,0.025328042328042328,0.12926848682639497,20.938333333333333,0.11471248245197756,1.6652461222120398,2.187222956548861,0.9905190342846499,1.0028186523638802,-0.00952619619865814,0.0028146873858928257,-0.008551984126984161,0.00015102513227510534,0.014741496751703692,0.04471755873518123,1.6409400634275342,1.2,0.6978955026455026,0.8133796049726217,-0.3639524913856866,0.47304497354497355,0.2248505291005291,0.14583597883597885,0.020392857142857143,0.17199408485951542,19.535555555555554,0.021798805757136695
50,10,420,rts,0.2,1.760654165524179,1.3268964411453439,1.4165438551103002,1.1636620824634731,0.9866869148886452,False,False,False,-0.41716140969219206,1.4165438551103002,1.8336087141345103,1.1636620824634731,1.58325048065197,6,0.05,0.8,0.554517744447956,480,1800,110,2000,0.7262433862433862,0.49790907766282966,-0.41712607725589357,0.30133597883597885,0.4249074074074074,0.10158730158730159,0.02705026455026455,0.09911969517803179,21.141666666666666,0.011922654894900337,1.2,1.2,0.6958492063492063,0.8376153381160396,-0.3689020059518325,0.4857116402116402,0.21013756613756615,0.14829232804232803,0.020253968253968253,0.1769285409859355,19.552777777777777,0.03692192315834667,1.760654165524179,1.3268964411453439,0.7165820105820105,0.7164522941063544,-0.3554995072557215,0.42783068783068784,0.28875132275132276,0.12063492063492064,0.022591269841269843,0.15234989880818528,19.764444444444443,0.013004542851419998,1.4165438551103002,1.1636620824634731,0.702739417989418,0.7491340577595992,-0.3694545278534083,0.43870502645502646,0.2640343915343915,0.1359431216931217,0.023465608465608464,0.15085822408433572,20.552777777777777,0.13263679048505167,1.908986618473363,2.1598213988897874,0.9794144732413574,0.9939680170436018,-0.020800362168026817,-0.006050248871789377,-0.02571451719576717,-0.01567890211640207,0.1069375945455655,0.1348718453826358,1.6409400634275342,1.2,0.6978955026455026,0.8133796049726217,-0.36821908566706596,0.47304497354497355,0.2248505291005291,0.14583597883597885,0.020392857142857143,0.17199408485951542,19.535555555555554,0.021798805757136695
50,10,420,rts,0.5,2.224068331411216,1.3268964411453439,1.8336087141345103,1.58325048065197,0.9733885922685214,False,False,True,-0.5098750299312507,1.583248897402281,1.8336087141345103,1.1636620824634731,1.58325048065197,6,0.05,0.8,0.554517744447956,480,1800,110,2000,0.7262433862433862,0.49790907766282966,-0.5630100767710032,0.30133597883597885,0.4249074074074074,0.10158730158730159,0.02705026455026455,0.09911969517803179,21.141666666666666,0.011922654894900337,1.2,1.2,0.6666547619047619,0.9161544551390798,-0.40931724495249194,0.5089656084656085,0.15768915343915343,0.1866256613756614,0.01786772486772487,0.18500056644386542,19.615555555555556,0.05236720758705386,2.224068331411216,1.3268964411453439,0.6982566137566137,0.8063006505241701,-0.3823453438316716,0.46917063492063493,0.22908597883597884,0.14432142857142857,0.021441798941798942,0.1672798216276477,19.933333333333334,0.06624424237956866,1.8336087141345103,1.58325048065197,0.6822671957671957,0.8596222522945206,-0.3937740459871632,0.48874338624338626,0.19352380952380951,0.16403968253968254,0.020773809523809524,0.17240051700904765,20.201666666666668,0.14744241933236446,2.3277061243890627,2.014596180273802,0.9653703050493716,0.9814136259508196,-0.03524351545396095,-0.018761271226947162,-0.036702447089947125,-0.026413492063492045,0.09659282225552035,0.12310512942487127,1.6409400634275342,1.2,0.6978955026455026,0.8133796049726217,-0.381018868511204,0.47304497354497355,0.2248505291005291,0.14583597883597885,0.020392857142857143,0.17199408485951542,19.535555555555554,0.021798805757136695
10,10,105,rts,0.0,1.0512710963760241,2.225540928492468,1.0497594051910042,1.8216487543785511,1.000533766535159,False,True,True,-0.34372645160098564,1.0281674059193349,1.1599953540721066,1.0281674059193349,3.999998555520698,43,0.02777777777777778,1.3862943611198906,0.5585933140620555,480,1800,164,2000,0.6846296296296296,0.2290969511959504,-0.3788772736157339,0.07842328042328042,0.6062063492063492,0.09693121693121694,0.03705291005291005,0.02370886180883694,6.701666666666667,0.006886251682698779,1.2,1.2,0.6843333333333333,0.17351301618228068,-0.3793101506313131,0.05937037037037037,0.6249629629629629,0.09638624338624338,0.038264550264550265,0.01679576029351814,6.813888888888889,0.028639450475122064,1.0512710963760241,2.225540928492468,0.683968253968254,0.1712075500889611,-0.379843774763786,0.05855026455026455,0.6254179894179894,0.09662962962962963,0.03824867724867725,0.016627271986306952,6.816111111111111,0.0224946709264769,1.0497594051910042,1.8216487543785511,0.6831957671957672,0.20318453579504972,-0.38097383208351626,0.0694074074074074,0.6137883597883598,0.09716402116402116,0.03829100529100529,0.02019215111545351,6.823333333333333,0.0013921332343790214,1.0082269092716827,1.047139325878306,0.9970464334200917,1.004337153305773,-0.0029579369653569736,0.0043277749633180975,-0.002026455026455043,0.002957804232804214,-0.009049584283625005,0.014785036296857876,2.69268429176156,1.2,0.6571798941798942,0.5928812385775359,-0.4197974864399344,0.1948148148148148,0.46236507936507937,0.13056084656084657,0.0353968253968254,0.06273934653304,6.818333333333333,0.016843781670937672
10,10,105,rts,0.05,1.7623826407286587,1.0512710963760241,2.209970130881297,1.0281674059193349,0.9922652414426545,False,True,True,-0.4022150598924536,2.209970130881297,2.209970130881297,1.0160159013816439,1.0497604549509343,7,0.02777777777777778,1.3862943611198906,0.5585933140620555,480,1800,164,2000,0.6846296296296296,0.2290969511959504,-0.48745359483093403,0.07842328042328042,0.6062063492063492,0.09693121693121694,0.03705291005291005,0.02370886180883694,6.701666666666667,0.006886251682698779,1.2,1.2,0.674047619047619,0.4390282193178696,-0.4283367386104204,0.14796296296296296,0.526084656084656,0.11002116402116402,0.036343915343915345,0.04670126019273536,6.745,0.0027516281939436757,1.7623826407286587,1.0512710963760241,0.6685396825396825,0.5496145749244187,-0.4205719116599113,0.18371957671957673,0.4848201058201058,0.1183915343915344,0.035677248677248675,0.058231606730451996,6.735555555555556,0.0019804935269050897,2.209970130881297,1.0281674059193349,0.6793968253968254,0.2718876064981387,-0.47135782217504235,0.09235978835978836,0.587037037037037,0.10211640211640212,0.0380952380952381,0.028687196110210696,6.855555555555555,0.09756051179929472,1.6664208734710555,3.999776686781054,0.9800266694366336,1.0043823061973984,-0.02017549414232416,0.004372731801942632,-0.0029805555555555475,0.013286904761904812,-0.14743905703288276,-0.07470514601981038,2.69268429176156,1.2,0.6571798941798942,0.5928812385775359,-0.43346144860079666,0.1948148148148148,0.46236507936507937,0.13056084656084657,0.0353968253968254,0.06273934653304,6.818333333333333,0.016843781670937672
10,10,105,rts,0.1,2.228631422844007,1.073270660257192,2.209970130881297,1.0160159013816439,1.0005780089483418,False,True,True,-0.43223881067060027,2.209970130881297,2.209970130881297,1.0160159013816439,1.0281674059193349,4,0.02777777777777778,1.3862943611198906,0.5585933140620555,480,1800,164,2000,0.6846296296296296,0.2290969511959504,-0.5960299160461341,0.07842328042328042,0.6062063492063492,0.09693121693121694,0.03705291005291005,0.02370886180883694,6.701666666666667,0.006886251682698779,1.2,1.2,0.6693809523809524,0.5486392702726202,-0.4374396496810753,0.18362433862433863,0.4857566137566138,0.11751322751322751,0.035338624338624336,0.05871620500912257,6.698888888888889,0.005062686078608883,2.228631422844007,1.073270660257192,0.6669153439153439,0.5633771529667505,-0.43801749164658693,0.18786243386243387,0.47905291005291006,0.11964550264550265,0.036,0.05924772596902401,6.779444444444445,0.001124723194057413,2.209970130881297,1.0160159013816439,0.6779312169312169,0.27583138867859736,-0.5545949617740078,0.0934973544973545,0.5844338624338624,0.10451851851851852,0.038026455026455026,0.028576054399740952,6.862777777777778,0.09989501602797342,1.7700527939439565,3.999776686781054,0.99264604394306,1.0096525000915706,-0.007381129698330739,0.009606212298334077,-0.0019580687830687616,0.0074399470899470035,-0.03989383509035074,0.00757840428169466,2.69268429176156,1.2,0.6571798941798942,0.5928812385775359,-0.4471254107616589,0.1948148148148148,0.46236507936507937,0.13056084656084657,0.0353968253968254,0.06273934653304,6.818333333333333,0.016843781670937672
10,10,105,rts,0.2,2.225540928492468,1.0512710963760241,2.853299374630003,1.1187914050246819,0.9882775133314482,False,True,True,-0.48718224363423623,2.853299374630003,3.999998555520698,1.0663141690437574,1.1599953540721066,6,0.02777777777777778,1.3862943611198906,0.5585933140620555,480,1800,164,2000,0.6846296296296296,0.2290969511959504,-0.8131825584765343,0.07842328042328042,0.6062063492063492,0.09693121693121694,0.03705291005291005,0.02370886180883694,6.701666666666667,0.006886251682698779,1.2,1.2,0.6685502645502646,0.5431004463579094,-0.477176219782104,0.18154497354497354,0.487005291005291,0.11814285714285715,0.03552380952380953,0.05816259087904825,6.724444444444444,0.0035908633556924084,2.225540928492468,1.0512710963760241,0.654079365079365,0.6363643717491365,-0.46538448304603935,0.20811640211640212,0.44596296296296295,0.133989417989418,0.035211640211640215,0.06744772597835814,6.828333333333333,0.010677221281115399,2.853299374630003,1.1187914050246819,0.6794656084656084,0.29613997928655417,-0.6826289935395815,0.1006084656084656,0.5788571428571428,0.10223280423280423,0.0373015873015873,0.030953160825417624,6.7844444444444445,0.09721584577173352,1.8790769652215844,3.999776686781054,0.9666345884040455,1.009921439819129,-0.0339347371694347,0.009872545099114357,0.005549867724867702,0.023460714285714227,-0.1373810428663931,-0.04851827179561468,2.69268429176156,1.2,0.6571798941798942,0.5928812385775359,-0.4744533350833834,0.1948148148148148,0.46236507936507937,0.13056084656084657,0.0353968253968254,0.06273934653304,6.818333333333333,0.016843781670937672
10,10,105,rts,0.5,2.225540928492468,1.0512710963760241,3.999998555520698,1.1187914050246819,0.9215242829716438,False,True,True,-0.651933861925154,3.999998555520698,3.999998555520698,1.0663141690437574,1.1599953540721066,6,0.02777777777777778,1.3862943611198906,0.5585933140620555,480,1800,164,2000,0.6846296296296296,0.2290969511959504,-1.4646404857677349,0.07842328042328042,0.6062063492063492,0.09693121693121694,0.03705291005291005,0.02370886180883694,6.701666666666667,0.006886251682698779,1.2,1.2,0.6685502645502646,0.5431004463579094,-0.5889750066342335,0.18154497354497354,0.487005291005291,0.11814285714285715,0.03552380952380953,0.05816259087904825,6.724444444444444,0.0035908633556924084,2.225540928492468,1.0512710963760241,0.6341957671957672,0.7246773399631246,-0.5072488559846573,0.2297936507936508,0.40440211640211643,0.15644444444444444,0.033978835978835976,0.07740636327023762,6.897222222222222,0.013353048430041122,3.999998555520698,1.1187914050246819,0.676941798941799,0.3145956761657626,-1.0588779773032946,0.10648148148148148,0.5704603174603174,0.10552910052910053,0.03710582010582011,0.03357843137254902,6.8,0.10857824597837225,2.0095547229611577,3.999776686781054,0.8856396366172198,0.9552873810052018,-0.1214451423157356,-0.04574306127579582,0.026702116402116373,0.04230343915343913,-0.2260966161620971,-0.1382811226569055,2.69268429176156,1.2,0.6571798941798942,0.5928812385775359,-0.5564371080485568,0.1948148148148148,0.46236507936507937,0.13056084656084657,0.0353968253968254,0.06273934653304,6.818333333333333,0.016843781670937672
10,10,1680,rts,0.0,1.0512710963760241,1.0512710963760241,1.1636620824634731,1.3020005939902721,0.996410153145415,False,False,True,-0.2703742405215953,1.0512710963760241,1.3020005939902721,1.0512710963760241,2.225540928492468,40,0.05,0.8,0.554517744447956,480,1800,92,2000,0.7381560846560846,0.94157202094451,-0.30359997992000193,0.3475135582010582,0.39064252645502645,0.09936904761904762,0.025220238095238094,0.11891181569087961,79.48,0.02408158130644818,1.2,1.2,0.7396183862433863,0.14861178052817528,-0.30162092006563607,0.05495800264550264,0.6846603835978836,0.07593882275132276,0.03596990740740741,0.015451938862811293,96.10444444444444,0.002708706434011,1.0512710963760241,1.0512710963760241,0.7422830687830688,0.6171712113706105,-0.29802461424840715,0.22905787037037037,0.5132251984126984,0.08460747354497354,0.030296296296296297,0.0720485611395749,86.855,0.02811499416869896,1.1636620824634731,1.3020005939902721,0.7375664682539682,0.033897940325528904,-0.3043990683832477,0.012500992063492063,0.7250654761904762,0.07519907407407407,0.03744609788359789,0.0035238422264378235,98.69277777777778,0.016841727279310822,1.0851770955583127,1.583370072741694,0.9947085455888519,0.9980406284247998,-0.00530550373888,-0.001961293655585064,-0.003931927910052849,-0.0014532407407407335,-0.479271010060201,-0.4587903825511546,1.2809918280096615,1.2,0.7268554894179894,1.210013962623481,-0.31902759779878914,0.4397526455026455,0.2871028439153439,0.121,0.02046957671957672,0.16303560105081982,73.59333333333333,0.032045826641452224
10,10,1680,rts,0.05,1.3262467244721323,1.4918246976412701,1.1636620824634731,1.1217276035044739,0.9913699466092563,False,False,False,-0.2993071732020333,1.1217276035044739,1.3020005939902721,1.0512710963760241,1.583248897402281,14,0.05,0.8,0.554517744447956,480,1800,92,2000,0.7381560846560846,0.94157202094451,-0.3037812086368589,0.3475135582010582,0.39064252645502645,0.09936904761904762,0.025220238095238094,0.11891181569087961,79.48,0.02408158130644818,1.2,1.2,0.7343888888888889,1.1114341189989878,-0.3092746778960578,0.40811243386243384,0.326276455026455,0.10882242063492063,0.022490079365079366,0.14666842765634286,75.715,0.07302186343156514,1.3262467244721323,1.4918246976412701,0.7412840608465608,0.8545223302729292,-0.30060716994897846,0.3167218915343915,0.42456216931216934,0.09337070105820106,0.026381283068783068,0.10644115303234317,80.86888888888889,0.012850602226694373,1.1636620824634731,1.1217276035044739,0.6592642195767195,1.0406251959380322,-0.4167101729773076,0.34302347883597883,0.31624074074074077,0.19712632275132275,0.021578703703703704,0.11117174094551861,84.5038888888889,0.4599240208010081,1.643697248076832,3.8534480222639114,0.9892399922851718,0.9935854050152686,-0.010818315234641225,-0.006435256905135765,-0.008482589285714295,-0.005161673280423357,0.24094437435685676,0.273424829499218,1.2809918280096615,1.2,0.7268554894179894,1.210013962623481,-0.32084462384270623,0.4397526455026455,0.2871028439153439,0.121,0.02046957671957672,0.16303560105081982,73.59333333333333,0.032045826641452224
10,10,1680,rts,0.1,1.4907917561443746,1.7606541655241787,1.1636620824634731,1.0909566806856736,0.9676405487061656,False,False,False,-0.3071450932828688,1.1217276035044739,1.3020005939902721,1.0512710963760241,1.583248897402281,11,0.05,0.8,0.554517744447956,480,1800,92,2000,0.7381560846560846,0.94157202094451,-0.303962437353716,0.3475135582010582,0.39064252645502645,0.09936904761904762,0.025220238095238094,0.11891181569087961,79.48,0.02408158130644818,1.2,1.2,0.7187023809523809,1.2923156629654782,-0.3368838683075472,0.46439517195767194,0.254307208994709,0.13283531746031746,0.019817791005291005,0.17096608737629737,73.65333333333334,0.15034393923825096,1.4907917561443746,1.7606541655241787,0.7387662037037037,0.895610576227972,-0.3039892736592181,0.3308234126984127,0.407942791005291,0.09727976190476191,0.025703373015873016,0.11268054669956475,80.15777777777778,0.010183776911878105,1.1636620824634731,1.0909566806856736,0.6229358465608466,1.1428538060621376,-0.47509472582785217,0.3559623015873016,0.266973544973545,0.24427281746031745,0.018647817460317462,0.1148095780474713,84.87,0.5220758836213625,1.7333789628748748,3.8015562015151914,0.9647580179196215,0.9705623889014551,-0.03587796772336838,-0.029879593129812004,-0.02230233961640207,-0.017810904431216888,0.38317619661212154,0.4102565037865485,1.2809918280096615,1.2,0.7268554894179894,1.210013962623481,-0.3226616498866233,0.4397526455026455,0.2871028439153439,0.121,0.02046957671957672,0.16303560105081982,73.59333333333333,0.032045826641452224
10,10,1680,rts,0.2,1.4918246976412701,1.4918246976412701,1.2214027581601699,1.301999291990329,0.9475476302980577,False,False,False,-0.3147164012806018,1.1636620824634731,1.3020005939902721,1.0512710963760241,1.8336087141345103,8,0.05,0.8,0.554517744447956,480,1800,92,2000,0.7381560846560846,0.94157202094451,-0.30432489478743,0.3475135582010582,0.39064252645502645,0.09936904761904762,0.025220238095238094,0.11891181569087961,79.48,0.02408158130644818,1.2,1.2,0.7149900793650794,1.382770693714069,-0.35649337789906355,0.494333664021164,0.22065641534391534,0.1399943783068783,0.0178614417989418,0.1892987719133777,71.11333333333333,0.10421838180546833,1.4918246976412701,1.4918246976412701,0.7398587962962963,0.9219897082821377,-0.3026153040539021,0.3410710978835979,0.3987876984126984,0.09690079365079365,0.02555952380952381,0.11603156582365765,79.76277777777777,0.03558258916542646,1.2214027581601699,1.301999291990329,0.5831107804232805,1.2158039887099783,-0.5470147607129618,0.35447420634920634,0.22863657407407406,0.2937040343915344,0.01671660052910053,0.111696911811525,87.25,0.5651997866995626,1.8258361420337414,3.754939295974414,0.9448213917929732,0.9503000712271695,-0.056759372746292634,-0.05097747984070826,-0.026918468915343892,-0.022874446097883593,0.45052760434296263,0.47072633883835,1.2809918280096615,1.2,0.7268554894179894,1.210013962623481,-0.32629570197445756,0.4397526455026455,0.2871028439153439,0.121,0.02046957671957672,0.16303560105081982,73.59333333333333,0.032045826641452224
10,10,1680,rts,0.5,1.7606541655241787,1.7606541655241787,1.3020005939902721,1.583248897402281,0.8212001969934153,False,False,False,-0.3254096543361441,1.1636620824634731,1.3020005939902721,1.0512710963760241,1.583248897402281,6,0.05,0.8,0.554517744447956,480,1800,92,2000,0.7381560846560846,0.94157202094451,-0.3054122670885721,0.3475135582010582,0.39064252645502645,0.09936904761904762,0.025220238095238094,0.11891181569087961,79.48,0.02408158130644818,1.2,1.2,0.6583845899470899,1.5035970175116966,-0.5011410266129888,0.49497255291005293,0.16341203703703705,0.21107440476190475,0.01501058201058201,0.180833570029749,74.32555555555555,0.275342716116693,1.7606541655241787,1.7606541655241787,0.7377824074074074,0.9904197746894517,-0.30415267266042284,0.3653571428571429,0.37242526455026453,0.10111441798941799,0.024725198412698414,0.12590136174416144,78.7388888888889,0.0775398625881621,1.3020005939902721,1.583248897402281,0.5325532407407407,1.2897150532059232,-0.6624375040002463,0.34342096560846563,0.18913227513227512,0.355968253968254,0.01437334656084656,0.10483271831963112,90.48277777777778,0.6908247311906404,1.945925989972619,3.752154158887555,0.8149529048467632,0.8274087783422861,-0.20462495287681293,-0.18945641546082098,-0.08433939318783072,-0.07447287533068785,0.5024063975839493,0.5238635735920235,1.2809918280096615,1.2,0.7268554894179894,1.210013962623481,-0.33719785823796017,0.4397526455026455,0.2871028439153439,0.121,0.02046957671957672,0.16303560105081982,73.59333333333333,0.032045826641452224
10,0,420,rts,0.0,1.3262467244721325,2.225540928492468,1.2214027581601699,1.8336087141345103,0.9901580844306463,False,False,True,-0.3069463773045188,1.1636620824634731,1.3020005939902721,1.0512710963760241,2.225538702952652,9,0.05,0.8,0.554517744447956,480,1800,58,2000,0.7367910052910053,1.0,-0.3054510019182088,0.7367910052910053,0.0,0.041761904761904764,0.051194444444444445,0.18447636334938047,28.157777777777778,0.010133036722173586,1.2,1.2,0.7340529100529101,1.0,-0.3091741684248377,0.7340529100529101,0.0,0.05714285714285714,0.04033201058201058,0.21521639042357274,24.133333333333333,0.08829393263218589,1.3262467244721325,2.225540928492468,0.7413492063492063,1.0,-0.2992835010667207,0.7413492063492063,0.0,0.03887301587301587,0.049805555555555554,0.19021848875247366,27.51222222222222,0.04264895310851619,1.2214027581601699,1.8336087141345103,0.718276455026455,1.0,-0.3309007491850242,0.718276455026455,0.0,0.017555555555555557,0.09393650793650794,0.11255214165302883,45.14944444444444,0.07040734485694689,1.0858771572899781,3.9997650649236327,0.9857840906615305,0.9944143579200735,-0.014317923346650423,-0.0056013001126499675,-0.010567724867724915,-0.004128273809523827,0.0,0.0,1.6409400634275342,1.2,0.6871931216931217,1.0,-0.3751399175398295,0.6871931216931217,0.0,0.13150793650793652,0.024392857142857143,0.24653942657382086,19.70611111111111,0.038104670469833075
10,0,420,rts,0.05,1.3262467244721325,2.225540928492468,1.2214027581601699,1.8336087141345103,0.9901580844306463,False,False,True,-0.3069463773045188,1.1636620824634731,1.3020005939902721,1.0512710963760241,2.225538702952652,9,0.05,0.8,0.554517744447956,480,1800,58,2000,0.7367910052910053,1.0,-0.3054510019182088,0.7367910052910053,0.0,0.041761904761904764,0.051194444444444445,0.18447636334938047,28.157777777777778,0.010133036722173586,1.2,1.2,0.7340529100529101,1.0,-0.3091741684248377,0.7340529100529101,0.0,0.05714285714285714,0.04033201058201058,0.21521639042357274,24.133333333333333,0.08829393263218589,1.3262467244721325,2.225540928492468,0.7413492063492063,1.0,-0.2992835010667207,0.7413492063492063,0.0,0.03887301587301587,0.049805555555555554,0.19021848875247366,27.51222222222222,0.04264895310851619,1.2214027581601699,1.8336087141345103,0.718276455026455,1.0,-0.3309007491850242,0.718276455026455,0.0,0.017555555555555557,0.09393650793650794,0.11255214165302883,45.14944444444444,0.07040734485694689,1.0858771572899781,3.9997650649236327,0.9857840906615305,0.9944143579200735,-0.014317923346650423,-0.0056013001126499675,-0.010567724867724915,-0.004128273809523827,0.0,0.0,1.6409400634275342,1.2,0.6871931216931217,1.0,-0.3751399175398295,0.6871931216931217,0.0,0.13150793650793652,0.024392857142857143,0.24653942657382086,19.70611111111111,0.038104670469833075
10,0,420,rts,0.1,1.3262467244721325,2.225540928492468,1.2214027581601699,1.8336087141345103,0.9901580844306463,False,False,True,-0.3069463773045188,1.1636620824634731,1.3020005939902721,1.0512710963760241,2.225538702952652,9,0.05,0.8,0.554517744447956,480,1800,58,2000,0.7367910052910053,1.0,-0.3054510019182088,0.7367910052910053,0.0,0.041761904761904764,0.051194444444444445,0.18447636334938047,28.157777777777778,0.010133036722173586,1.2,1.2,0.7340529100529101,1.0,-0.3091741684248377,0.7340529100529101,0.0,0.05714285714285714,0.04033201058201058,0.21521639042357274,24.133333333333333,0.08829393263218589,1.3262467244721325,2.225540928492468,0.7413492063492063,1.0,-0.2992835010667207,0.7413492063492063,0.0,0.03887301587301587,0.049805555555555554,0.19021848875247366,27.51222222222222,0.04264895310851619,1.2214027581601699,1.8336087141345103,0.718276455026455,1.0,-0.3309007491850242,0.718276455026455,0.0,0.017555555555555557,0.09393650793650794,0.11255214165302883,45.14944444444444,0.07040734485694689,1.0858771572899781,3.9997650649236327,0.9857840906615305,0.9944143579200735,-0.014317923346650423,-0.0056013001126499675,-0.010567724867724915,-0.004128273809523827,0.0,0.0,1.6409400634275342,1.2,0.6871931216931217,1.0,-0.3751399175398295,0.6871931216931217,0.0,0.13150793650793652,0.024392857142857143,0.24653942657382086,19.70611111111111,0.038104670469833075
10,0,420,rts,0.2,1.3262467244721325,2.225540928492468,1.2214027581601699,1.8336087141345103,0.9901580844306463,False,False,True,-0.3069463773045188,1.1636620824634731,1.3020005939902721,1.0512710963760241,2.225538702952652,9,0.05,0.8,0.554517744447956,480,1800,58,2000,0.7367910052910053,1.0,-0.3054510019182088,0.7367910052910053,0.0,0.041761904761904764,0.051194444444444445,0.18447636334938047,28.157777777777778,0.010133036722173586,1.2,1.2,0.7340529100529101,1.0,-0.3091741684248377,0.7340529100529101,0.0,0.05714285714285714,0.04033201058201058,0.21521639042357274,24.133333333333333,0.08829393263218589,1.3262467244721325,2.225540928492468,0.7413492063492063,1.0,-0.2992835010667207,0.7413492063492063,0.0,0.03887301587301587,0.049805555555555554,0.19021848875247366,27.51222222222222,0.04264895310851619,1.2214027581601699,1.8336087141345103,0.718276455026455,1.0,-0.3309007491850242,0.718276455026455,0.0,0.017555555555555557,0.09393650793650794,0.11255214165302883,45.14944444444444,0.07040734485694689,1.0858771572899781,3.9997650649236327,0.9857840906615305,0.9944143579200735,-0.014317923346650423,-0.0056013001126499675,-0.010567724867724915,-0.004128273809523827,0.0,0.0,1.6409400634275342,1.2,0.6871931216931217,1.0,-0.3751399175398295,0.6871931216931217,0.0,0.13150793650793652,0.024392857142857143,0.24653942657382086,19.70611111111111,0.038104670469833075
10,0,420,rts,0.5,1.3262467244721325,2.225540928492468,1.2214027581601699,1.8336087141345103,0.9901580844306463,False,False,True,-0.3069463773045188,1.1636620824634731,1.3020005939902721,1.0512710963760241,2.225538702952652,9,0.05,0.8,0.554517744447956,480,1800,58,2000,0.7367910052910053,1.0,-0.3054510019182088,0.7367910052910053,0.0,0.041761904761904764,0.051194444444444445,0.18447636334938047,28.157777777777778,0.010133036722173586,1.2,1.2,0.7340529100529101,1.0,-0.3091741684248377,0.7340529100529101,0.0,0.05714285714285714,0.04033201058201058,0.21521639042357274,24.133333333333333,0.08829393263218589,1.3262467244721325,2.225540928492468,0.7413492063492063,1.0,-0.2992835010667207,0.7413492063492063,0.0,0.03887301587301587,0.049805555555555554,0.19021848875247366,27.51222222222222,0.04264895310851619,1.2214027581601699,1.8336087141345103,0.718276455026455,1.0,-0.3309007491850242,0.718276455026455,0.0,0.017555555555555557,0.09393650793650794,0.11255214165302883,45.14944444444444,0.07040734485694689,1.0858771572899781,3.9997650649236327,0.9857840906615305,0.9944143579200735,-0.014317923346650423,-0.0056013001126499675,-0.010567724867724915,-0.004128273809523827,0.0,0.0,1.6409400634275342,1.2,0.6871931216931217,1.0,-0.3751399175398295,0.6871931216931217,0.0,0.13150793650793652,0.024392857142857143,0.24653942657382086,19.70611111111111,0.038104670469833075
20,20,840,basic,0.0,1.0512710963760241,2.225540928492468,1.1599953540721066,3.3387951220353123,1.004266861118781,False,True,True,-0.7658441844640651,1.0281674059193349,1.2962338221729803,1.0497594051910042,3.999998555520698,26,0.02777777777777778,1.3862943611198906,0.5585933140620555,480,1800,163,2000,0.43770238095238095,0.27772489218894963,-0.8262160951099272,0.06078042328042328,0.3769219576719577,0.5414523809523809,0.020845238095238094,0.024466832395656155,33.96888888888889,0.009800938883102343,1.2,1.2,0.43539285714285714,0.03250728375820657,-0.8315065355921948,0.007076719576719577,0.42831613756613757,0.5419027777777777,0.022704365079365078,0.0026855581793767654,35.995,0.007290977347495068,1.0512710963760241,2.225540928492468,0.4335429894179894,0.030754351145736877,-0.8357643194707941,0.006666666666666667,0.42687632275132276,0.5436779100529101,0.02277910052910053,0.002542177027963947,36.05833333333333,0.010264039474968262,1.1599953540721066,3.3387951220353123,0.44052050264550263,0.14587721655629238,-0.8197982906583897,0.03213095238095238,0.40838955026455026,0.5378247354497354,0.021654761904761906,0.012290449429258275,34.89611111111111,0.000986557925971908,1.025240735103915,1.0311519254199815,0.9972679362166326,1.0111117581656803,-0.002735802688860428,0.01105047612545873,-0.001183564814814833,0.004804993386243419,-0.0015138726041338283,0.00515989245085721,1.3142497381779692,1.2,0.4390621693121693,0.5230424395431581,-0.8231142601882684,0.11482407407407408,0.3242380952380952,0.542167328042328,0.018770502645502646,0.04984293193717278,31.833333333333332,0.012971299901738675
20,20,840,basic,0.05,1.7606541655241787,1.151909910168909,1.4092547238427402,1.0886027574077382,0.9250439499150946,False,True,False,-0.9753567292421808,1.4092547238427402,1.4092547238427402,1.0886027574077382,1.0886027574077382,1,0.02777777777777778,1.3862943611198906,0.5585933140620555,480,1800,163,2000,0.43770238095238095,0.27772489218894963,-0.9082800625256418,0.06078042328042328,0.3769219576719577,0.5414523809523809,0.020845238095238094,0.024466832395656155,33.96888888888889,0.009800938883102343,1.2,1.2,0.39557539682539683,1.1348347293976024,-0.9282138216224827,0.22445634920634921,0.17111904761904762,0.5922969576719577,0.012127645502645503,0.1271240057845264,24.586666666666666,0.017730897769299276,1.7606541655241787,1.151909910168909,0.42791666666666667,0.842283735954622,-0.8502997924457679,0.18021362433862434,0.24770304232804233,0.5564444444444444,0.01563888888888889,0.08808158808158809,28.49,0.00747247307147615,1.4092547238427402,1.0886027574077382,0.38622949735449735,1.0786038539057055,-0.9516098118155052,0.20829431216931216,0.1779351851851852,0.6004986772486772,0.013271825396825396,0.11299496352900312,25.59111111111111,0.1616142552002861,2.414648384909773,2.186741907589465,0.9079734531376424,0.9440944826879027,-0.09654013744494644,-0.05752903064002768,-0.040020601851851814,-0.023911309523809553,0.2725783698416371,0.31451626601853727,1.3142497381779692,1.2,0.4390621693121693,0.5230424395431581,-0.8441154657539001,0.11482407407407408,0.3242380952380952,0.542167328042328,0.018770502645502646,0.04984293193717278,31.833333333333332,0.012971299901738675
20,20,840,basic,0.1,1.7623826407286587,1.0512710963760241,1.4092547238427402,1.0886027574077382,0.8960136652492533,False,True,True,-1.0687173797007934,1.4092547238427402,1.4092547238427402,1.0886027574077382,1.0886027574077382,1,0.02777777777777778,1.3862943611198906,0.5585933140620555,480,1800,163,2000,0.43770238095238095,0.27772489218894963,-0.9903440299413564,0.06078042328042328,0.3769219576719577,0.5414523809523809,0.020845238095238094,0.024466832395656155,33.96888888888889,0.009800938883102343,1.2,1.2,0.3835304232804233,1.197086384157214,-0.961572393213309,0.2295595238095238,0.15397089947089948,0.6052652116402116,0.01120436507936508,0.1346933962264151,23.555555555555557,0.006154409885051316,1.7623826407286587,1.0512710963760241,0.42791666666666667,0.842283735954622,-0.851772778484057,0.18021362433862434,0.24770304232804233,0.5564444444444444,0.01563888888888889,0.08808158808158809,28.49,0.00747247307147615,1.4092547238427402,1.0886027574077382,0.35335912698412697,1.2206206869444616,-1.0442448029019638,0.21565873015873016,0.13770039682539684,0.6354484126984127,0.011192460317460318,0.12908246336557802,23.202222222222222,0.22918006557482665,3.0344414320063993,2.380281819203252,0.8795309866386432,0.9135053373232586,-0.12836648334671666,-0.09046606046274679,-0.05184670965608464,-0.0367523644179894,0.333197019803698,0.3752485258008713,1.3142497381779692,1.2,0.4390621693121693,0.5230424395431581,-0.8651166713195317,0.11482407407407408,0.3242380952380952,0.542167328042328,0.018770502645502646,0.04984293193717278,31.833333333333332,0.012971299901738675
20,20,840,basic,0.2,2.225540928492468,1.0512710963760241,1.409253314588721,1.0886038460110399,0.7667941195736142,False,True,True,-1.207472087353372,1.409253314588721,1.409253314588721,1.0886038460110399,1.0886038460110399,1,0.02777777777777778,1.3862943611198906,0.5585933140620555,480,1800,163,2000,0.43770238095238095,0.27772489218894963,-1.1544719647727857,0.06078042328042328,0.3769219576719577,0.5414523809523809,0.020845238095238094,0.024466832395656155,33.96888888888889,0.009800938883102343,1.2,1.2,0.3305046296296296,1.2919277279612906,-1.1202556871883587,0.2134940476190476,0.11701058201058201,0.6606541005291006,0.00884126984126984,0.14142621818375045,20.91,0.00840425520422146,2.225540928492468,1.0512710963760241,0.42791666666666667,0.842283735954622,-0.8547187505606352,0.18021362433862434,0.24770304232804233,0.5564444444444444,0.01563888888888889,0.08808158808158809,28.49,0.007472564199177511,1.409253314588721,1.0886038460110399,0.30793650793650795,1.3208247422680413,-1.1933469791665472,0.20336507936507936,0.10457142857142857,0.6828472222222223,0.009216269841269841,0.1350435496253938,20.985,0.3224537964388722,4.101919520797893,2.5835269781947883,0.7503132572735619,0.7848192327150583,-0.2872644832996284,-0.24230186505228982,-0.10558710317460318,-0.08880806878306881,0.42935222967023956,0.4710644082408776,1.3142497381779692,1.2,0.4390621693121693,0.5230424395431581,-0.9071190824507951,0.11482407407407408,0.3242380952380952,0.542167328042328,0.018770502645502646,0.04984293193717278,31.833333333333332,0.012971299901738675
20,20,840,basic,0.5,2.225540928492468,1.0512710963760241,1.409253314588721,1.0886038460110399,0.7585241561528675,False,True,True,-1.543194356747245,1.409253314588721,1.409253314588721,1.0886038460110399,1.0886038460110399,1,0.02777777777777778,1.3862943611198906,0.5585933140620555,480,1800,163,2000,0.43770238095238095,0.27772489218894963,-1.646855769267073,0.06078042328042328,0.3769219576719577,0.5414523809523809,0.020845238095238094,0.024466832395656155,33.96888888888889,0.009800938883102343,1.2,1.2,0.3305046296296296,1.2919277279612906,-1.1399373002229154,0.2134940476190476,0.11701058201058201,0.6606541005291006,0.00884126984126984,0.14142621818375045,20.91,0.00840425520422146,2.225540928492468,1.0512710963760241,0.42791666666666667,0.842283735954622,-0.8635566667903698,0.18021362433862434,0.24770304232804233,0.5564444444444444,0.01563888888888889,0.08808158808158809,28.49,0.007472564199177511,1.409253314588721,1.0886038460110399,0.26132010582010584,1.3884226404397695,-1.3958563844767269,0.18141137566137566,0.07990873015873017,0.7311223544973545,0.007557539682539682,0.13230652326397008,19.00888888888889,0.3738658122826719,5.55334546081011,2.5230840702687223,0.7423487025289571,0.7759857335854136,-0.2979361967324785,-0.25362114380364764,-0.10558710317460318,-0.08880806878306881,0.42935222967023956,0.4710644082408776,1.3142497381779692,1.2,0.4390621693121693,0.5230424395431581,-1.033126315844585,0.11482407407407408,0.3242380952380952,0.542167328042328,0.018770502645502646,0.04984293193717278,31.833333333333332,0.012971299901738675
5,5,210,rts,0.0,1.2214027581601699,2.225540928492468,1.396251296556574,3.425289521615114,1.002357518386474,False,True,True,-0.2996916292674769,1.0512710963760241,1.3962526928085686,1.0512710963760241,3.999998555520698,56,0.05,1.3862943611198906,0.4746237905046103,480,1800,160,2000,0.7325925925925926,0.2660046222735808,-0.311165539809763,0.09743650793650793,0.6351560846560846,0.04866931216931217,0.04794444444444444,0.024941158606028396,14.634444444444444,0.005710898384533595,1.2,1.2,0.7333703703703703,0.22546480336490943,-0.31010442452867165,0.08267460317460318,0.6506957671957672,0.047841269841269844,0.04838359788359788,0.02053992826127997,14.713888888888889,0.030738511479897642,1.2214027581601699,2.225540928492468,0.7316455026455027,0.3669195334138457,-0.31245916832857784,0.13422751322751322,0.5974179894179894,0.05308465608465608,0.046441798941798944,0.0343492235603919,14.346111111111112,0.0671716679902585,1.396251296556574,3.425289521615114,0.7347275132275132,0.17589935440198468,-0.30825557880947146,0.06461904761904762,0.6701084656084656,0.045375661375661375,0.04894179894179894,0.015570479870933854,14.807222222222222,0.041051002858542206,1.165152889671808,3.999776686781054,0.9977160134277556,1.0073989347500176,-0.0022865988485875747,0.007371696902192459,-0.0016773148148148593,0.005410317460317467,-0.16523307273335575,-0.11901357050951804,2.014591696251013,1.2,0.7099656084656084,0.966311059109354,-0.3425387489008048,0.3430238095238095,0.36694179894179896,0.09226190476190477,0.03726190476190476,0.10163666824176296,12.932777777777778,0.02015286001895568
5,5,210,rts,0.05,1.4907917561443746,1.7606541655241787,1.710079738279151,1.5268289455183452,0.9914927456430015,False,True,False,-0.3124049834459836,1.5268289455183452,1.9743613915206877,1.2307921666404829,3.999998555520698,17,0.05,1.3862943611198906,0.4746237905046103,480,1800,160,2000,0.7325925925925926,0.2660046222735808,-0.39884632969204925,0.09743650793650793,0.6351560846560846,0.04866931216931217,0.04794444444444444,0.024941158606028396,14.634444444444444,0.005710898384533595,1.2,1.2,0.7290555555555556,0.5487276065649913,-0.3340145305648024,0.20002645502645502,0.5290291005291006,0.05758730158730159,0.04463492063492063,0.05524752475247525,14.027777777777779,0.0345869383390521,1.4907917561443746,1.7606541655241787,0.7247910052910053,0.7646867734176245,-0.32547088296809634,0.2771190476190476,0.44767195767195767,0.06805291005291006,0.04128042328042328,0.08019004337946706,13.447222222222223,0.03367638584300702,1.710079738279151,1.5268289455183452,0.7348941798941799,0.16763742395334605,-0.467509958696804,0.061597883597883596,0.6732962962962963,0.04482010582010582,0.04878306878306878,0.015195396246285778,14.770555555555555,0.03901716563310781,1.1571714010447287,3.999776686781054,0.9854667466474828,0.9980172356711725,-0.01463989557917202,-0.00198473264131685,-0.0002460978835979094,0.008661772486772527,-0.2498764819539705,-0.1814835645831074,2.014591696251013,1.2,0.7099656084656084,0.966311059109354,-0.3425974687954546,0.3430238095238095,0.36694179894179896,0.09226190476190477,0.03726190476190476,0.10163666824176296,12.932777777777778,0.02015286001895568
5,5,210,rts,0.1,1.7589303741730606,2.225540928492468,1.710079738279151,1.710079738279151,1.0029492483803581,False,True,True,-0.3157760965624116,1.710079738279151,1.9743613915206877,1.0512710963760241,3.999998555520698,15,0.05,1.3862943611198906,0.4746237905046103,480,1800,160,2000,0.7325925925925926,0.2660046222735808,-0.4865271195743354,0.09743650793650793,0.6351560846560846,0.04866931216931217,0.04794444444444444,0.024941158606028396,14.634444444444444,0.005710898384533595,1.2,1.2,0.7267089947089947,0.7672263156361941,-0.326250257155832,0.2787751322751323,0.4479338624338624,0.06616402116402116,0.041201058201058204,0.07958879124523296,13.402222222222223,0.0655984586750744,1.7589303741730606,2.225540928492468,0.7260767195767196,0.7396422754748467,-0.32919516503523505,0.26851851851851855,0.45755820105820105,0.06606349206349206,0.04119312169312169,0.07733753315649868,13.404444444444444,0.04316886176273775,1.710079738279151,1.710079738279151,0.7349629629629629,0.16557001756558298,-0.6313454386002036,0.060843915343915346,0.6741190476190476,0.044814814814814814,0.04873015873015873,0.015020328263815691,14.757777777777777,0.03713154555045318,1.15469847341732,3.999776686781054,0.9974252102447102,1.0082367480423768,-0.0025781102344694566,0.008203011145174863,-0.0033496031746031497,0.004228108465608479,-0.009724039936889126,0.061582833852907345,2.014591696251013,1.2,0.7099656084656084,0.966311059109354,-0.3426561886901044,0.3430238095238095,0.36694179894179896,0.09226190476190477,0.03726190476190476,0.10163666824176296,12.932777777777778,0.02015286001895568
5,5,210,rts,0.2,1.7606541655241787,1.7606541655241787,1.9743613915206877,1.710079738279151,0.9991610673327728,False,True,False,-0.321147311309307,1.710079738279151,1.9743613915206877,1.0512710963760241,2.368931477247541,11,0.05,1.3862943611198906,0.4746237905046103,480,1800,160,2000,0.7325925925925926,0.2660046222735808,-0.6618886993389078,0.09743650793650793,0.6351560846560846,0.04866931216931217,0.04794444444444444,0.024941158606028396,14.634444444444444,0.005710898384533595,1.2,1.2,0.7250582010582011,0.7844726933068683,-0.33328823286041614,0.2843941798941799,0.44066402116402115,0.06922751322751322,0.040579365079365076,0.08193163320672817,13.310555555555556,0.05084125749204906,1.7606541655241787,1.7606541655241787,0.7179285714285715,0.9296661102451571,-0.33244894809223907,0.3337169312169312,0.3842116402116402,0.0819074074074074,0.03780952380952381,0.09933290294813858,12.908333333333333,0.05868890545859808,1.9743613915206877,1.710079738279151,0.7346957671957672,0.1655006031363088,-0.9554210017940856,0.0607962962962963,0.6738994708994709,0.04516137566137566,0.04867724867724868,0.015026550672240424,14.751666666666667,0.03758347772043644,1.1528550277598038,3.999776686781054,0.9921323688530104,1.0064672030224453,-0.007898744317288575,0.006446380262429631,0.0015819444444444357,0.01276018518518517,-0.18008889985191576,-0.10996100197852295,2.014591696251013,1.2,0.7099656084656084,0.966311059109354,-0.3427736284794039,0.3430238095238095,0.36694179894179896,0.09226190476190477,0.03726190476190476,0.10163666824176296,12.932777777777778,0.02015286001895568
5,5,210,rts,0.5,2.225540928492468,2.225540928492468,1.9743613915206877,2.9845023021648975,0.9863250308409344,False,True,True,-0.32904595151125293,1.9743613915206877,1.9743613915206877,2.3689338461802025,3.999998555520698,4,0.05,1.3862943611198906,0.4746237905046103,480,1800,160,2000,0.7325925925925926,0.2660046222735808,-1.1879734386326248,0.09743650793650793,0.6351560846560846,0.04866931216931217,0.04794444444444444,0.024941158606028396,14.634444444444444,0.005710898384533595,1.2,1.2,0.7092777777777778,1.0176533995755426,-0.3436611553520735,0.3608994708994709,0.3483783068783069,0.09316137566137567,0.03708994708994709,0.10771082265967506,12.925555555555556,0.09900599731619997,2.225540928492468,2.225540928492468,0.7260978835978836,0.8692255843185834,-0.32989182253460575,0.31557142857142856,0.410526455026455,0.07094444444444445,0.03864550264550264,0.09320430107526882,12.916666666666666,0.10524694521950355,1.9743613915206877,2.9845023021648975,0.7345105820105821,0.16441138864377172,-1.938255712134329,0.06038095238095238,0.6741296296296296,0.04532275132275132,0.04871428571428572,0.014941663530297328,14.761111111111111,0.03766632129740646,1.1514479611833437,3.999776686781054,0.9785580342658814,0.9940957953620926,-0.021675184496502343,-0.005921703368999259,-0.022002843915343937,-0.012086706349206304,0.11410782597106908,0.1813504896913483,2.014591696251013,1.2,0.7099656084656084,0.966311059109354,-0.34312594784730255,0.3430238095238095,0.36694179894179896,0.09226190476190477,0.03726190476190476,0.10163666824176296,12.932777777777778,0.02015286001895568
