access,w_eff,n_vis,n_nat,c_idle,c_coll,T,rho,tau_cv
basic,420,5,10,1.0,1.02,0.63101,0.0859,0.00026
basic,420,5,10,1.0,1.05,0.63144,0.08301,0.00064
basic,420,5,10,1.0,1.1,0.62846,0.07873,0.00123
basic,420,5,10,1.0,1.15,0.62981,0.07655,0.00179
basic,420,5,10,1.0,1.2,0.63066,0.0745,0.00231
basic,420,5,10,1.0,1.3,0.62945,0.06908,0.00289
basic,420,5,10,1.0,1.4,0.63357,0.06867,0.00361
basic,420,5,10,1.0,1.55,0.63437,0.06131,0.00418
basic,420,5,10,1.0,1.7,0.63308,0.05664,0.00476
basic,420,5,10,1.0,1.85,0.63221,0.05337,0.00591
basic,420,5,10,1.0,2.0,0.63261,0.0531,0.00653
basic,420,5,10,1.2,1.02,0.63295,0.24628,0.0005
basic,420,5,10,1.2,1.05,0.63209,0.23733,0.0013
basic,420,5,10,1.2,1.1,0.63221,0.22392,0.00247
basic,420,5,10,1.2,1.15,0.63622,0.21745,0.00377
basic,420,5,10,1.2,1.2,0.63328,0.20892,0.005
basic,420,5,10,1.2,1.3,0.6376,0.19693,0.00656
basic,420,5,10,1.2,1.4,0.6412,0.16598,0.00812
basic,420,5,10,1.2,1.55,0.63445,0.15823,0.00932
basic,420,5,10,1.2,1.7,0.63305,0.13811,0.01072
basic,420,5,10,1.2,1.85,0.63188,0.12209,0.0134
basic,420,5,10,1.2,2.0,0.63024,0.11949,0.01518
basic,420,5,10,1.4,1.02,0.61287,0.60654,0.0009
basic,420,5,10,1.4,1.05,0.61428,0.56711,0.0024
basic,420,5,10,1.4,1.1,0.61548,0.5528,0.00454
basic,420,5,10,1.4,1.15,0.61565,0.51425,0.00668
basic,420,5,10,1.4,1.2,0.62541,0.4849,0.00824
basic,420,5,10,1.4,1.3,0.61975,0.44786,0.01258
basic,420,5,10,1.4,1.4,0.62069,0.40259,0.01641
basic,420,5,10,1.4,1.55,0.6235,0.37911,0.02067
basic,420,5,10,1.4,1.7,0.62506,0.35074,0.0243
basic,420,5,10,1.4,1.85,0.63045,0.32731,0.02589
basic,420,5,10,1.4,2.0,0.63315,0.32629,0.02916
basic,420,5,10,1.6,1.02,0.59053,0.91553,0.00127
basic,420,5,10,1.6,1.05,0.59281,0.92464,0.00307
basic,420,5,10,1.6,1.1,0.59129,0.91032,0.00614
basic,420,5,10,1.6,1.15,0.59794,0.87532,0.00898
basic,420,5,10,1.6,1.2,0.59477,0.84299,0.01179
basic,420,5,10,1.6,1.3,0.60042,0.8092,0.01768
basic,420,5,10,1.6,1.4,0.60779,0.78621,0.02242
basic,420,5,10,1.6,1.55,0.60986,0.74855,0.02811
basic,420,5,10,1.6,1.7,0.6058,0.68517,0.03565
basic,420,5,10,1.6,1.85,0.60883,0.62258,0.0405
basic,420,5,10,1.6,2.0,0.6085,0.58819,0.04752
basic,420,10,10,1.0,1.02,0.63839,0.11796,0.00038
basic,420,10,10,1.0,1.05,0.63865,0.11281,0.00096
basic,420,10,10,1.0,1.1,0.64016,0.10512,0.00191
basic,420,10,10,1.0,1.15,0.64,0.10143,0.00277
basic,420,10,10,1.0,1.2,0.63773,0.09356,0.0037
basic,420,10,10,1.0,1.3,0.63751,0.08987,0.00531
basic,420,10,10,1.0,1.4,0.63759,0.08499,0.0066
basic,420,10,10,1.0,1.55,0.63712,0.07974,0.00875
basic,420,10,10,1.0,1.7,0.63569,0.07348,0.01097
basic,420,10,10,1.0,1.85,0.63745,0.06974,0.01264
basic,420,10,10,1.0,2.0,0.64027,0.06684,0.01372
basic,420,10,10,1.2,1.02,0.62731,0.29844,0.00074
basic,420,10,10,1.2,1.05,0.62571,0.28294,0.00176
basic,420,10,10,1.2,1.1,0.62931,0.27457,0.00353
basic,420,10,10,1.2,1.15,0.63047,0.26154,0.00503
basic,420,10,10,1.2,1.2,0.62844,0.25405,0.00688
basic,420,10,10,1.2,1.3,0.63093,0.24745,0.00922
basic,420,10,10,1.2,1.4,0.62722,0.22456,0.01199
basic,420,10,10,1.2,1.55,0.62466,0.19603,0.01616
basic,420,10,10,1.2,1.7,0.62398,0.18088,0.01878
basic,420,10,10,1.2,1.85,0.62805,0.16986,0.021
basic,420,10,10,1.2,2.0,0.62758,0.16422,0.02269
basic,420,10,10,1.4,1.02,0.60625,0.55972,0.00105
basic,420,10,10,1.4,1.05,0.60394,0.54868,0.00269
basic,420,10,10,1.4,1.1,0.60711,0.52927,0.00516
basic,420,10,10,1.4,1.15,0.61115,0.52376,0.00783
basic,420,10,10,1.4,1.2,0.60979,0.50668,0.01059
basic,420,10,10,1.4,1.3,0.60806,0.49026,0.01488
basic,420,10,10,1.4,1.4,0.61814,0.47276,0.01929
basic,420,10,10,1.4,1.55,0.61611,0.43087,0.02491
basic,420,10,10,1.4,1.7,0.61295,0.39919,0.03368
basic,420,10,10,1.4,1.85,0.61409,0.36375,0.03786
basic,420,10,10,1.4,2.0,0.61798,0.33911,0.04282
basic,420,10,10,1.6,1.02,0.57636,0.79242,0.00132
basic,420,10,10,1.6,1.05,0.57744,0.7936,0.00318
basic,420,10,10,1.6,1.1,0.58187,0.76619,0.00665
basic,420,10,10,1.6,1.15,0.58479,0.75957,0.00978
basic,420,10,10,1.6,1.2,0.57541,0.72911,0.01366
basic,420,10,10,1.6,1.3,0.58397,0.71834,0.01932
basic,420,10,10,1.6,1.4,0.59036,0.67914,0.02531
basic,420,10,10,1.6,1.55,0.58282,0.65497,0.0353
basic,420,10,10,1.6,1.7,0.59214,0.62516,0.042
basic,420,10,10,1.6,1.85,0.59522,0.58495,0.05293
basic,420,10,10,1.6,2.0,0.59703,0.55942,0.0568
basic,420,20,10,1.0,1.02,0.62775,0.16179,0.00055
basic,420,20,10,1.0,1.05,0.62932,0.15342,0.00143
basic,420,20,10,1.0,1.1,0.62974,0.15176,0.00268
basic,420,20,10,1.0,1.15,0.63017,0.14171,0.00397
basic,420,20,10,1.0,1.2,0.63045,0.13356,0.00542
basic,420,20,10,1.0,1.3,0.62754,0.1244,0.00744
basic,420,20,10,1.0,1.4,0.62885,0.12011,0.00956
basic,420,20,10,1.0,1.55,0.62725,0.11241,0.01308
basic,420,20,10,1.0,1.7,0.63125,0.10641,0.01614
basic,420,20,10,1.0,1.85,0.63329,0.10328,0.01829
basic,420,20,10,1.0,2.0,0.63292,0.09779,0.02029
basic,420,20,10,1.2,1.02,0.62367,0.37454,0.00081
basic,420,20,10,1.2,1.05,0.62089,0.36125,0.00207
basic,420,20,10,1.2,1.1,0.62156,0.34907,0.0041
basic,420,20,10,1.2,1.15,0.62011,0.3351,0.00597
basic,420,20,10,1.2,1.2,0.62345,0.32701,0.00798
basic,420,20,10,1.2,1.3,0.62209,0.2943,0.0124
basic,420,20,10,1.2,1.4,0.6188,0.27064,0.01609
basic,420,20,10,1.2,1.55,0.62847,0.25864,0.02041
basic,420,20,10,1.2,1.7,0.62384,0.243,0.02679
basic,420,20,10,1.2,1.85,0.62635,0.21751,0.03038
basic,420,20,10,1.2,2.0,0.6293,0.21574,0.03373
basic,420,20,10,1.4,1.02,0.58092,0.58268,0.00109
basic,420,20,10,1.4,1.05,0.58786,0.5694,0.00277
basic,420,20,10,1.4,1.1,0.5902,0.56195,0.00556
basic,420,20,10,1.4,1.15,0.58964,0.55642,0.00815
basic,420,20,10,1.4,1.2,0.59246,0.55833,0.01075
basic,420,20,10,1.4,1.3,0.59322,0.51345,0.01648
basic,420,20,10,1.4,1.4,0.60187,0.48791,0.02186
basic,420,20,10,1.4,1.55,0.59698,0.45969,0.02981
basic,420,20,10,1.4,1.7,0.60698,0.43788,0.03534
basic,420,20,10,1.4,1.85,0.60618,0.41102,0.04578
basic,420,20,10,1.4,2.0,0.60796,0.38341,0.05136
basic,420,20,10,1.6,1.02,0.54676,0.72755,0.00131
basic,420,20,10,1.6,1.05,0.55025,0.71968,0.00323
basic,420,20,10,1.6,1.1,0.55187,0.70095,0.00666
basic,420,20,10,1.6,1.15,0.55218,0.70222,0.0099
basic,420,20,10,1.6,1.2,0.5628,0.68168,0.0126
basic,420,20,10,1.6,1.3,0.55732,0.66797,0.02033
basic,420,20,10,1.6,1.4,0.56499,0.64021,0.02657
basic,420,20,10,1.6,1.55,0.56815,0.63441,0.03565
basic,420,20,10,1.6,1.7,0.57427,0.59689,0.04575
basic,420,20,10,1.6,1.85,0.58014,0.57517,0.05543
basic,420,20,10,1.6,2.0,0.58014,0.55642,0.06507
basic,420,50,10,1.0,1.02,0.62468,0.3013,0.00061
basic,420,50,10,1.0,1.05,0.6254,0.2952,0.0015
basic,420,50,10,1.0,1.1,0.62153,0.27759,0.00309
basic,420,50,10,1.0,1.15,0.62791,0.2772,0.0046
basic,420,50,10,1.0,1.2,0.63254,0.26921,0.00569
basic,420,50,10,1.0,1.3,0.62694,0.24459,0.00915
basic,420,50,10,1.0,1.4,0.63179,0.23228,0.01149
basic,420,50,10,1.0,1.55,0.63338,0.22412,0.01567
basic,420,50,10,1.0,1.7,0.63779,0.21234,0.01943
basic,420,50,10,1.0,1.85,0.63528,0.19787,0.02351
basic,420,50,10,1.0,2.0,0.63051,0.18768,0.02811
basic,420,50,10,1.2,1.02,0.59807,0.50354,0.00083
basic,420,50,10,1.2,1.05,0.60702,0.51053,0.00208
basic,420,50,10,1.2,1.1,0.59837,0.48319,0.00415
basic,420,50,10,1.2,1.15,0.59979,0.48025,0.00621
basic,420,50,10,1.2,1.2,0.60934,0.45786,0.00818
basic,420,50,10,1.2,1.3,0.6062,0.43894,0.01255
basic,420,50,10,1.2,1.4,0.60331,0.41454,0.01695
basic,420,50,10,1.2,1.55,0.60986,0.39832,0.02299
basic,420,50,10,1.2,1.7,0.61908,0.38105,0.02857
basic,420,50,10,1.2,1.85,0.61451,0.35478,0.03526
basic,420,50,10,1.2,2.0,0.61412,0.33962,0.04062
basic,420,50,10,1.4,1.02,0.55692,0.65062,0.00097
basic,420,50,10,1.4,1.05,0.55201,0.65641,0.00251
basic,420,50,10,1.4,1.1,0.55543,0.63536,0.00508
basic,420,50,10,1.4,1.15,0.55357,0.63876,0.00768
basic,420,50,10,1.4,1.2,0.56439,0.61407,0.00998
basic,420,50,10,1.4,1.3,0.5667,0.5952,0.01524
basic,420,50,10,1.4,1.4,0.57206,0.56977,0.02062
basic,420,50,10,1.4,1.55,0.57601,0.55281,0.02763
basic,420,50,10,1.4,1.7,0.58594,0.5308,0.03548
basic,420,50,10,1.4,1.85,0.58083,0.50925,0.04389
basic,420,50,10,1.4,2.0,0.58342,0.4899,0.0536
basic,420,50,10,1.6,1.02,0.51541,0.72436,0.00117
basic,420,50,10,1.6,1.05,0.51903,0.71808,0.00297
basic,420,50,10,1.6,1.1,0.51933,0.69746,0.00602
basic,420,50,10,1.6,1.15,0.52194,0.70484,0.00888
basic,420,50,10,1.6,1.2,0.52197,0.69516,0.01182
basic,420,50,10,1.6,1.3,0.53748,0.68779,0.01773
basic,420,50,10,1.6,1.4,0.53332,0.66988,0.02406
basic,420,50,10,1.6,1.55,0.54297,0.64537,0.03248
basic,420,50,10,1.6,1.7,0.54721,0.62475,0.04165
basic,420,50,10,1.6,1.85,0.55122,0.61714,0.05022
basic,420,50,10,1.6,2.0,0.56215,0.59244,0.05734
basic,1680,5,10,1.0,1.02,0.67599,0.0242,0.00032
basic,1680,5,10,1.0,1.05,0.67717,0.02006,0.00078
basic,1680,5,10,1.0,1.1,0.67682,0.01488,0.00145
basic,1680,5,10,1.0,1.15,0.67755,0.01409,0.0018
basic,1680,5,10,1.0,1.2,0.67714,0.01205,0.00165
basic,1680,5,10,1.0,1.3,0.676,0.0096,0.00139
basic,1680,5,10,1.0,1.4,0.67573,0.0084,0.00097
basic,1680,5,10,1.0,1.55,0.67602,0.0076,0.00081
basic,1680,5,10,1.0,1.7,0.67658,0.00731,0.00075
basic,1680,5,10,1.0,1.85,0.67745,0.00676,0.00069
basic,1680,5,10,1.0,2.0,0.67742,0.00671,0.00069
basic,1680,5,10,1.2,1.02,0.59358,1.21953,0.00207
basic,1680,5,10,1.2,1.05,0.60103,1.17974,0.00517
basic,1680,5,10,1.2,1.1,0.60579,1.1184,0.00995
basic,1680,5,10,1.2,1.15,0.61724,1.0388,0.01446
basic,1680,5,10,1.2,1.2,0.62507,0.95725,0.01817
basic,1680,5,10,1.2,1.3,0.63373,0.82152,0.02732
basic,1680,5,10,1.2,1.4,0.64237,0.68631,0.03202
basic,1680,5,10,1.2,1.55,0.6515,0.51911,0.04044
basic,1680,5,10,1.2,1.7,0.6573,0.37117,0.04419
basic,1680,5,10,1.2,1.85,0.66351,0.26088,0.04558
basic,1680,5,10,1.2,2.0,0.66837,0.1859,0.0415
basic,1680,5,10,1.4,1.02,0.46283,1.68501,0.00353
basic,1680,5,10,1.4,1.05,0.46688,1.68956,0.00884
basic,1680,5,10,1.4,1.1,0.48477,1.6731,0.01639
basic,1680,5,10,1.4,1.15,0.49815,1.66942,0.02388
basic,1680,5,10,1.4,1.2,0.5104,1.63852,0.0304
basic,1680,5,10,1.4,1.3,0.51846,1.60296,0.04427
basic,1680,5,10,1.4,1.4,0.52602,1.55764,0.0562
basic,1680,5,10,1.4,1.55,0.54711,1.47204,0.07007
basic,1680,5,10,1.4,1.7,0.55995,1.38594,0.08303
basic,1680,5,10,1.4,1.85,0.56631,1.31659,0.09575
basic,1680,5,10,1.4,2.0,0.57605,1.22858,0.10684
basic,1680,5,10,1.6,1.02,0.37285,1.82485,0.00497
basic,1680,5,10,1.6,1.05,0.38648,1.82744,0.01224
basic,1680,5,10,1.6,1.1,0.39787,1.84659,0.02407
basic,1680,5,10,1.6,1.15,0.41381,1.87461,0.033
basic,1680,5,10,1.6,1.2,0.42931,1.86443,0.04242
basic,1680,5,10,1.6,1.3,0.44329,1.83387,0.06016
basic,1680,5,10,1.6,1.4,0.44826,1.8299,0.07715
basic,1680,5,10,1.6,1.55,0.45871,1.76486,0.09722
basic,1680,5,10,1.6,1.7,0.46888,1.72475,0.11248
basic,1680,5,10,1.6,1.85,0.47793,1.66937,0.12902
basic,1680,5,10,1.6,2.0,0.48295,1.62039,0.14275
basic,1680,10,10,1.0,1.02,0.67282,0.03546,0.00049
basic,1680,10,10,1.0,1.05,0.67473,0.03051,0.00107
basic,1680,10,10,1.0,1.1,0.67494,0.02364,0.00204
basic,1680,10,10,1.0,1.15,0.67512,0.01929,0.00288
basic,1680,10,10,1.0,1.2,0.67588,0.0169,0.0031
basic,1680,10,10,1.0,1.3,0.67682,0.01491,0.00235
basic,1680,10,10,1.0,1.4,0.67716,0.01319,0.00192
basic,1680,10,10,1.0,1.55,0.67645,0.01163,0.00144
basic,1680,10,10,1.0,1.7,0.67631,0.01123,0.00123
basic,1680,10,10,1.0,1.85,0.67612,0.01054,0.00117
basic,1680,10,10,1.0,2.0,0.67654,0.01025,0.00119
basic,1680,10,10,1.2,1.02,0.57018,0.91747,0.00206
basic,1680,10,10,1.2,1.05,0.57118,0.87766,0.00518
basic,1680,10,10,1.2,1.1,0.58732,0.85191,0.00985
basic,1680,10,10,1.2,1.15,0.59911,0.80929,0.01396
basic,1680,10,10,1.2,1.2,0.6065,0.75502,0.01872
basic,1680,10,10,1.2,1.3,0.61762,0.65289,0.02682
basic,1680,10,10,1.2,1.4,0.62852,0.57386,0.03385
basic,1680,10,10,1.2,1.55,0.64356,0.45509,0.04169
basic,1680,10,10,1.2,1.7,0.65275,0.3358,0.04885
basic,1680,10,10,1.2,1.85,0.65893,0.25143,0.05189
basic,1680,10,10,1.2,2.0,0.6637,0.18936,0.05562
basic,1680,10,10,1.4,1.02,0.43727,1.18762,0.00363
basic,1680,10,10,1.4,1.05,0.44735,1.18695,0.00866
basic,1680,10,10,1.4,1.1,0.46617,1.18149,0.01631
basic,1680,10,10,1.4,1.15,0.48172,1.1688,0.02374
basic,1680,10,10,1.4,1.2,0.49395,1.16626,0.03039
basic,1680,10,10,1.4,1.3,0.51633,1.14281,0.04232
basic,1680,10,10,1.4,1.4,0.5306,1.10247,0.05426
basic,1680,10,10,1.4,1.55,0.54316,1.03898,0.07258
basic,1680,10,10,1.4,1.7,0.55673,0.98049,0.08777
basic,1680,10,10,1.4,1.85,0.57066,0.92336,0.10247
basic,1680,10,10,1.4,2.0,0.57557,0.86629,0.11635
basic,1680,10,10,1.6,1.02,0.35338,1.27775,0.00511
basic,1680,10,10,1.6,1.05,0.3661,1.28028,0.01226
basic,1680,10,10,1.6,1.1,0.38465,1.29921,0.02295
basic,1680,10,10,1.6,1.15,0.40461,1.30916,0.03281
basic,1680,10,10,1.6,1.2,0.4218,1.3078,0.04123
basic,1680,10,10,1.6,1.3,0.44205,1.29749,0.05842
basic,1680,10,10,1.6,1.4,0.45471,1.28644,0.0747
basic,1680,10,10,1.6,1.55,0.47185,1.24688,0.09762
basic,1680,10,10,1.6,1.7,0.48085,1.21172,0.11969
basic,1680,10,10,1.6,1.85,0.49643,1.17976,0.13771
basic,1680,10,10,1.6,2.0,0.50204,1.13662,0.15767
basic,1680,20,10,1.0,1.02,0.67503,0.04781,0.00055
basic,1680,20,10,1.0,1.05,0.67444,0.04026,0.00129
basic,1680,20,10,1.0,1.1,0.6744,0.03164,0.00247
basic,1680,20,10,1.0,1.15,0.67607,0.02704,0.00324
basic,1680,20,10,1.0,1.2,0.67458,0.02202,0.00397
basic,1680,20,10,1.0,1.3,0.67471,0.01773,0.00325
basic,1680,20,10,1.0,1.4,0.67495,0.01543,0.00287
basic,1680,20,10,1.0,1.55,0.67656,0.01475,0.00208
basic,1680,20,10,1.0,1.7,0.67614,0.01413,0.00186
basic,1680,20,10,1.0,1.85,0.67606,0.01382,0.00173
basic,1680,20,10,1.0,2.0,0.67626,0.01377,0.0017
basic,1680,20,10,1.2,1.02,0.54274,0.75975,0.00194
basic,1680,20,10,1.2,1.05,0.55498,0.752,0.00465
basic,1680,20,10,1.2,1.1,0.5705,0.72253,0.00875
basic,1680,20,10,1.2,1.15,0.58124,0.69134,0.0128
basic,1680,20,10,1.2,1.2,0.59194,0.65092,0.01712
basic,1680,20,10,1.2,1.3,0.60374,0.58688,0.02482
basic,1680,20,10,1.2,1.4,0.62282,0.51681,0.03105
basic,1680,20,10,1.2,1.55,0.63432,0.41413,0.04021
basic,1680,20,10,1.2,1.7,0.64172,0.3335,0.05077
basic,1680,20,10,1.2,1.85,0.65196,0.25458,0.05706
basic,1680,20,10,1.2,2.0,0.65853,0.20877,0.0614
basic,1680,20,10,1.4,1.02,0.41053,0.94162,0.00322
basic,1680,20,10,1.4,1.05,0.42757,0.94851,0.00766
basic,1680,20,10,1.4,1.1,0.44782,0.94852,0.01445
basic,1680,20,10,1.4,1.15,0.46574,0.93979,0.02049
basic,1680,20,10,1.4,1.2,0.48006,0.93511,0.02606
basic,1680,20,10,1.4,1.3,0.50272,0.90176,0.03773
basic,1680,20,10,1.4,1.4,0.51802,0.8751,0.04895
basic,1680,20,10,1.4,1.55,0.53751,0.82835,0.06474
basic,1680,20,10,1.4,1.7,0.55144,0.78555,0.07939
basic,1680,20,10,1.4,1.85,0.56379,0.73812,0.0951
basic,1680,20,10,1.4,2.0,0.57265,0.69309,0.11013
basic,1680,20,10,1.6,1.02,0.33604,1.00931,0.00455
basic,1680,20,10,1.6,1.05,0.35224,1.02471,0.01065
basic,1680,20,10,1.6,1.1,0.37372,1.0379,0.01993
basic,1680,20,10,1.6,1.15,0.39029,1.03652,0.02795
basic,1680,20,10,1.6,1.2,0.41103,1.03514,0.03508
basic,1680,20,10,1.6,1.3,0.43373,1.02863,0.04945
basic,1680,20,10,1.6,1.4,0.45201,1.0185,0.0626
basic,1680,20,10,1.6,1.55,0.47414,0.98846,0.08223
basic,1680,20,10,1.6,1.7,0.48845,0.95694,0.10449
basic,1680,20,10,1.6,1.85,0.4997,0.92435,0.12283
basic,1680,20,10,1.6,2.0,0.50862,0.89325,0.14272
basic,1680,50,10,1.0,1.02,0.66853,0.0918,0.00069
basic,1680,50,10,1.0,1.05,0.6714,0.08408,0.00163
basic,1680,50,10,1.0,1.1,0.67148,0.06668,0.00321
basic,1680,50,10,1.0,1.15,0.67333,0.05572,0.00455
basic,1680,50,10,1.0,1.2,0.6712,0.04663,0.00545
basic,1680,50,10,1.0,1.3,0.67371,0.03886,0.00428
basic,1680,50,10,1.0,1.4,0.67363,0.03416,0.00391
basic,1680,50,10,1.0,1.55,0.67479,0.03103,0.00332
basic,1680,50,10,1.0,1.7,0.67115,0.02876,0.00281
basic,1680,50,10,1.0,1.85,0.67208,0.02843,0.00278
basic,1680,50,10,1.0,2.0,0.67223,0.02663,0.00275
basic,1680,50,10,1.2,1.02,0.51241,0.70859,0.00155
basic,1680,50,10,1.2,1.05,0.52509,0.70393,0.00376
basic,1680,50,10,1.2,1.1,0.54116,0.67948,0.00731
basic,1680,50,10,1.2,1.15,0.56205,0.65084,0.01044
basic,1680,50,10,1.2,1.2,0.57344,0.62631,0.01343
basic,1680,50,10,1.2,1.3,0.58885,0.57061,0.01982
basic,1680,50,10,1.2,1.4,0.60106,0.51631,0.02616
basic,1680,50,10,1.2,1.55,0.61624,0.42897,0.03571
basic,1680,50,10,1.2,1.7,0.63071,0.3684,0.04235
basic,1680,50,10,1.2,1.85,0.63925,0.30227,0.04928
basic,1680,50,10,1.2,2.0,0.64666,0.24006,0.05778
basic,1680,50,10,1.4,1.02,0.38431,0.82586,0.00258
basic,1680,50,10,1.4,1.05,0.40145,0.83077,0.00607
basic,1680,50,10,1.4,1.1,0.42597,0.82806,0.01112
basic,1680,50,10,1.4,1.15,0.44969,0.82817,0.01571
basic,1680,50,10,1.4,1.2,0.46547,0.81675,0.02018
basic,1680,50,10,1.4,1.3,0.48955,0.79733,0.02857
basic,1680,50,10,1.4,1.4,0.50545,0.77373,0.03672
basic,1680,50,10,1.4,1.55,0.52866,0.72982,0.04824
basic,1680,50,10,1.4,1.7,0.54144,0.68641,0.06158
basic,1680,50,10,1.4,1.85,0.55307,0.64977,0.07319
basic,1680,50,10,1.4,2.0,0.56416,0.60552,0.08659
basic,1680,50,10,1.6,1.02,0.31467,0.86799,0.0035
basic,1680,50,10,1.6,1.05,0.33336,0.88218,0.0081
basic,1680,50,10,1.6,1.1,0.36312,0.89365,0.0146
basic,1680,50,10,1.6,1.15,0.37993,0.89734,0.02055
basic,1680,50,10,1.6,1.2,0.3959,0.89211,0.02603
basic,1680,50,10,1.6,1.3,0.42585,0.88667,0.0361
basic,1680,50,10,1.6,1.4,0.44595,0.86726,0.04596
basic,1680,50,10,1.6,1.55,0.47025,0.83781,0.06038
basic,1680,50,10,1.6,1.7,0.48646,0.81846,0.07445
basic,1680,50,10,1.6,1.85,0.50001,0.78985,0.08946
basic,1680,50,10,1.6,2.0,0.50447,0.7654,0.106
rts,420,5,10,1.0,1.02,0.71647,0.07809,0.0004
rts,420,5,10,1.0,1.05,0.71619,0.07583,0.00096
rts,420,5,10,1.0,1.1,0.71643,0.0707,0.0019
rts,420,5,10,1.0,1.15,0.71534,0.06657,0.00277
rts,420,5,10,1.0,1.2,0.71551,0.06493,0.00348
rts,420,5,10,1.0,1.3,0.71684,0.05782,0.00457
rts,420,5,10,1.0,1.4,0.71654,0.05127,0.0058
rts,420,5,10,1.0,1.55,0.71701,0.04854,0.00735
rts,420,5,10,1.0,1.7,0.71725,0.05104,0.00764
rts,420,5,10,1.0,1.85,0.71761,0.04955,0.00826
rts,420,5,10,1.0,2.0,0.71704,0.04859,0.009
rts,420,5,10,1.2,1.02,0.71658,0.32585,0.00091
rts,420,5,10,1.2,1.05,0.71667,0.30695,0.00223
rts,420,5,10,1.2,1.1,0.7166,0.28495,0.0044
rts,420,5,10,1.2,1.15,0.71655,0.25438,0.0063
rts,420,5,10,1.2,1.2,0.71625,0.23772,0.00821
rts,420,5,10,1.2,1.3,0.71754,0.2056,0.01103
rts,420,5,10,1.2,1.4,0.71777,0.18524,0.01399
rts,420,5,10,1.2,1.55,0.71633,0.14516,0.01713
rts,420,5,10,1.2,1.7,0.71715,0.13027,0.01976
rts,420,5,10,1.2,1.85,0.71651,0.11849,0.01929
rts,420,5,10,1.2,2.0,0.71669,0.10929,0.02063
rts,420,5,10,1.4,1.02,0.71737,0.81933,0.00164
rts,420,5,10,1.4,1.05,0.71719,0.78716,0.00409
rts,420,5,10,1.4,1.1,0.71636,0.74254,0.00792
rts,420,5,10,1.4,1.15,0.71582,0.71854,0.0118
rts,420,5,10,1.4,1.2,0.71781,0.67319,0.01484
rts,420,5,10,1.4,1.3,0.71538,0.59525,0.02229
rts,420,5,10,1.4,1.4,0.71469,0.58408,0.02734
rts,420,5,10,1.4,1.55,0.71955,0.48151,0.03454
rts,420,5,10,1.4,1.7,0.71759,0.42587,0.0413
rts,420,5,10,1.4,1.85,0.71761,0.41034,0.04426
rts,420,5,10,1.4,2.0,0.71727,0.36277,0.04983
rts,420,5,10,1.6,1.02,0.71074,1.2232,0.00246
rts,420,5,10,1.6,1.05,0.70915,1.19565,0.00613
rts,420,5,10,1.6,1.1,0.70876,1.14874,0.01158
rts,420,5,10,1.6,1.15,0.71035,1.13302,0.018
rts,420,5,10,1.6,1.2,0.71367,1.1235,0.02195
rts,420,5,10,1.6,1.3,0.7152,1.07865,0.03011
rts,420,5,10,1.6,1.4,0.71495,1.00814,0.04084
rts,420,5,10,1.6,1.55,0.71697,0.91119,0.05285
rts,420,5,10,1.6,1.7,0.71721,0.86334,0.06231
rts,420,5,10,1.6,1.85,0.71768,0.79923,0.07458
rts,420,5,10,1.6,2.0,0.71699,0.76664,0.07863
rts,420,10,10,1.0,1.02,0.71927,0.11297,0.00055
rts,420,10,10,1.0,1.05,0.71864,0.10742,0.00132
rts,420,10,10,1.0,1.1,0.71908,0.10122,0.00259
rts,420,10,10,1.0,1.15,0.7179,0.09313,0.00369
rts,420,10,10,1.0,1.2,0.71798,0.09094,0.00482
rts,420,10,10,1.0,1.3,0.71811,0.08313,0.00653
rts,420,10,10,1.0,1.4,0.71799,0.07851,0.00739
rts,420,10,10,1.0,1.55,0.71754,0.07417,0.00966
rts,420,10,10,1.0,1.7,0.71973,0.0699,0.01185
rts,420,10,10,1.0,1.85,0.71879,0.06252,0.01388
rts,420,10,10,1.0,2.0,0.71841,0.05957,0.0153
rts,420,10,10,1.2,1.02,0.72096,0.37737,0.00114
rts,420,10,10,1.2,1.05,0.72132,0.34791,0.00271
rts,420,10,10,1.2,1.1,0.72107,0.33239,0.00554
rts,420,10,10,1.2,1.15,0.72159,0.31216,0.00781
rts,420,10,10,1.2,1.2,0.72156,0.29581,0.01068
rts,420,10,10,1.2,1.3,0.7196,0.26868,0.01413
rts,420,10,10,1.2,1.4,0.71895,0.22942,0.019
rts,420,10,10,1.2,1.55,0.71899,0.19964,0.02387
rts,420,10,10,1.2,1.7,0.72009,0.17857,0.02891
rts,420,10,10,1.2,1.85,0.72113,0.16131,0.03065
rts,420,10,10,1.2,2.0,0.71931,0.14628,0.03478
rts,420,10,10,1.4,1.02,0.71419,0.73999,0.0019
rts,420,10,10,1.4,1.05,0.71857,0.71539,0.00466
rts,420,10,10,1.4,1.1,0.71693,0.69819,0.009
rts,420,10,10,1.4,1.15,0.7189,0.6571,0.01328
rts,420,10,10,1.4,1.2,0.72028,0.6224,0.01676
rts,420,10,10,1.4,1.3,0.71773,0.60258,0.02563
rts,420,10,10,1.4,1.4,0.71837,0.54461,0.0323
rts,420,10,10,1.4,1.55,0.71915,0.48898,0.04341
rts,420,10,10,1.4,1.7,0.71922,0.44136,0.05267
rts,420,10,10,1.4,1.85,0.71835,0.40638,0.06168
rts,420,10,10,1.4,2.0,0.71817,0.37644,0.06529
rts,420,10,10,1.6,1.02,0.70342,0.98129,0.00284
rts,420,10,10,1.6,1.05,0.70784,0.96428,0.00657
rts,420,10,10,1.6,1.1,0.70937,0.94664,0.01276
rts,420,10,10,1.6,1.15,0.70821,0.94159,0.01939
rts,420,10,10,1.6,1.2,0.71215,0.91839,0.02357
rts,420,10,10,1.6,1.3,0.71252,0.89162,0.03504
rts,420,10,10,1.6,1.4,0.71424,0.85303,0.04532
rts,420,10,10,1.6,1.55,0.71674,0.79561,0.05937
rts,420,10,10,1.6,1.7,0.71496,0.74455,0.07381
rts,420,10,10,1.6,1.85,0.71779,0.70481,0.08833
rts,420,10,10,1.6,2.0,0.71832,0.6588,0.09905
rts,420,20,10,1.0,1.02,0.71917,0.16684,0.00065
rts,420,20,10,1.0,1.05,0.71892,0.15965,0.00157
rts,420,20,10,1.0,1.1,0.71918,0.1474,0.00315
rts,420,20,10,1.0,1.15,0.71823,0.13275,0.00463
rts,420,20,10,1.0,1.2,0.71822,0.13045,0.00595
rts,420,20,10,1.0,1.3,0.71866,0.11799,0.00864
rts,420,20,10,1.0,1.4,0.71805,0.10944,0.0112
rts,420,20,10,1.0,1.55,0.71928,0.10281,0.0144
rts,420,20,10,1.0,1.7,0.72004,0.10103,0.01735
rts,420,20,10,1.0,1.85,0.71993,0.0924,0.0199
rts,420,20,10,1.0,2.0,0.71933,0.08758,0.02263
rts,420,20,10,1.2,1.02,0.72028,0.43983,0.00129
rts,420,20,10,1.2,1.05,0.72036,0.43167,0.00318
rts,420,20,10,1.2,1.1,0.72054,0.39849,0.00629
rts,420,20,10,1.2,1.15,0.72251,0.38302,0.00864
rts,420,20,10,1.2,1.2,0.72353,0.35928,0.01184
rts,420,20,10,1.2,1.3,0.721,0.32867,0.01675
rts,420,20,10,1.2,1.4,0.72286,0.29405,0.02203
rts,420,20,10,1.2,1.55,0.72306,0.24967,0.02789
rts,420,20,10,1.2,1.7,0.7213,0.22775,0.03601
rts,420,20,10,1.2,1.85,0.7214,0.20631,0.04165
rts,420,20,10,1.2,2.0,0.71888,0.19478,0.04536
rts,420,20,10,1.4,1.02,0.71526,0.70925,0.00191
rts,420,20,10,1.4,1.05,0.7171,0.69883,0.0045
rts,420,20,10,1.4,1.1,0.71666,0.69525,0.0093
rts,420,20,10,1.4,1.15,0.71687,0.64842,0.01338
rts,420,20,10,1.4,1.2,0.716,0.64342,0.01779
rts,420,20,10,1.4,1.3,0.71855,0.6011,0.02568
rts,420,20,10,1.4,1.4,0.71692,0.56853,0.03429
rts,420,20,10,1.4,1.55,0.7231,0.51787,0.04379
rts,420,20,10,1.4,1.7,0.72062,0.47449,0.0557
rts,420,20,10,1.4,1.85,0.71901,0.44939,0.06846
rts,420,20,10,1.4,2.0,0.71972,0.41213,0.07801
rts,420,20,10,1.6,1.02,0.6966,0.87852,0.00286
rts,420,20,10,1.6,1.05,0.70084,0.85285,0.00658
rts,420,20,10,1.6,1.1,0.70055,0.8574,0.01339
rts,420,20,10,1.6,1.15,0.70481,0.84314,0.01821
rts,420,20,10,1.6,1.2,0.70733,0.83229,0.02334
rts,420,20,10,1.6,1.3,0.71521,0.78703,0.03363
rts,420,20,10,1.6,1.4,0.71293,0.7762,0.04351
rts,420,20,10,1.6,1.55,0.71823,0.72488,0.05577
rts,420,20,10,1.6,1.7,0.71508,0.69817,0.07457
rts,420,20,10,1.6,1.85,0.71659,0.65404,0.08888
rts,420,20,10,1.6,2.0,0.71672,0.62433,0.10033
rts,420,50,10,1.0,1.02,0.72551,0.29329,0.00086
rts,420,50,10,1.0,1.05,0.72628,0.28845,0.0021
rts,420,50,10,1.0,1.1,0.7281,0.28084,0.00424
rts,420,50,10,1.0,1.15,0.72831,0.26528,0.00604
rts,420,50,10,1.0,1.2,0.72553,0.25258,0.00796
rts,420,50,10,1.0,1.3,0.72397,0.22829,0.01274
rts,420,50,10,1.0,1.4,0.72337,0.21593,0.01616
rts,420,50,10,1.0,1.55,0.72328,0.20302,0.02166
rts,420,50,10,1.0,1.7,0.7233,0.18993,0.02745
rts,420,50,10,1.0,1.85,0.72181,0.17532,0.03196
rts,420,50,10,1.0,2.0,0.72272,0.16956,0.03458
rts,420,50,10,1.2,1.02,0.72616,0.57388,0.00123
rts,420,50,10,1.2,1.05,0.72148,0.56339,0.00307
rts,420,50,10,1.2,1.1,0.72615,0.54324,0.00591
rts,420,50,10,1.2,1.15,0.72439,0.52756,0.00921
rts,420,50,10,1.2,1.2,0.72624,0.49791,0.01192
rts,420,50,10,1.2,1.3,0.72366,0.46786,0.01842
rts,420,50,10,1.2,1.4,0.72415,0.43401,0.0238
rts,420,50,10,1.2,1.55,0.72256,0.39587,0.03228
rts,420,50,10,1.2,1.7,0.72188,0.36357,0.04123
rts,420,50,10,1.2,1.85,0.72374,0.33673,0.04839
rts,420,50,10,1.2,2.0,0.72157,0.30694,0.05628
rts,420,50,10,1.4,1.02,0.70469,0.7564,0.00192
rts,420,50,10,1.4,1.05,0.70895,0.74461,0.00435
rts,420,50,10,1.4,1.1,0.71274,0.7269,0.00855
rts,420,50,10,1.4,1.15,0.71539,0.71418,0.01222
rts,420,50,10,1.4,1.2,0.71678,0.69776,0.01593
rts,420,50,10,1.4,1.3,0.72033,0.66352,0.02241
rts,420,50,10,1.4,1.4,0.71967,0.64104,0.03139
rts,420,50,10,1.4,1.55,0.72165,0.59734,0.04147
rts,420,50,10,1.4,1.7,0.72104,0.57059,0.05297
rts,420,50,10,1.4,1.85,0.72139,0.53131,0.06341
rts,420,50,10,1.4,2.0,0.72363,0.50413,0.07305
rts,420,50,10,1.6,1.02,0.67862,0.83595,0.00272
rts,420,50,10,1.6,1.05,0.68306,0.82909,0.00632
rts,420,50,10,1.6,1.1,0.69179,0.83119,0.01167
rts,420,50,10,1.6,1.15,0.69868,0.81936,0.0161
rts,420,50,10,1.6,1.2,0.70353,0.79569,0.02069
rts,420,50,10,1.6,1.3,0.70723,0.77211,0.02987
rts,420,50,10,1.6,1.4,0.70945,0.7479,0.03882
rts,420,50,10,1.6,1.55,0.71104,0.73039,0.05239
rts,420,50,10,1.6,1.7,0.71431,0.70254,0.06371
rts,420,50,10,1.6,1.85,0.71672,0.66313,0.075
rts,420,50,10,1.6,2.0,0.71634,0.63902,0.09013
rts,1680,5,10,1.0,1.02,0.73751,0.02632,0.00032
rts,1680,5,10,1.0,1.05,0.73748,0.02168,0.00073
rts,1680,5,10,1.0,1.1,0.7373,0.01655,0.00145
rts,1680,5,10,1.0,1.15,0.73631,0.01359,0.0021
rts,1680,5,10,1.0,1.2,0.73676,0.01087,0.00216
rts,1680,5,10,1.0,1.3,0.73695,0.00872,0.00162
rts,1680,5,10,1.0,1.4,0.73652,0.00722,0.00131
rts,1680,5,10,1.0,1.55,0.73656,0.00656,0.00113
rts,1680,5,10,1.0,1.7,0.73649,0.00608,0.00105
rts,1680,5,10,1.0,1.85,0.73668,0.00584,0.00092
rts,1680,5,10,1.0,2.0,0.73668,0.00584,0.00086
rts,1680,5,10,1.2,1.02,0.72554,1.5297,0.00319
rts,1680,5,10,1.2,1.05,0.73103,1.50287,0.00725
rts,1680,5,10,1.2,1.1,0.73642,1.42768,0.01339
rts,1680,5,10,1.2,1.15,0.73925,1.33124,0.01836
rts,1680,5,10,1.2,1.2,0.74031,1.2352,0.02326
rts,1680,5,10,1.2,1.3,0.74186,1.07242,0.03195
rts,1680,5,10,1.2,1.4,0.74228,0.93693,0.03926
rts,1680,5,10,1.2,1.55,0.74133,0.70485,0.0494
rts,1680,5,10,1.2,1.7,0.74022,0.5175,0.05288
rts,1680,5,10,1.2,1.85,0.73905,0.36749,0.05394
rts,1680,5,10,1.2,2.0,0.73891,0.24778,0.05494
rts,1680,5,10,1.4,1.02,0.61985,2.02639,0.00991
rts,1680,5,10,1.4,1.05,0.65205,2.05984,0.02028
rts,1680,5,10,1.4,1.1,0.67339,2.04145,0.03315
rts,1680,5,10,1.4,1.15,0.68827,2.03058,0.04283
rts,1680,5,10,1.4,1.2,0.69705,2.01562,0.05261
rts,1680,5,10,1.4,1.3,0.70455,1.94156,0.0699
rts,1680,5,10,1.4,1.4,0.70973,1.88926,0.08477
rts,1680,5,10,1.4,1.55,0.71385,1.79785,0.10185
rts,1680,5,10,1.4,1.7,0.71527,1.70147,0.12291
rts,1680,5,10,1.4,1.85,0.71578,1.6156,0.13596
rts,1680,5,10,1.4,2.0,0.71897,1.54458,0.14687
rts,1680,5,10,1.6,1.02,0.52853,2.16241,0.01701
rts,1680,5,10,1.6,1.05,0.56549,2.21523,0.03823
rts,1680,5,10,1.6,1.1,0.60153,2.24274,0.06656
rts,1680,5,10,1.6,1.15,0.62581,2.23262,0.0785
rts,1680,5,10,1.6,1.2,0.63273,2.23033,0.09452
rts,1680,5,10,1.6,1.3,0.64483,2.19214,0.12293
rts,1680,5,10,1.6,1.4,0.64618,2.16,0.14719
rts,1680,5,10,1.6,1.55,0.64883,2.11213,0.17521
rts,1680,5,10,1.6,1.7,0.64288,2.05085,0.20576
rts,1680,5,10,1.6,1.85,0.63668,1.99188,0.22917
rts,1680,5,10,1.6,2.0,0.6395,1.94491,0.24655
rts,1680,10,10,1.0,1.02,0.73767,0.03393,0.00054
rts,1680,10,10,1.0,1.05,0.73684,0.02822,0.00124
rts,1680,10,10,1.0,1.1,0.73772,0.02251,0.00219
rts,1680,10,10,1.0,1.15,0.737,0.01843,0.00285
rts,1680,10,10,1.0,1.2,0.73716,0.0156,0.00299
rts,1680,10,10,1.0,1.3,0.73731,0.01288,0.00231
rts,1680,10,10,1.0,1.4,0.73711,0.0118,0.0019
rts,1680,10,10,1.0,1.55,0.73686,0.01117,0.00155
rts,1680,10,10,1.0,1.7,0.73691,0.01064,0.00136
rts,1680,10,10,1.0,1.85,0.73696,0.01057,0.00127
rts,1680,10,10,1.0,2.0,0.73692,0.01014,0.00119
rts,1680,10,10,1.2,1.02,0.71765,1.12516,0.00339
rts,1680,10,10,1.2,1.05,0.72604,1.09989,0.00754
rts,1680,10,10,1.2,1.1,0.73219,1.06392,0.01348
rts,1680,10,10,1.2,1.15,0.73672,1.00029,0.01866
rts,1680,10,10,1.2,1.2,0.73816,0.94157,0.02408
rts,1680,10,10,1.2,1.3,0.74181,0.83384,0.03257
rts,1680,10,10,1.2,1.4,0.74141,0.7161,0.0404
rts,1680,10,10,1.2,1.55,0.74127,0.57326,0.05144
rts,1680,10,10,1.2,1.7,0.74124,0.43594,0.05795
rts,1680,10,10,1.2,1.85,0.74078,0.3284,0.06288
rts,1680,10,10,1.2,2.0,0.73945,0.24094,0.06705
rts,1680,10,10,1.4,1.02,0.60945,1.42632,0.01007
rts,1680,10,10,1.4,1.05,0.65011,1.44103,0.01829
rts,1680,10,10,1.4,1.1,0.67997,1.43409,0.0293
rts,1680,10,10,1.4,1.15,0.6939,1.42519,0.03826
rts,1680,10,10,1.4,1.2,0.70421,1.40387,0.04605
rts,1680,10,10,1.4,1.3,0.71572,1.35427,0.06042
rts,1680,10,10,1.4,1.4,0.72177,1.31187,0.07505
rts,1680,10,10,1.4,1.55,0.72639,1.23702,0.09682
rts,1680,10,10,1.4,1.7,0.73019,1.17211,0.11366
rts,1680,10,10,1.4,1.85,0.73062,1.09426,0.13687
rts,1680,10,10,1.4,2.0,0.73099,1.03715,0.15549
rts,1680,10,10,1.6,1.02,0.53087,1.51635,0.01664
rts,1680,10,10,1.6,1.05,0.58698,1.54571,0.02998
rts,1680,10,10,1.6,1.1,0.62944,1.56607,0.04621
rts,1680,10,10,1.6,1.15,0.65132,1.56292,0.05988
rts,1680,10,10,1.6,1.2,0.66813,1.55271,0.06918
rts,1680,10,10,1.6,1.3,0.68316,1.53642,0.09176
rts,1680,10,10,1.6,1.4,0.69075,1.51146,0.11478
rts,1680,10,10,1.6,1.55,0.69855,1.46276,0.14244
rts,1680,10,10,1.6,1.7,0.69932,1.42561,0.17121
rts,1680,10,10,1.6,1.85,0.69747,1.37574,0.19829
rts,1680,10,10,1.6,2.0,0.69782,1.33799,0.2263
rts,1680,20,10,1.0,1.02,0.73781,0.04812,0.00069
rts,1680,20,10,1.0,1.05,0.73767,0.04092,0.00165
rts,1680,20,10,1.0,1.1,0.73808,0.03254,0.00284
rts,1680,20,10,1.0,1.15,0.73773,0.02734,0.00372
rts,1680,20,10,1.0,1.2,0.73739,0.02283,0.00402
rts,1680,20,10,1.0,1.3,0.73756,0.01911,0.00317
rts,1680,20,10,1.0,1.4,0.7374,0.01699,0.00302
rts,1680,20,10,1.0,1.55,0.73718,0.01454,0.00234
rts,1680,20,10,1.0,1.7,0.737,0.01369,0.0019
rts,1680,20,10,1.0,1.85,0.73712,0.01341,0.00173
rts,1680,20,10,1.0,2.0,0.73705,0.01338,0.0018
rts,1680,20,10,1.2,1.02,0.71045,0.92802,0.00314
rts,1680,20,10,1.2,1.05,0.72114,0.90932,0.00689
rts,1680,20,10,1.2,1.1,0.73132,0.87284,0.01181
rts,1680,20,10,1.2,1.15,0.7353,0.82744,0.0166
rts,1680,20,10,1.2,1.2,0.73817,0.78545,0.02087
rts,1680,20,10,1.2,1.3,0.74125,0.70621,0.02917
rts,1680,20,10,1.2,1.4,0.74184,0.62802,0.03626
rts,1680,20,10,1.2,1.55,0.74291,0.50564,0.04791
rts,1680,20,10,1.2,1.7,0.74213,0.40536,0.05699
rts,1680,20,10,1.2,1.85,0.74029,0.32185,0.06599
rts,1680,20,10,1.2,2.0,0.74079,0.24548,0.06953
rts,1680,20,10,1.4,1.02,0.60565,1.12145,0.00829
rts,1680,20,10,1.4,1.05,0.64448,1.1289,0.01553
rts,1680,20,10,1.4,1.1,0.67974,1.12719,0.02356
rts,1680,20,10,1.4,1.15,0.69407,1.1154,0.03102
rts,1680,20,10,1.4,1.2,0.70657,1.0957,0.03744
rts,1680,20,10,1.4,1.3,0.71793,1.05526,0.04979
rts,1680,20,10,1.4,1.4,0.72464,1.01657,0.06188
rts,1680,20,10,1.4,1.55,0.72981,0.96399,0.08032
rts,1680,20,10,1.4,1.7,0.73301,0.91209,0.0964
rts,1680,20,10,1.4,1.85,0.73496,0.86028,0.11395
rts,1680,20,10,1.4,2.0,0.73588,0.80554,0.13324
rts,1680,20,10,1.6,1.02,0.52992,1.18787,0.01317
rts,1680,20,10,1.6,1.05,0.58392,1.20967,0.02378
rts,1680,20,10,1.6,1.1,0.63127,1.21719,0.03532
rts,1680,20,10,1.6,1.15,0.65915,1.21163,0.0441
rts,1680,20,10,1.6,1.2,0.6736,1.20862,0.05245
rts,1680,20,10,1.6,1.3,0.69255,1.18575,0.06879
rts,1680,20,10,1.6,1.4,0.70169,1.1659,0.08437
rts,1680,20,10,1.6,1.55,0.70973,1.12516,0.10948
rts,1680,20,10,1.6,1.7,0.71763,1.09164,0.12781
rts,1680,20,10,1.6,1.85,0.71779,1.05286,0.15732
rts,1680,20,10,1.6,2.0,0.72047,1.02165,0.17901
rts,1680,50,10,1.0,1.02,0.73953,0.08903,0.00076
rts,1680,50,10,1.0,1.05,0.73945,0.07926,0.00184
rts,1680,50,10,1.0,1.1,0.73911,0.063,0.00333
rts,1680,50,10,1.0,1.15,0.73802,0.05073,0.00499
rts,1680,50,10,1.0,1.2,0.73865,0.04202,0.00536
rts,1680,50,10,1.0,1.3,0.73801,0.03342,0.00405
rts,1680,50,10,1.0,1.4,0.73753,0.03102,0.00324
rts,1680,50,10,1.0,1.55,0.73854,0.02876,0.00287
rts,1680,50,10,1.0,1.7,0.73809,0.02784,0.00273
rts,1680,50,10,1.0,1.85,0.73752,0.026,0.00247
rts,1680,50,10,1.0,2.0,0.73719,0.02509,0.00245
rts,1680,50,10,1.2,1.02,0.70087,0.83033,0.00261
rts,1680,50,10,1.2,1.05,0.71429,0.8164,0.00555
rts,1680,50,10,1.2,1.1,0.72604,0.79527,0.00967
rts,1680,50,10,1.2,1.15,0.73282,0.76268,0.01323
rts,1680,50,10,1.2,1.2,0.73643,0.7232,0.01687
rts,1680,50,10,1.2,1.3,0.74074,0.65883,0.02362
rts,1680,50,10,1.2,1.4,0.74255,0.59379,0.02971
rts,1680,50,10,1.2,1.55,0.74427,0.4951,0.03949
rts,1680,50,10,1.2,1.7,0.74312,0.42238,0.0495
rts,1680,50,10,1.2,1.85,0.74277,0.34245,0.05741
rts,1680,50,10,1.2,2.0,0.74187,0.27629,0.06589
rts,1680,50,10,1.4,1.02,0.59648,0.95703,0.00614
rts,1680,50,10,1.4,1.05,0.63711,0.9619,0.01143
rts,1680,50,10,1.4,1.1,0.67197,0.95891,0.01758
rts,1680,50,10,1.4,1.15,0.69329,0.94727,0.02241
rts,1680,50,10,1.4,1.2,0.70382,0.92908,0.02728
rts,1680,50,10,1.4,1.3,0.71606,0.9061,0.03619
rts,1680,50,10,1.4,1.4,0.72351,0.87217,0.0452
rts,1680,50,10,1.4,1.55,0.73017,0.82406,0.05798
rts,1680,50,10,1.4,1.7,0.73419,0.77374,0.07097
rts,1680,50,10,1.4,1.85,0.73676,0.72929,0.0845
rts,1680,50,10,1.4,2.0,0.73761,0.68129,0.09945
rts,1680,50,10,1.6,1.02,0.51334,0.99458,0.00961
rts,1680,50,10,1.6,1.05,0.57833,1.0136,0.01666
rts,1680,50,10,1.6,1.1,0.63271,1.01437,0.0239
rts,1680,50,10,1.6,1.15,0.65846,1.01346,0.03068
rts,1680,50,10,1.6,1.2,0.67571,1.00427,0.03605
rts,1680,50,10,1.6,1.3,0.69425,0.98814,0.04693
rts,1680,50,10,1.6,1.4,0.70548,0.96483,0.05756
rts,1680,50,10,1.6,1.55,0.71393,0.93657,0.07334
rts,1680,50,10,1.6,1.7,0.71962,0.90458,0.08886
rts,1680,50,10,1.6,1.85,0.72377,0.87069,0.10716
rts,1680,50,10,1.6,2.0,0.7256,0.83896,0.12456
