ppdu_config,num_stas,method,threshold_mode,seed,aggregate_throughput,collision_probability_npca,npca_transition_count,mean_qsrc,tp_short,tp_medium,tp_long
homo_short,10,fixed_q0_t0,zero,42,224,0.5208333333333334,420,0.0,,,
homo_short,10,fixed_q0_t0,zero,123,236,0.5155131264916468,450,0.0,,,
homo_short,10,fixed_q0_t0,zero,456,244,0.5438144329896907,360,0.0,,,
homo_short,10,fixed_q0_tppdu,ppdu,42,224,0.5208333333333334,420,0.0,,,
homo_short,10,fixed_q0_tppdu,ppdu,123,236,0.5155131264916468,450,0.0,,,
homo_short,10,fixed_q0_tppdu,ppdu,456,244,0.5438144329896907,360,0.0,,,
homo_short,10,fixed_q1_t0,zero,42,236,0.36015325670498083,400,1.0,,,
homo_short,10,fixed_q1_t0,zero,123,220,0.272,429,1.0,,,
homo_short,10,fixed_q1_t0,zero,456,241,0.2546816479400749,440,1.0,,,
homo_short,10,fixed_q1_tppdu,ppdu,42,236,0.36015325670498083,400,1.0,,,
homo_short,10,fixed_q1_tppdu,ppdu,123,220,0.272,429,1.0,,,
homo_short,10,fixed_q1_tppdu,ppdu,456,241,0.2546816479400749,440,1.0,,,
homo_short,10,adaptive_t0,zero,42,241,0.4692737430167598,410,0.12439024390243902,,,
homo_short,10,adaptive_t0,zero,123,244,0.47513812154696133,390,0.2153846153846154,,,
homo_short,10,adaptive_t0,zero,456,244,0.5106951871657754,340,0.14411764705882352,,,
homo_short,10,adaptive_tppdu,ppdu,42,241,0.4692737430167598,410,0.12439024390243902,,,
homo_short,10,adaptive_tppdu,ppdu,123,244,0.47513812154696133,390,0.2153846153846154,,,
homo_short,10,adaptive_tppdu,ppdu,456,244,0.5106951871657754,340,0.14411764705882352,,,
homo_short,10,oracle_t0,zero,42,224,0.5208333333333334,420,0.0,,,
homo_short,10,oracle_t0,zero,123,236,0.5155131264916468,450,0.0,,,
homo_short,10,oracle_t0,zero,456,244,0.5438144329896907,360,0.0,,,
homo_short,10,oracle_tppdu,ppdu,42,224,0.5208333333333334,420,0.0,,,
homo_short,10,oracle_tppdu,ppdu,123,236,0.5155131264916468,450,0.0,,,
homo_short,10,oracle_tppdu,ppdu,456,244,0.5438144329896907,360,0.0,,,
homo_short,20,fixed_q0_t0,zero,42,229,0.7678571428571429,740,0.0,,,
homo_short,20,fixed_q0_t0,zero,123,247,0.7607891491985204,800,0.0,,,
homo_short,20,fixed_q0_t0,zero,456,224,0.7665903890160183,860,0.0,,,
homo_short,20,fixed_q0_tppdu,ppdu,42,229,0.7678571428571429,740,0.0,,,
homo_short,20,fixed_q0_tppdu,ppdu,123,247,0.7607891491985204,800,0.0,,,
homo_short,20,fixed_q0_tppdu,ppdu,456,224,0.7665903890160183,860,0.0,,,
homo_short,20,fixed_q1_t0,zero,42,231,0.4766081871345029,800,1.0,,,
homo_short,20,fixed_q1_t0,zero,123,230,0.4543010752688172,820,1.0,,,
homo_short,20,fixed_q1_t0,zero,456,244,0.46866485013623976,819,1.0,,,
homo_short,20,fixed_q1_tppdu,ppdu,42,231,0.4766081871345029,800,1.0,,,
homo_short,20,fixed_q1_tppdu,ppdu,123,230,0.4543010752688172,820,1.0,,,
homo_short,20,fixed_q1_tppdu,ppdu,456,244,0.46866485013623976,819,1.0,,,
homo_short,20,adaptive_t0,zero,42,236,0.7172932330827068,780,0.258974358974359,,,
homo_short,20,adaptive_t0,zero,123,232,0.7249666221628839,840,0.32261904761904764,,,
homo_short,20,adaptive_t0,zero,456,220,0.7411095305832148,820,0.3073170731707317,,,
homo_short,20,adaptive_tppdu,ppdu,42,236,0.7172932330827068,780,0.258974358974359,,,
homo_short,20,adaptive_tppdu,ppdu,123,232,0.7249666221628839,840,0.32261904761904764,,,
homo_short,20,adaptive_tppdu,ppdu,456,220,0.7411095305832148,820,0.3073170731707317,,,
homo_short,20,oracle_t0,zero,42,231,0.4766081871345029,800,1.0,,,
homo_short,20,oracle_t0,zero,123,230,0.4543010752688172,820,1.0,,,
homo_short,20,oracle_t0,zero,456,244,0.46866485013623976,819,1.0,,,
homo_short,20,oracle_tppdu,ppdu,42,231,0.4766081871345029,800,1.0,,,
homo_short,20,oracle_tppdu,ppdu,123,230,0.4543010752688172,820,1.0,,,
homo_short,20,oracle_tppdu,ppdu,456,244,0.46866485013623976,819,1.0,,,
homo_short,30,fixed_q0_t0,zero,42,226,0.8744186046511628,1170,0.0,,,
homo_short,30,fixed_q0_t0,zero,123,219,0.8770718232044199,1140,0.0,,,
homo_short,30,fixed_q0_t0,zero,456,214,0.8778181818181818,1200,0.0,,,
homo_short,30,fixed_q0_tppdu,ppdu,42,226,0.8744186046511628,1170,0.0,,,
homo_short,30,fixed_q0_tppdu,ppdu,123,219,0.8770718232044199,1140,0.0,,,
homo_short,30,fixed_q0_tppdu,ppdu,456,214,0.8778181818181818,1200,0.0,,,
homo_short,30,fixed_q1_t0,zero,42,227,0.6304761904761905,1290,1.0,,,
homo_short,30,fixed_q1_t0,zero,123,228,0.6374269005847953,1260,1.0,,,
homo_short,30,fixed_q1_t0,zero,456,239,0.6511627906976745,1350,1.0,,,
homo_short,30,fixed_q1_tppdu,ppdu,42,227,0.6304761904761905,1290,1.0,,,
homo_short,30,fixed_q1_tppdu,ppdu,123,228,0.6374269005847953,1260,1.0,,,
homo_short,30,fixed_q1_tppdu,ppdu,456,239,0.6511627906976745,1350,1.0,,,
homo_short,30,adaptive_t0,zero,42,218,0.8461538461538461,1139,0.2309043020193152,,,
homo_short,30,adaptive_t0,zero,123,209,0.851880276285495,1259,0.3018268467037331,,,
homo_short,30,adaptive_t0,zero,456,226,0.8504347826086956,1200,0.2875,,,
homo_short,30,adaptive_tppdu,ppdu,42,218,0.8461538461538461,1139,0.2309043020193152,,,
homo_short,30,adaptive_tppdu,ppdu,123,209,0.851880276285495,1259,0.3018268467037331,,,
homo_short,30,adaptive_tppdu,ppdu,456,226,0.8504347826086956,1200,0.2875,,,
homo_short,30,oracle_t0,zero,42,227,0.6304761904761905,1290,1.0,,,
homo_short,30,oracle_t0,zero,123,228,0.6374269005847953,1260,1.0,,,
homo_short,30,oracle_t0,zero,456,239,0.6511627906976745,1350,1.0,,,
homo_short,30,oracle_tppdu,ppdu,42,227,0.6304761904761905,1290,1.0,,,
homo_short,30,oracle_tppdu,ppdu,123,228,0.6374269005847953,1260,1.0,,,
homo_short,30,oracle_tppdu,ppdu,456,239,0.6511627906976745,1350,1.0,,,
homo_short,50,fixed_q0_t0,zero,42,199,0.9539748953974896,2100,0.0,,,
homo_short,50,fixed_q0_t0,zero,123,169,0.9584822656035193,2300,0.0,,,
homo_short,50,fixed_q0_t0,zero,456,180,0.9619283065512979,2300,0.0,,,
homo_short,50,fixed_q0_tppdu,ppdu,42,199,0.9539748953974896,2100,0.0,,,
homo_short,50,fixed_q0_tppdu,ppdu,123,169,0.9584822656035193,2300,0.0,,,
homo_short,50,fixed_q0_tppdu,ppdu,456,180,0.9619283065512979,2300,0.0,,,
homo_short,50,fixed_q1_t0,zero,42,225,0.8017241379310345,2250,1.0,,,
homo_short,50,fixed_q1_t0,zero,123,213,0.8111455108359134,2150,1.0,,,
homo_short,50,fixed_q1_t0,zero,456,233,0.8194092827004219,2300,1.0,,,
homo_short,50,fixed_q1_tppdu,ppdu,42,225,0.8017241379310345,2250,1.0,,,
homo_short,50,fixed_q1_tppdu,ppdu,123,213,0.8111455108359134,2150,1.0,,,
homo_short,50,fixed_q1_tppdu,ppdu,456,233,0.8194092827004219,2300,1.0,,,
homo_short,50,adaptive_t0,zero,42,196,0.9456114028507127,1949,0.21959979476654695,,,
homo_short,50,adaptive_t0,zero,123,194,0.9361702127659575,2048,0.2685546875,,,
homo_short,50,adaptive_t0,zero,456,192,0.9510104102878139,2300,0.2,,,
homo_short,50,adaptive_tppdu,ppdu,42,196,0.9456114028507127,1949,0.21959979476654695,,,
homo_short,50,adaptive_tppdu,ppdu,123,194,0.9361702127659575,2048,0.2685546875,,,
homo_short,50,adaptive_tppdu,ppdu,456,192,0.9510104102878139,2300,0.2,,,
homo_short,50,oracle_t0,zero,42,228,0.5289672544080605,1996,2.0,,,
homo_short,50,oracle_t0,zero,123,228,0.5390946502057613,2070,2.0,,,
homo_short,50,oracle_t0,zero,456,223,0.5612009237875288,2056,2.0,,,
homo_short,50,oracle_tppdu,ppdu,42,228,0.5289672544080605,1996,2.0,,,
homo_short,50,oracle_tppdu,ppdu,123,228,0.5390946502057613,2070,2.0,,,
homo_short,50,oracle_tppdu,ppdu,456,210,0.5625,1879,2.0,,,
homo_medium,10,fixed_q0_t0,zero,42,131,0.4979253112033195,430,0.0,,,
homo_medium,10,fixed_q0_t0,zero,123,141,0.4405940594059406,379,0.0,,,
homo_medium,10,fixed_q0_t0,zero,456,137,0.4634146341463415,409,0.0,,,
homo_medium,10,fixed_q0_tppdu,ppdu,42,131,0.5104602510460251,419,0.0,,,
homo_medium,10,fixed_q0_tppdu,ppdu,123,144,0.3891625615763547,406,0.0,,,
homo_medium,10,fixed_q0_tppdu,ppdu,456,142,0.5421686746987951,386,0.0,,,
homo_medium,10,fixed_q1_t0,zero,42,130,0.20491803278688525,398,1.0,,,
homo_medium,10,fixed_q1_t0,zero,123,143,0.2716049382716049,399,1.0,,,
homo_medium,10,fixed_q1_t0,zero,456,137,0.19117647058823528,399,1.0,,,
homo_medium,10,fixed_q1_tppdu,ppdu,42,130,0.234375,397,1.0,,,
homo_medium,10,fixed_q1_tppdu,ppdu,123,136,0.21428571428571427,416,1.0,,,
homo_medium,10,fixed_q1_tppdu,ppdu,456,137,0.18705035971223022,406,1.0,,,
homo_medium,10,adaptive_t0,zero,42,141,0.5126050420168067,420,0.20714285714285716,,,
homo_medium,10,adaptive_t0,zero,123,144,0.40375586854460094,420,0.06904761904761905,,,
homo_medium,10,adaptive_t0,zero,456,137,0.4766355140186916,400,0.175,,,
homo_medium,10,adaptive_tppdu,ppdu,42,148,0.508695652173913,414,0.1570048309178744,,,
homo_medium,10,adaptive_tppdu,ppdu,123,150,0.3864734299516908,405,0.11358024691358025,,,
homo_medium,10,adaptive_tppdu,ppdu,456,136,0.422680412371134,385,0.12987012987012986,,,
homo_medium,10,oracle_t0,zero,42,131,0.4979253112033195,430,0.0,,,
homo_medium,10,oracle_t0,zero,123,141,0.4405940594059406,379,0.0,,,
homo_medium,10,oracle_t0,zero,456,137,0.4634146341463415,409,0.0,,,
homo_medium,10,oracle_tppdu,ppdu,42,131,0.5104602510460251,419,0.0,,,
homo_medium,10,oracle_tppdu,ppdu,123,144,0.3891625615763547,406,0.0,,,
homo_medium,10,oracle_tppdu,ppdu,456,142,0.5421686746987951,386,0.0,,,
homo_medium,20,fixed_q0_t0,zero,42,138,0.7195121951219512,859,0.0,,,
homo_medium,20,fixed_q0_t0,zero,123,142,0.7769652650822669,839,0.0,,,
homo_medium,20,fixed_q0_t0,zero,456,132,0.8,840,0.0,,,
homo_medium,20,fixed_q0_tppdu,ppdu,42,142,0.7230392156862745,757,0.0,,,
homo_medium,20,fixed_q0_tppdu,ppdu,123,144,0.7701612903225806,777,0.0,,,
homo_medium,20,fixed_q0_tppdu,ppdu,456,131,0.7920433996383364,778,0.0,,,
homo_medium,20,fixed_q1_t0,zero,42,141,0.38095238095238093,858,1.0,,,
homo_medium,20,fixed_q1_t0,zero,123,124,0.49606299212598426,800,1.0,,,
homo_medium,20,fixed_q1_t0,zero,456,146,0.4792626728110599,818,1.0,,,
homo_medium,20,fixed_q1_tppdu,ppdu,42,144,0.40641711229946526,755,1.0,,,
homo_medium,20,fixed_q1_tppdu,ppdu,123,127,0.4230769230769231,718,1.0,,,
homo_medium,20,fixed_q1_tppdu,ppdu,456,146,0.42790697674418604,855,1.0,,,
homo_medium,20,adaptive_t0,zero,42,128,0.6833855799373041,719,0.22948539638386647,,,
homo_medium,20,adaptive_t0,zero,123,132,0.6948717948717948,780,0.24102564102564103,,,
homo_medium,20,adaptive_t0,zero,456,131,0.7272727272727273,759,0.2872200263504611,,,
homo_medium,20,adaptive_tppdu,ppdu,42,128,0.6833855799373041,715,0.23076923076923078,,,
homo_medium,20,adaptive_tppdu,ppdu,123,142,0.6898395721925134,757,0.23645970937912814,,,
homo_medium,20,adaptive_tppdu,ppdu,456,134,0.7089552238805971,796,0.25753768844221103,,,
homo_medium,20,oracle_t0,zero,42,141,0.38095238095238093,858,1.0,,,
homo_medium,20,oracle_t0,zero,123,124,0.49606299212598426,800,1.0,,,
homo_medium,20,oracle_t0,zero,456,146,0.4792626728110599,818,1.0,,,
homo_medium,20,oracle_tppdu,ppdu,42,144,0.40641711229946526,755,1.0,,,
homo_medium,20,oracle_tppdu,ppdu,123,127,0.4230769230769231,718,1.0,,,
homo_medium,20,oracle_tppdu,ppdu,456,146,0.42790697674418604,855,1.0,,,
homo_medium,30,fixed_q0_t0,zero,42,121,0.8508771929824561,1260,0.0,,,
homo_medium,30,fixed_q0_t0,zero,123,126,0.8828365878725591,1230,0.0,,,
homo_medium,30,fixed_q0_t0,zero,456,122,0.9052924791086351,1169,0.0,,,
homo_medium,30,fixed_q0_tppdu,ppdu,42,117,0.8595800524934383,1284,0.0,,,
homo_medium,30,fixed_q0_tppdu,ppdu,123,124,0.8953771289537713,1074,0.0,,,
homo_medium,30,fixed_q0_tppdu,ppdu,456,130,0.9027504911591355,1137,0.0,,,
homo_medium,30,fixed_q1_t0,zero,42,137,0.6038961038961039,1320,1.0,,,
homo_medium,30,fixed_q1_t0,zero,123,131,0.6396103896103896,1168,1.0,,,
homo_medium,30,fixed_q1_t0,zero,456,136,0.6512261580381471,1260,1.0,,,
homo_medium,30,fixed_q1_tppdu,ppdu,42,135,0.5847750865051903,1256,1.0,,,
homo_medium,30,fixed_q1_tppdu,ppdu,123,138,0.62751677852349,1195,1.0,,,
homo_medium,30,fixed_q1_tppdu,ppdu,456,122,0.6752577319587629,1284,1.0,,,
homo_medium,30,adaptive_t0,zero,42,137,0.8294460641399417,1410,0.21773049645390072,,,
homo_medium,30,adaptive_t0,zero,123,128,0.8603491271820449,1289,0.24049650892164467,,,
homo_medium,30,adaptive_t0,zero,456,132,0.8651685393258427,1170,0.2547008547008547,,,
homo_medium,30,adaptive_tppdu,ppdu,42,124,0.8263473053892215,1255,0.22310756972111553,,,
homo_medium,30,adaptive_tppdu,ppdu,123,119,0.8571428571428571,1168,0.2988013698630137,,,
homo_medium,30,adaptive_tppdu,ppdu,456,124,0.8757612667478685,1197,0.24227234753550542,,,
homo_medium,30,oracle_t0,zero,42,137,0.6038961038961039,1320,1.0,,,
homo_medium,30,oracle_t0,zero,123,131,0.6396103896103896,1168,1.0,,,
homo_medium,30,oracle_t0,zero,456,136,0.6512261580381471,1260,1.0,,,
homo_medium,30,oracle_tppdu,ppdu,42,135,0.5847750865051903,1256,1.0,,,
homo_medium,30,oracle_tppdu,ppdu,123,138,0.62751677852349,1195,1.0,,,
homo_medium,30,oracle_tppdu,ppdu,456,122,0.6752577319587629,1284,1.0,,,
homo_medium,50,fixed_q0_t0,zero,42,117,0.957544993077988,2050,0.0,,,
homo_medium,50,fixed_q0_t0,zero,123,121,0.9657379518072289,2099,0.0,,,
homo_medium,50,fixed_q0_t0,zero,456,120,0.966710182767624,2300,0.0,,,
homo_medium,50,fixed_q0_tppdu,ppdu,42,102,0.9623448866067608,1895,0.0,,,
homo_medium,50,fixed_q0_tppdu,ppdu,123,100,0.9632093933463797,2142,0.0,,,
homo_medium,50,fixed_q0_tppdu,ppdu,456,119,0.9653910149750417,2293,0.0,,,
homo_medium,50,fixed_q1_t0,zero,42,142,0.8086816720257235,2299,1.0,,,
homo_medium,50,fixed_q1_t0,zero,123,137,0.8083735909822867,2099,1.0,,,
homo_medium,50,fixed_q1_t0,zero,456,131,0.8107638888888888,2098,1.0,,,
homo_medium,50,fixed_q1_tppdu,ppdu,42,131,0.8137583892617449,2194,1.0,,,
homo_medium,50,fixed_q1_tppdu,ppdu,123,131,0.810064935064935,1997,1.0,,,
homo_medium,50,fixed_q1_tppdu,ppdu,456,123,0.8273480662983426,2243,1.0,,,
homo_medium,50,adaptive_t0,zero,42,119,0.9465065502183406,1950,0.2128205128205128,,,
homo_medium,50,adaptive_t0,zero,123,105,0.9546351084812623,2100,0.18523809523809523,,,
homo_medium,50,adaptive_t0,zero,456,115,0.9604158336665334,2150,0.18604651162790697,,,
homo_medium,50,adaptive_tppdu,ppdu,42,127,0.9480314960629921,1898,0.20811380400421498,,,
homo_medium,50,adaptive_tppdu,ppdu,123,112,0.9524033930254477,2094,0.224450811843362,,,
homo_medium,50,adaptive_tppdu,ppdu,456,120,0.9612459253893517,2488,0.1607717041800643,,,
homo_medium,50,oracle_t0,zero,42,121,0.5776173285198556,2070,2.0,,,
homo_medium,50,oracle_t0,zero,123,132,0.5,1942,2.0,,,
homo_medium,50,oracle_t0,zero,456,143,0.5179282868525896,2123,2.0,,,
homo_medium,50,oracle_tppdu,ppdu,42,127,0.5428571428571428,1992,2.0,,,
homo_medium,50,oracle_tppdu,ppdu,123,132,0.5048076923076923,1852,2.0,,,
homo_medium,50,oracle_tppdu,ppdu,456,130,0.49206349206349204,2171,2.0,,,
homo_long,10,fixed_q0_t0,zero,42,91,0.3761467889908257,428,0.0,,,
homo_long,10,fixed_q0_t0,zero,123,84,0.4305555555555556,419,0.0,,,
homo_long,10,fixed_q0_t0,zero,456,82,0.4298245614035088,364,0.0,,,
homo_long,10,fixed_q0_tppdu,ppdu,42,78,0.32926829268292684,285,0.0,,,
homo_long,10,fixed_q0_tppdu,ppdu,123,87,0.38524590163934425,359,0.0,,,
homo_long,10,fixed_q0_tppdu,ppdu,456,74,0.47,272,0.0,,,
homo_long,10,fixed_q1_t0,zero,42,84,0.24390243902439024,372,1.0,,,
homo_long,10,fixed_q1_t0,zero,123,84,0.2159090909090909,387,1.0,,,
homo_long,10,fixed_q1_t0,zero,456,96,0.136986301369863,391,1.0,,,
homo_long,10,fixed_q1_tppdu,ppdu,42,67,0.16393442622950818,277,1.0,,,
homo_long,10,fixed_q1_tppdu,ppdu,123,80,0.24358974358974358,300,1.0,,,
homo_long,10,fixed_q1_tppdu,ppdu,456,88,0.18421052631578946,317,1.0,,,
homo_long,10,adaptive_t0,zero,42,94,0.48872180451127817,427,0.19437939110070257,,,
homo_long,10,adaptive_t0,zero,123,86,0.39705882352941174,419,0.11694510739856802,,,
homo_long,10,adaptive_t0,zero,456,86,0.4603174603174603,397,0.17632241813602015,,,
homo_long,10,adaptive_tppdu,ppdu,42,74,0.5,252,0.14285714285714285,,,
homo_long,10,adaptive_tppdu,ppdu,123,82,0.45528455284552843,321,0.17445482866043613,,,
homo_long,10,adaptive_tppdu,ppdu,456,72,0.42857142857142855,263,0.1596958174904943,,,
homo_long,10,oracle_t0,zero,42,91,0.3761467889908257,428,0.0,,,
homo_long,10,oracle_t0,zero,123,84,0.4305555555555556,419,0.0,,,
homo_long,10,oracle_t0,zero,456,82,0.4298245614035088,364,0.0,,,
homo_long,10,oracle_tppdu,ppdu,42,78,0.32926829268292684,285,0.0,,,
homo_long,10,oracle_tppdu,ppdu,123,87,0.38524590163934425,359,0.0,,,
homo_long,10,oracle_tppdu,ppdu,456,74,0.47,272,0.0,,,
homo_long,20,fixed_q0_t0,zero,42,75,0.7722419928825622,815,0.0,,,
homo_long,20,fixed_q0_t0,zero,123,83,0.7285714285714285,857,0.0,,,
homo_long,20,fixed_q0_t0,zero,456,80,0.7457044673539519,854,0.0,,,
homo_long,20,fixed_q0_tppdu,ppdu,42,70,0.7391304347826086,612,0.0,,,
homo_long,20,fixed_q0_tppdu,ppdu,123,74,0.7768595041322314,551,0.0,,,
homo_long,20,fixed_q0_tppdu,ppdu,456,80,0.6995073891625616,629,0.0,,,
homo_long,20,fixed_q1_t0,zero,42,79,0.5144927536231884,812,1.0,,,
homo_long,20,fixed_q1_t0,zero,123,74,0.3486238532110092,756,1.0,,,
homo_long,20,fixed_q1_t0,zero,456,82,0.5066666666666667,817,1.0,,,
homo_long,20,fixed_q1_tppdu,ppdu,42,73,0.46464646464646464,530,1.0,,,
homo_long,20,fixed_q1_tppdu,ppdu,123,64,0.5483870967741935,532,1.0,,,
homo_long,20,fixed_q1_tppdu,ppdu,456,71,0.38823529411764707,511,1.0,,,
homo_long,20,adaptive_t0,zero,42,73,0.5930232558139535,796,0.1884422110552764,,,
homo_long,20,adaptive_t0,zero,123,79,0.725925925925926,835,0.2407185628742515,,,
homo_long,20,adaptive_t0,zero,456,83,0.72265625,857,0.19603267211201866,,,
homo_long,20,adaptive_tppdu,ppdu,42,66,0.6496350364963503,489,0.26789366053169733,,,
homo_long,20,adaptive_tppdu,ppdu,123,69,0.634020618556701,707,0.2065063649222065,,,
homo_long,20,adaptive_tppdu,ppdu,456,75,0.6484848484848484,609,0.24794745484400657,,,
homo_long,20,oracle_t0,zero,42,79,0.5144927536231884,812,1.0,,,
homo_long,20,oracle_t0,zero,123,74,0.3486238532110092,756,1.0,,,
homo_long,20,oracle_t0,zero,456,82,0.5066666666666667,817,1.0,,,
homo_long,20,oracle_tppdu,ppdu,42,73,0.46464646464646464,530,1.0,,,
homo_long,20,oracle_tppdu,ppdu,123,64,0.5483870967741935,532,1.0,,,
homo_long,20,oracle_tppdu,ppdu,456,71,0.38823529411764707,511,1.0,,,
homo_long,30,fixed_q0_t0,zero,42,66,0.8648068669527897,1258,0.0,,,
homo_long,30,fixed_q0_t0,zero,123,81,0.8583509513742071,1198,0.0,,,
homo_long,30,fixed_q0_t0,zero,456,75,0.8761552680221811,1195,0.0,,,
homo_long,30,fixed_q0_tppdu,ppdu,42,59,0.8704545454545455,946,0.0,,,
homo_long,30,fixed_q0_tppdu,ppdu,123,82,0.8476658476658476,925,0.0,,,
homo_long,30,fixed_q0_tppdu,ppdu,456,69,0.8469656992084432,887,0.0,,,
homo_long,30,fixed_q1_t0,zero,42,76,0.5403726708074534,1343,1.0,,,
homo_long,30,fixed_q1_t0,zero,123,83,0.6363636363636364,1197,1.0,,,
homo_long,30,fixed_q1_t0,zero,456,75,0.6682464454976303,1252,1.0,,,
homo_long,30,fixed_q1_tppdu,ppdu,42,61,0.6115107913669064,832,1.0,,,
homo_long,30,fixed_q1_tppdu,ppdu,123,82,0.6898148148148148,952,1.0,,,
homo_long,30,fixed_q1_tppdu,ppdu,456,74,0.6149068322981367,947,1.0,,,
homo_long,30,adaptive_t0,zero,42,74,0.8255813953488372,1288,0.2422360248447205,,,
homo_long,30,adaptive_t0,zero,123,84,0.8571428571428571,1137,0.28232189973614774,,,
homo_long,30,adaptive_t0,zero,456,67,0.8228155339805825,1285,0.2396887159533074,,,
homo_long,30,adaptive_tppdu,ppdu,42,72,0.8333333333333334,888,0.3344594594594595,,,
homo_long,30,adaptive_tppdu,ppdu,123,81,0.8418708240534521,1072,0.26119402985074625,,,
homo_long,30,adaptive_tppdu,ppdu,456,67,0.8095238095238095,950,0.28,,,
homo_long,30,oracle_t0,zero,42,76,0.5403726708074534,1343,1.0,,,
homo_long,30,oracle_t0,zero,123,83,0.6363636363636364,1197,1.0,,,
homo_long,30,oracle_t0,zero,456,75,0.6682464454976303,1252,1.0,,,
homo_long,30,oracle_tppdu,ppdu,42,61,0.6115107913669064,832,1.0,,,
homo_long,30,oracle_tppdu,ppdu,123,82,0.6898148148148148,952,1.0,,,
homo_long,30,oracle_tppdu,ppdu,456,74,0.6149068322981367,947,1.0,,,
homo_long,50,fixed_q0_t0,zero,42,67,0.9682628062360802,1995,0.0,,,
homo_long,50,fixed_q0_t0,zero,123,73,0.9714285714285714,2491,0.0,,,
homo_long,50,fixed_q0_t0,zero,456,68,0.9729504785684561,2198,0.0,,,
homo_long,50,fixed_q0_tppdu,ppdu,42,63,0.9683321604503871,1389,0.0,,,
homo_long,50,fixed_q0_tppdu,ppdu,123,54,0.9693682195277601,1491,0.0,,,
homo_long,50,fixed_q0_tppdu,ppdu,456,64,0.9661803713527851,1536,0.0,,,
homo_long,50,fixed_q1_t0,zero,42,78,0.74609375,2138,1.0,,,
homo_long,50,fixed_q1_t0,zero,123,86,0.8005181347150259,2145,1.0,,,
homo_long,50,fixed_q1_t0,zero,456,79,0.8217592592592593,2142,1.0,,,
homo_long,50,fixed_q1_tppdu,ppdu,42,74,0.77734375,1493,1.0,,,
homo_long,50,fixed_q1_tppdu,ppdu,123,72,0.8091397849462365,1890,1.0,,,
homo_long,50,fixed_q1_tppdu,ppdu,456,69,0.8138801261829653,1692,1.0,,,
homo_long,50,adaptive_t0,zero,42,73,0.9556913674560733,1897,0.27622561939905116,,,
homo_long,50,adaptive_t0,zero,123,67,0.9599224305106658,2093,0.19827998088867654,,,
homo_long,50,adaptive_t0,zero,456,73,0.9581511555277952,2194,0.2096627164995442,,,
homo_long,50,adaptive_tppdu,ppdu,42,67,0.945360824742268,1539,0.2664067576348278,,,
homo_long,50,adaptive_tppdu,ppdu,123,69,0.9601567602873938,1736,0.26497695852534564,,,
homo_long,50,adaptive_tppdu,ppdu,456,72,0.9590643274853801,1789,0.2068194522079374,,,
homo_long,50,oracle_t0,zero,42,70,0.49606299212598426,2077,2.0,,,
homo_long,50,oracle_t0,zero,123,84,0.616580310880829,2062,2.0,,,
homo_long,50,oracle_t0,zero,456,79,0.5562130177514792,2190,2.0,,,
homo_long,50,oracle_tppdu,ppdu,42,58,0.42857142857142855,1244,2.0,,,
homo_long,50,oracle_tppdu,ppdu,123,78,0.56875,1690,2.0,,,
homo_long,50,oracle_tppdu,ppdu,456,72,0.5038167938931297,1738,2.0,,,
hetero,10,fixed_q0_t0,zero,42,107,0.4375,418,0.0,28,25,54
hetero,10,fixed_q0_t0,zero,123,126,0.5205479452054794,369,0.0,43,32,51
hetero,10,fixed_q0_t0,zero,456,126,0.48704663212435234,378,0.0,40,42,44
hetero,10,fixed_q0_tppdu,ppdu,42,130,0.40540540540540543,371,0.0,40,51,39
hetero,10,fixed_q0_tppdu,ppdu,123,149,0.4955357142857143,392,0.0,61,54,34
hetero,10,fixed_q0_tppdu,ppdu,456,128,0.4648648648648649,346,0.0,50,37,41
hetero,10,fixed_q1_t0,zero,42,124,0.31451612903225806,387,1.0,34,47,43
hetero,10,fixed_q1_t0,zero,123,127,0.22916666666666666,390,1.0,51,30,46
hetero,10,fixed_q1_t0,zero,456,114,0.2733812949640288,377,1.0,38,25,51
hetero,10,fixed_q1_tppdu,ppdu,42,115,0.22935779816513763,341,1.0,39,39,37
hetero,10,fixed_q1_tppdu,ppdu,123,124,0.24183006535947713,385,1.0,32,42,50
hetero,10,fixed_q1_tppdu,ppdu,456,129,0.2153846153846154,357,1.0,42,50,37
hetero,10,adaptive_t0,zero,42,118,0.453125,399,0.12531328320802004,30,24,64
hetero,10,adaptive_t0,zero,123,135,0.43243243243243246,427,0.12646370023419204,46,44,45
hetero,10,adaptive_t0,zero,456,122,0.5492957746478874,398,0.16331658291457288,34,33,55
hetero,10,adaptive_tppdu,ppdu,42,112,0.39325842696629215,352,0.10227272727272728,25,50,37
hetero,10,adaptive_tppdu,ppdu,123,139,0.390625,363,0.09641873278236915,49,56,34
hetero,10,adaptive_tppdu,ppdu,456,132,0.47540983606557374,337,0.1513353115727003,59,34,39
hetero,10,oracle_t0,zero,42,107,0.4375,418,0.0,28,25,54
hetero,10,oracle_t0,zero,123,126,0.5205479452054794,369,0.0,43,32,51
hetero,10,oracle_t0,zero,456,126,0.48704663212435234,378,0.0,40,42,44
hetero,10,oracle_tppdu,ppdu,42,130,0.40540540540540543,371,0.0,40,51,39
hetero,10,oracle_tppdu,ppdu,123,149,0.4955357142857143,392,0.0,61,54,34
hetero,10,oracle_tppdu,ppdu,456,128,0.4648648648648649,346,0.0,50,37,41
hetero,20,fixed_q0_t0,zero,42,113,0.7343358395989975,873,0.0,22,29,62
hetero,20,fixed_q0_t0,zero,123,107,0.753731343283582,758,0.0,23,41,43
hetero,20,fixed_q0_t0,zero,456,109,0.6984615384615385,837,0.0,32,29,48
hetero,20,fixed_q0_tppdu,ppdu,42,123,0.6988304093567251,724,0.0,43,49,31
hetero,20,fixed_q0_tppdu,ppdu,123,113,0.7381615598885793,665,0.0,39,35,39
hetero,20,fixed_q0_tppdu,ppdu,456,116,0.7244094488188977,733,0.0,36,32,48
hetero,20,fixed_q1_t0,zero,42,110,0.4411764705882353,816,1.0,30,33,47
hetero,20,fixed_q1_t0,zero,123,123,0.5024875621890548,755,1.0,46,27,50
hetero,20,fixed_q1_t0,zero,456,111,0.4594594594594595,816,1.0,32,32,47
hetero,20,fixed_q1_tppdu,ppdu,42,120,0.38202247191011235,793,1.0,39,39,42
hetero,20,fixed_q1_tppdu,ppdu,123,138,0.5125,736,1.0,61,32,45
hetero,20,fixed_q1_tppdu,ppdu,456,119,0.47549019607843135,737,1.0,45,33,41
hetero,20,adaptive_t0,zero,42,109,0.6470588235294118,816,0.17279411764705882,18,38,53
hetero,20,adaptive_t0,zero,123,112,0.7024128686327078,857,0.20186697782963828,29,28,55
hetero,20,adaptive_t0,zero,456,118,0.7405660377358491,837,0.21385902031063322,33,32,53
hetero,20,adaptive_tppdu,ppdu,42,113,0.6267123287671232,789,0.15462610899873258,32,30,51
hetero,20,adaptive_tppdu,ppdu,123,111,0.7005649717514124,718,0.2214484679665738,33,35,43
hetero,20,adaptive_tppdu,ppdu,456,129,0.7054263565891473,734,0.25204359673024523,47,33,49
hetero,20,oracle_t0,zero,42,110,0.4411764705882353,816,1.0,30,33,47
hetero,20,oracle_t0,zero,123,123,0.5024875621890548,755,1.0,46,27,50
hetero,20,oracle_t0,zero,456,111,0.4594594594594595,816,1.0,32,32,47
hetero,20,oracle_tppdu,ppdu,42,120,0.38202247191011235,793,1.0,39,39,42
hetero,20,oracle_tppdu,ppdu,123,138,0.5125,736,1.0,61,32,45
hetero,20,oracle_tppdu,ppdu,456,119,0.47549019607843135,737,1.0,45,33,41
hetero,30,fixed_q0_t0,zero,42,105,0.8612903225806452,1107,0.0,37,26,42
hetero,30,fixed_q0_t0,zero,123,125,0.8869752421959096,1258,0.0,35,44,46
hetero,30,fixed_q0_t0,zero,456,113,0.8809801633605601,1319,0.0,37,35,41
hetero,30,fixed_q0_tppdu,ppdu,42,133,0.8358620689655173,1153,0.0,53,52,28
hetero,30,fixed_q0_tppdu,ppdu,123,129,0.8783351120597652,1231,0.0,43,49,37
hetero,30,fixed_q0_tppdu,ppdu,456,116,0.8685376661742984,995,0.0,34,46,36
hetero,30,fixed_q1_t0,zero,42,122,0.653968253968254,1319,1.0,49,34,39
hetero,30,fixed_q1_t0,zero,123,123,0.6237288135593221,1168,1.0,38,48,37
hetero,30,fixed_q1_t0,zero,456,124,0.6715542521994134,1287,1.0,34,46,44
hetero,30,fixed_q1_tppdu,ppdu,42,129,0.7045454545454546,1085,1.0,52,46,31
hetero,30,fixed_q1_tppdu,ppdu,123,129,0.6121673003802282,1026,1.0,50,46,33
hetero,30,fixed_q1_tppdu,ppdu,456,122,0.6151315789473685,1161,1.0,32,53,37
hetero,30,adaptive_t0,zero,42,101,0.8357723577235773,1226,0.26182707993474713,25,32,44
hetero,30,adaptive_t0,zero,123,123,0.8545673076923077,1377,0.20043572984749455,41,46,36
hetero,30,adaptive_t0,zero,456,120,0.8313953488372093,1380,0.20507246376811594,51,29,40
hetero,30,adaptive_tppdu,ppdu,42,128,0.8382352941176471,1114,0.23159784560143626,44,55,29
hetero,30,adaptive_tppdu,ppdu,123,118,0.85,1142,0.3336252189141856,35,35,48
hetero,30,adaptive_tppdu,ppdu,456,116,0.8265139116202946,1152,0.24305555555555555,33,43,40
hetero,30,oracle_t0,zero,42,122,0.653968253968254,1319,1.0,49,34,39
hetero,30,oracle_t0,zero,123,123,0.6237288135593221,1168,1.0,38,48,37
hetero,30,oracle_t0,zero,456,124,0.6715542521994134,1287,1.0,34,46,44
hetero,30,oracle_tppdu,ppdu,42,129,0.7045454545454546,1085,1.0,52,46,31
hetero,30,oracle_tppdu,ppdu,123,129,0.6121673003802282,1026,1.0,50,46,33
hetero,30,oracle_tppdu,ppdu,456,122,0.6151315789473685,1161,1.0,32,53,37
hetero,50,fixed_q0_t0,zero,42,113,0.9632034632034632,2249,0.0,41,43,29
hetero,50,fixed_q0_t0,zero,123,111,0.9621125143513203,2296,0.0,44,30,37
hetero,50,fixed_q0_t0,zero,456,101,0.9656635802469136,2246,0.0,31,31,39
hetero,50,fixed_q0_tppdu,ppdu,42,117,0.9506493506493506,1758,0.0,43,41,33
hetero,50,fixed_q0_tppdu,ppdu,123,115,0.958984375,1622,0.0,37,43,35
hetero,50,fixed_q0_tppdu,ppdu,456,114,0.962015503875969,2025,0.0,43,44,27
hetero,50,fixed_q1_t0,zero,42,132,0.7783783783783784,2345,1.0,53,35,44
hetero,50,fixed_q1_t0,zero,123,119,0.8015122873345936,1996,1.0,41,39,39
hetero,50,fixed_q1_t0,zero,456,106,0.8495575221238938,1993,1.0,34,29,43
hetero,50,fixed_q1_tppdu,ppdu,42,116,0.7584745762711864,1974,1.0,34,50,32
hetero,50,fixed_q1_tppdu,ppdu,123,116,0.809009009009009,1978,1.0,44,30,42
hetero,50,fixed_q1_tppdu,ppdu,456,112,0.8036437246963563,1851,1.0,28,30,54
hetero,50,adaptive_t0,zero,42,94,0.946329426280074,1849,0.22714981070849108,27,25,42
hetero,50,adaptive_t0,zero,123,105,0.9518918918918919,2047,0.21006350757205666,27,34,44
hetero,50,adaptive_t0,zero,456,98,0.9519519519519519,2346,0.17902813299232737,35,19,44
hetero,50,adaptive_tppdu,ppdu,42,119,0.9381625441696113,1887,0.22045574986751457,37,49,33
hetero,50,adaptive_tppdu,ppdu,123,104,0.9455899198167239,1828,0.2051422319474836,35,32,37
hetero,50,adaptive_tppdu,ppdu,456,126,0.9402480270574972,1960,0.1836734693877551,46,49,31
hetero,50,oracle_t0,zero,42,120,0.5151515151515151,1892,2.0,31,45,44
hetero,50,oracle_t0,zero,123,120,0.5473251028806584,2151,2.0,37,39,44
hetero,50,oracle_t0,zero,456,124,0.5608856088560885,2294,2.0,51,39,34
hetero,50,oracle_tppdu,ppdu,42,113,0.524,2042,2.0,42,36,35
hetero,50,oracle_tppdu,ppdu,123,126,0.5087719298245614,1749,2.0,59,29,38
hetero,50,oracle_tppdu,ppdu,456,110,0.5021645021645021,1993,2.0,42,33,35
