access,w_eff,n_vis,c,T,rho,T_fs,rho_fs
basic,100,10,1.1,0.65407,0.21053,0.54348,0.80408
basic,100,10,1.2,0.64686,0.21281,0.54348,0.80408
basic,100,10,1.3,0.62905,0.24424,0.54348,0.80408
basic,100,10,1.4,0.62181,0.26735,0.54348,0.80408
basic,100,10,1.5,0.62256,0.305,0.54348,0.80408
basic,100,10,1.65,0.62688,0.31901,0.54348,0.80408
basic,100,10,1.8,0.63176,0.37381,0.54348,0.80408
basic,100,10,2.0,0.61621,0.36647,0.54348,0.80408
basic,100,10,2.25,0.59454,0.44677,0.54348,0.80408
basic,100,10,2.5,0.59955,0.42859,0.54348,0.80408
basic,100,20,1.1,0.63651,0.32754,0.51125,0.72387
basic,100,20,1.2,0.63326,0.35386,0.51125,0.72387
basic,100,20,1.3,0.63252,0.34189,0.51125,0.72387
basic,100,20,1.4,0.62042,0.33447,0.51125,0.72387
basic,100,20,1.5,0.6246,0.35833,0.51125,0.72387
basic,100,20,1.65,0.58728,0.38317,0.51125,0.72387
basic,100,20,1.8,0.58686,0.41417,0.51125,0.72387
basic,100,20,2.0,0.5649,0.39766,0.51125,0.72387
basic,100,20,2.25,0.54698,0.48199,0.51125,0.72387
basic,100,20,2.5,0.53999,0.52251,0.51125,0.72387
basic,100,50,1.1,0.54322,0.44132,0.44764,0.705
basic,100,50,1.2,0.52857,0.47467,0.44764,0.705
basic,100,50,1.3,0.53729,0.4964,0.44764,0.705
basic,100,50,1.4,0.51408,0.4947,0.44764,0.705
basic,100,50,1.5,0.52521,0.4903,0.44764,0.705
basic,100,50,1.65,0.50666,0.52757,0.44764,0.705
basic,100,50,1.8,0.51384,0.50738,0.44764,0.705
basic,100,50,2.0,0.48938,0.53085,0.44764,0.705
basic,100,50,2.25,0.49433,0.52544,0.44764,0.705
basic,100,50,2.5,0.45795,0.54396,0.44764,0.705
basic,200,10,1.1,0.65958,0.20883,0.55319,1.15551
basic,200,10,1.2,0.63545,0.27799,0.55319,1.15551
basic,200,10,1.3,0.63838,0.31141,0.55319,1.15551
basic,200,10,1.4,0.65566,0.36755,0.55319,1.15551
basic,200,10,1.5,0.6314,0.39163,0.55319,1.15551
basic,200,10,1.65,0.61708,0.48411,0.55319,1.15551
basic,200,10,1.8,0.59537,0.52532,0.55319,1.15551
basic,200,10,2.0,0.60014,0.53204,0.55319,1.15551
basic,200,10,2.25,0.58092,0.64339,0.55319,1.15551
basic,200,10,2.5,0.55939,0.71449,0.55319,1.15551
basic,200,20,1.1,0.65834,0.30448,0.51438,0.96086
basic,200,20,1.2,0.63987,0.35696,0.51438,0.96086
basic,200,20,1.3,0.64036,0.38857,0.51438,0.96086
basic,200,20,1.4,0.62475,0.45133,0.51438,0.96086
basic,200,20,1.5,0.60944,0.46197,0.51438,0.96086
basic,200,20,1.65,0.59654,0.4934,0.51438,0.96086
basic,200,20,1.8,0.58681,0.52912,0.51438,0.96086
basic,200,20,2.0,0.57191,0.55774,0.51438,0.96086
basic,200,20,2.25,0.56429,0.60895,0.51438,0.96086
basic,200,20,2.5,0.53758,0.61854,0.51438,0.96086
basic,200,50,1.1,0.607,0.46481,0.47866,0.84622
basic,200,50,1.2,0.59507,0.51717,0.47866,0.84622
basic,200,50,1.3,0.57516,0.52661,0.47866,0.84622
basic,200,50,1.4,0.58663,0.56849,0.47866,0.84622
basic,200,50,1.5,0.56886,0.5631,0.47866,0.84622
basic,200,50,1.65,0.55634,0.60611,0.47866,0.84622
basic,200,50,1.8,0.54113,0.60259,0.47866,0.84622
basic,200,50,2.0,0.52733,0.63142,0.47866,0.84622
basic,200,50,2.25,0.51255,0.6515,0.47866,0.84622
basic,200,50,2.5,0.48429,0.618,0.47866,0.84622
basic,420,10,1.1,0.63973,0.1833,0.56254,1.32155
basic,420,10,1.2,0.62412,0.25551,0.56254,1.32155
basic,420,10,1.3,0.61506,0.36212,0.56254,1.32155
basic,420,10,1.4,0.61307,0.48584,0.56254,1.32155
basic,420,10,1.5,0.60753,0.58116,0.56254,1.32155
basic,420,10,1.65,0.58331,0.69359,0.56254,1.32155
basic,420,10,1.8,0.57568,0.76218,0.56254,1.32155
basic,420,10,2.0,0.54416,0.85963,0.56254,1.32155
basic,420,10,2.25,0.53027,0.93176,0.56254,1.32155
basic,420,10,2.5,0.49923,1.01738,0.56254,1.32155
basic,420,20,1.1,0.62211,0.24797,0.53559,1.10414
basic,420,20,1.2,0.61109,0.31099,0.53559,1.10414
basic,420,20,1.3,0.60401,0.4015,0.53559,1.10414
basic,420,20,1.4,0.59698,0.4904,0.53559,1.10414
basic,420,20,1.5,0.59354,0.55007,0.53559,1.10414
basic,420,20,1.65,0.56961,0.63853,0.53559,1.10414
basic,420,20,1.8,0.54516,0.68579,0.53559,1.10414
basic,420,20,2.0,0.53407,0.74862,0.53559,1.10414
basic,420,20,2.25,0.50366,0.79525,0.53559,1.10414
basic,420,20,2.5,0.48619,0.81925,0.53559,1.10414
basic,420,50,1.1,0.61492,0.38619,0.49046,0.94783
basic,420,50,1.2,0.59617,0.46302,0.49046,0.94783
basic,420,50,1.3,0.59235,0.52517,0.49046,0.94783
basic,420,50,1.4,0.57394,0.58902,0.49046,0.94783
basic,420,50,1.5,0.55629,0.6248,0.49046,0.94783
basic,420,50,1.65,0.54,0.66127,0.49046,0.94783
basic,420,50,1.8,0.51681,0.68053,0.49046,0.94783
basic,420,50,2.0,0.49565,0.71177,0.49046,0.94783
basic,420,50,2.25,0.48414,0.75291,0.49046,0.94783
basic,420,50,2.5,0.47381,0.74793,0.49046,0.94783
basic,840,10,1.1,0.64392,0.15904,0.5663,1.38021
basic,840,10,1.2,0.62877,0.35891,0.5663,1.38021
basic,840,10,1.3,0.61024,0.57106,0.5663,1.38021
basic,840,10,1.4,0.57202,0.71329,0.5663,1.38021
basic,840,10,1.5,0.55641,0.83811,0.5663,1.38021
basic,840,10,1.65,0.52567,0.96914,0.5663,1.38021
basic,840,10,1.8,0.50603,1.0517,0.5663,1.38021
basic,840,10,2.0,0.47972,1.14862,0.5663,1.38021
basic,840,10,2.25,0.43973,1.19569,0.5663,1.38021
basic,840,10,2.5,0.41069,1.23815,0.5663,1.38021
basic,840,20,1.1,0.63835,0.22405,0.52625,1.15788
basic,840,20,1.2,0.61727,0.40376,0.52625,1.15788
basic,840,20,1.3,0.58436,0.54024,0.52625,1.15788
basic,840,20,1.4,0.56045,0.64591,0.52625,1.15788
basic,840,20,1.5,0.53948,0.73633,0.52625,1.15788
basic,840,20,1.65,0.52014,0.81722,0.52625,1.15788
basic,840,20,1.8,0.48907,0.86598,0.52625,1.15788
basic,840,20,2.0,0.46622,0.91175,0.52625,1.15788
basic,840,20,2.25,0.44343,0.96766,0.52625,1.15788
basic,840,20,2.5,0.41494,0.98087,0.52625,1.15788
basic,840,50,1.1,0.61907,0.34313,0.48739,0.9897
basic,840,50,1.2,0.58826,0.4836,0.48739,0.9897
basic,840,50,1.3,0.5599,0.58481,0.48739,0.9897
basic,840,50,1.4,0.54103,0.64604,0.48739,0.9897
basic,840,50,1.5,0.52027,0.69299,0.48739,0.9897
basic,840,50,1.65,0.5016,0.74123,0.48739,0.9897
basic,840,50,1.8,0.4743,0.77163,0.48739,0.9897
basic,840,50,2.0,0.45907,0.80037,0.48739,0.9897
basic,840,50,2.25,0.43379,0.8321,0.48739,0.9897
basic,840,50,2.5,0.42786,0.84469,0.48739,0.9897
basic,1680,10,1.1,0.65529,0.34098,0.56654,1.42306
basic,1680,10,1.2,0.60654,0.75785,0.56654,1.42306
basic,1680,10,1.3,0.56143,0.9771,0.56654,1.42306
basic,1680,10,1.4,0.52259,1.08041,0.56654,1.42306
basic,1680,10,1.5,0.50024,1.17787,0.56654,1.42306
basic,1680,10,1.65,0.46489,1.25601,0.56654,1.42306
basic,1680,10,1.8,0.43794,1.31966,0.56654,1.42306
basic,1680,10,2.0,0.39042,1.36291,0.56654,1.42306
basic,1680,10,2.25,0.34774,1.38493,0.56654,1.42306
basic,1680,10,2.5,0.30187,1.39157,0.56654,1.42306
basic,1680,20,1.1,0.64739,0.36526,0.52275,1.18415
basic,1680,20,1.2,0.59144,0.65114,0.52275,1.18415
basic,1680,20,1.3,0.55356,0.80881,0.52275,1.18415
basic,1680,20,1.4,0.51755,0.87998,0.52275,1.18415
basic,1680,20,1.5,0.50102,0.93591,0.52275,1.18415
basic,1680,20,1.65,0.47114,0.99049,0.52275,1.18415
basic,1680,20,1.8,0.44591,1.02281,0.52275,1.18415
basic,1680,20,2.0,0.41536,1.0597,0.52275,1.18415
basic,1680,20,2.25,0.38274,1.08398,0.52275,1.18415
basic,1680,20,2.5,0.34943,1.11446,0.52275,1.18415
basic,1680,50,1.1,0.63019,0.43142,0.49064,1.00793
basic,1680,50,1.2,0.56678,0.63046,0.49064,1.00793
basic,1680,50,1.3,0.53126,0.71963,0.49064,1.00793
basic,1680,50,1.4,0.50824,0.78028,0.49064,1.00793
basic,1680,50,1.5,0.49103,0.81758,0.49064,1.00793
basic,1680,50,1.65,0.47108,0.83934,0.49064,1.00793
basic,1680,50,1.8,0.451,0.86858,0.49064,1.00793
basic,1680,50,2.0,0.43279,0.88923,0.49064,1.00793
basic,1680,50,2.25,0.41228,0.90361,0.49064,1.00793
basic,1680,50,2.5,0.38855,0.91069,0.49064,1.00793
rts,100,10,1.1,0.67491,0.23831,0.6663,0.77953
rts,100,10,1.2,0.67564,0.25102,0.6663,0.77953
rts,100,10,1.3,0.67155,0.25871,0.6663,0.77953
rts,100,10,1.4,0.67232,0.27053,0.6663,0.77953
rts,100,10,1.5,0.66653,0.27855,0.6663,0.77953
rts,100,10,1.65,0.66789,0.3305,0.6663,0.77953
rts,100,10,1.8,0.66599,0.33625,0.6663,0.77953
rts,100,10,2.0,0.66783,0.38875,0.6663,0.77953
rts,100,10,2.25,0.66555,0.45962,0.6663,0.77953
rts,100,10,2.5,0.66259,0.43801,0.6663,0.77953
rts,100,20,1.1,0.672,0.26076,0.64756,0.7891
rts,100,20,1.2,0.67619,0.28771,0.64756,0.7891
rts,100,20,1.3,0.67097,0.32264,0.64756,0.7891
rts,100,20,1.4,0.67079,0.32568,0.64756,0.7891
rts,100,20,1.5,0.66828,0.38198,0.64756,0.7891
rts,100,20,1.65,0.66844,0.39946,0.64756,0.7891
rts,100,20,1.8,0.66617,0.41062,0.64756,0.7891
rts,100,20,2.0,0.6629,0.44443,0.64756,0.7891
rts,100,20,2.25,0.65671,0.42025,0.64756,0.7891
rts,100,20,2.5,0.65524,0.49844,0.64756,0.7891
rts,100,50,1.1,0.65867,0.45306,0.62142,0.739
rts,100,50,1.2,0.66125,0.49517,0.62142,0.739
rts,100,50,1.3,0.651,0.50391,0.62142,0.739
rts,100,50,1.4,0.64919,0.50435,0.62142,0.739
rts,100,50,1.5,0.64936,0.49265,0.62142,0.739
rts,100,50,1.65,0.64731,0.51549,0.62142,0.739
rts,100,50,1.8,0.64382,0.49452,0.62142,0.739
rts,100,50,2.0,0.64373,0.54297,0.62142,0.739
rts,100,50,2.25,0.63732,0.53687,0.62142,0.739
rts,100,50,2.5,0.62703,0.52411,0.62142,0.739
rts,200,10,1.1,0.7152,0.21043,0.71285,1.21282
rts,200,10,1.2,0.71215,0.27616,0.71285,1.21282
rts,200,10,1.3,0.71335,0.32289,0.71285,1.21282
rts,200,10,1.4,0.71186,0.3932,0.71285,1.21282
rts,200,10,1.5,0.71177,0.44585,0.71285,1.21282
rts,200,10,1.65,0.70325,0.53197,0.71285,1.21282
rts,200,10,1.8,0.70196,0.58222,0.71285,1.21282
rts,200,10,2.0,0.69583,0.65278,0.71285,1.21282
rts,200,10,2.25,0.69639,0.75508,0.71285,1.21282
rts,200,10,2.5,0.68294,0.86255,0.71285,1.21282
rts,200,20,1.1,0.71436,0.31815,0.69722,0.99531
rts,200,20,1.2,0.71191,0.34642,0.69722,0.99531
rts,200,20,1.3,0.70791,0.39357,0.69722,0.99531
rts,200,20,1.4,0.70798,0.44725,0.69722,0.99531
rts,200,20,1.5,0.70906,0.49512,0.69722,0.99531
rts,200,20,1.65,0.70445,0.53502,0.69722,0.99531
rts,200,20,1.8,0.69876,0.59238,0.69722,0.99531
rts,200,20,2.0,0.69271,0.65317,0.69722,0.99531
rts,200,20,2.25,0.69019,0.67894,0.69722,0.99531
rts,200,20,2.5,0.67719,0.73505,0.69722,0.99531
rts,200,50,1.1,0.71562,0.48443,0.69213,0.89797
rts,200,50,1.2,0.71366,0.51008,0.69213,0.89797
rts,200,50,1.3,0.70684,0.57814,0.69213,0.89797
rts,200,50,1.4,0.70147,0.5817,0.69213,0.89797
rts,200,50,1.5,0.70088,0.60311,0.69213,0.89797
rts,200,50,1.65,0.69563,0.63625,0.69213,0.89797
rts,200,50,1.8,0.69332,0.64661,0.69213,0.89797
rts,200,50,2.0,0.68776,0.67181,0.69213,0.89797
rts,200,50,2.25,0.68172,0.71363,0.69213,0.89797
rts,200,50,2.5,0.67836,0.72742,0.69213,0.89797
rts,420,10,1.1,0.71883,0.19288,0.73304,1.35386
rts,420,10,1.2,0.72018,0.30293,0.73304,1.35386
rts,420,10,1.3,0.71955,0.41999,0.73304,1.35386
rts,420,10,1.4,0.71522,0.56761,0.73304,1.35386
rts,420,10,1.5,0.7173,0.68306,0.73304,1.35386
rts,420,10,1.65,0.71704,0.82184,0.73304,1.35386
rts,420,10,1.8,0.70792,0.93188,0.73304,1.35386
rts,420,10,2.0,0.70124,1.05446,0.73304,1.35386
rts,420,10,2.25,0.68895,1.14202,0.73304,1.35386
rts,420,10,2.5,0.67219,1.21626,0.73304,1.35386
rts,420,20,1.1,0.72269,0.2521,0.7274,1.12668
rts,420,20,1.2,0.72056,0.37066,0.7274,1.12668
rts,420,20,1.3,0.72173,0.47553,0.7274,1.12668
rts,420,20,1.4,0.71891,0.5847,0.7274,1.12668
rts,420,20,1.5,0.71746,0.65529,0.7274,1.12668
rts,420,20,1.65,0.71313,0.74953,0.7274,1.12668
rts,420,20,1.8,0.70957,0.80254,0.7274,1.12668
rts,420,20,2.0,0.6971,0.8726,0.7274,1.12668
rts,420,20,2.25,0.68899,0.91305,0.7274,1.12668
rts,420,20,2.5,0.67395,0.98083,0.7274,1.12668
rts,420,50,1.1,0.7262,0.40097,0.71501,0.97294
rts,420,50,1.2,0.72436,0.49741,0.71501,0.97294
rts,420,50,1.3,0.72284,0.581,0.71501,0.97294
rts,420,50,1.4,0.72075,0.64573,0.71501,0.97294
rts,420,50,1.5,0.71575,0.69493,0.71501,0.97294
rts,420,50,1.65,0.70939,0.73265,0.71501,0.97294
rts,420,50,1.8,0.7083,0.77443,0.71501,0.97294
rts,420,50,2.0,0.69476,0.78786,0.71501,0.97294
rts,420,50,2.25,0.69039,0.82771,0.71501,0.97294
rts,420,50,2.5,0.6815,0.84778,0.71501,0.97294
rts,840,10,1.1,0.7309,0.21105,0.7427,1.39052
rts,840,10,1.2,0.73223,0.4819,0.7427,1.39052
rts,840,10,1.3,0.73014,0.72316,0.7427,1.39052
rts,840,10,1.4,0.72444,0.92536,0.7427,1.39052
rts,840,10,1.5,0.71863,1.05443,0.7427,1.39052
rts,840,10,1.65,0.71288,1.18111,0.7427,1.39052
rts,840,10,1.8,0.69899,1.27639,0.7427,1.39052
rts,840,10,2.0,0.6701,1.34445,0.7427,1.39052
rts,840,10,2.25,0.63712,1.40949,0.7427,1.39052
rts,840,10,2.5,0.59925,1.4469,0.7427,1.39052
rts,840,20,1.1,0.73354,0.26789,0.73582,1.16195
rts,840,20,1.2,0.73225,0.48446,0.73582,1.16195
rts,840,20,1.3,0.72844,0.67568,0.73582,1.16195
rts,840,20,1.4,0.72487,0.78468,0.73582,1.16195
rts,840,20,1.5,0.72259,0.86534,0.73582,1.16195
rts,840,20,1.65,0.7112,0.95183,0.73582,1.16195
rts,840,20,1.8,0.70547,0.99601,0.73582,1.16195
rts,840,20,2.0,0.69121,1.04599,0.73582,1.16195
rts,840,20,2.25,0.67085,1.08793,0.73582,1.16195
rts,840,20,2.5,0.63594,1.12538,0.73582,1.16195
rts,840,50,1.1,0.73604,0.38144,0.7246,1.00461
rts,840,50,1.2,0.7318,0.55934,0.7246,1.00461
rts,840,50,1.3,0.72798,0.67363,0.7246,1.00461
rts,840,50,1.4,0.72177,0.74496,0.7246,1.00461
rts,840,50,1.5,0.72015,0.78615,0.7246,1.00461
rts,840,50,1.65,0.71156,0.8279,0.7246,1.00461
rts,840,50,1.8,0.708,0.865,0.7246,1.00461
rts,840,50,2.0,0.70082,0.88483,0.7246,1.00461
rts,840,50,2.25,0.68986,0.91295,0.7246,1.00461
rts,840,50,2.5,0.67561,0.93393,0.7246,1.00461
rts,1680,10,1.1,0.74227,0.42649,0.75126,1.44928
rts,1680,10,1.2,0.73964,0.93103,0.75126,1.44928
rts,1680,10,1.3,0.7283,1.17851,0.75126,1.44928
rts,1680,10,1.4,0.7213,1.30471,0.75126,1.44928
rts,1680,10,1.5,0.7108,1.39039,0.75126,1.44928
rts,1680,10,1.65,0.68957,1.46298,0.75126,1.44928
rts,1680,10,1.8,0.65278,1.52152,0.75126,1.44928
rts,1680,10,2.0,0.56954,1.52884,0.75126,1.44928
rts,1680,10,2.25,0.5154,1.56258,0.75126,1.44928
rts,1680,10,2.5,0.43345,1.57428,0.75126,1.44928
rts,1680,20,1.1,0.7429,0.4426,0.74356,1.18969
rts,1680,20,1.2,0.73798,0.78918,0.74356,1.18969
rts,1680,20,1.3,0.72941,0.9414,0.74356,1.18969
rts,1680,20,1.4,0.72276,1.02595,0.74356,1.18969
rts,1680,20,1.5,0.72063,1.06851,0.74356,1.18969
rts,1680,20,1.65,0.70933,1.12802,0.74356,1.18969
rts,1680,20,1.8,0.69808,1.16063,0.74356,1.18969
rts,1680,20,2.0,0.66305,1.19493,0.74356,1.18969
rts,1680,20,2.25,0.59753,1.2081,0.74356,1.18969
rts,1680,20,2.5,0.52211,1.21443,0.74356,1.18969
rts,1680,50,1.1,0.74473,0.50151,0.73358,1.01714
rts,1680,50,1.2,0.73795,0.72272,0.73358,1.01714
rts,1680,50,1.3,0.72991,0.82048,0.73358,1.01714
rts,1680,50,1.4,0.72498,0.86704,0.73358,1.01714
rts,1680,50,1.5,0.72018,0.90293,0.73358,1.01714
rts,1680,50,1.65,0.71355,0.93693,0.73358,1.01714
rts,1680,50,1.8,0.70878,0.95448,0.73358,1.01714
rts,1680,50,2.0,0.6979,0.97421,0.73358,1.01714
rts,1680,50,2.25,0.68168,0.98206,0.73358,1.01714
rts,1680,50,2.5,0.64698,0.99272,0.73358,1.01714
