access,w_eff,n_vis,eps,T,rho,idle,coll_vis,coll_nat,solo_vis,solo_nat
rts,105,5,0.05,0.68937,0.14257,0.58348,0.00733,0.11139,0.01086,0.28694
rts,105,5,0.06385,0.68819,0.14282,0.58421,0.00754,0.11187,0.01081,0.28557
rts,105,5,0.08153,0.68892,0.14923,0.5835,0.00757,0.1115,0.01135,0.28607
rts,105,5,0.10411,0.68935,0.15916,0.58285,0.00759,0.11156,0.01214,0.28586
rts,105,5,0.13294,0.68954,0.16484,0.583,0.00759,0.11134,0.01265,0.28543
rts,105,5,0.16975,0.68859,0.1706,0.58356,0.00857,0.11142,0.01286,0.28359
rts,105,5,0.21677,0.68779,0.17925,0.58157,0.00909,0.11237,0.01338,0.28359
rts,105,5,0.2768,0.68748,0.2035,0.58193,0.00956,0.11226,0.01535,0.2809
rts,105,5,0.35345,0.69073,0.2224,0.57865,0.01047,0.10981,0.01711,0.28396
rts,105,5,0.45134,0.68362,0.27048,0.58125,0.01538,0.11362,0.0196,0.27016
rts,105,5,0.57633,0.67862,0.30629,0.58451,0.02094,0.11106,0.02216,0.26132
rts,105,5,0.73594,0.68033,0.41569,0.5795,0.03146,0.10101,0.03244,0.25559
rts,105,5,0.93975,0.67649,0.51892,0.57237,0.03778,0.10353,0.03901,0.2473
rts,105,5,1.2,0.66654,0.61969,0.56295,0.05835,0.09298,0.046,0.23971
rts,105,10,0.05,0.68251,0.22568,0.58399,0.01798,0.1133,0.02192,0.26281
rts,105,10,0.06385,0.68402,0.2321,0.58122,0.01788,0.11376,0.0231,0.26403
rts,105,10,0.08153,0.68194,0.23849,0.58212,0.01847,0.1145,0.02389,0.26102
rts,105,10,0.10411,0.68179,0.2398,0.57865,0.01907,0.11518,0.02452,0.26257
rts,105,10,0.13294,0.68241,0.2426,0.57901,0.0191,0.11412,0.02506,0.26271
rts,105,10,0.16975,0.68214,0.25689,0.58037,0.01904,0.11449,0.02596,0.26014
rts,105,10,0.21677,0.68256,0.27367,0.57721,0.02309,0.11221,0.02706,0.26043
rts,105,10,0.2768,0.68252,0.27005,0.57946,0.02401,0.10842,0.02748,0.26064
rts,105,10,0.35345,0.6783,0.28086,0.57935,0.02612,0.10913,0.03003,0.25537
rts,105,10,0.45134,0.66784,0.31497,0.58065,0.03075,0.11235,0.03169,0.24456
rts,105,10,0.57633,0.67632,0.38195,0.57471,0.03766,0.10271,0.0384,0.24652
rts,105,10,0.73594,0.67633,0.39884,0.56914,0.04222,0.10099,0.04123,0.24642
rts,105,10,0.93975,0.66329,0.48278,0.56603,0.05718,0.09833,0.04737,0.2311
rts,105,10,1.2,0.6503,0.57761,0.54949,0.08347,0.09182,0.05938,0.21584
rts,105,20,0.05,0.68627,0.27592,0.57667,0.03695,0.09351,0.03896,0.2539
rts,105,20,0.06385,0.68652,0.28643,0.57571,0.03553,0.09398,0.04056,0.25422
rts,105,20,0.08153,0.68878,0.29037,0.57351,0.03522,0.09214,0.0416,0.25753
rts,105,20,0.10411,0.68859,0.29332,0.57369,0.0357,0.0923,0.04182,0.2565
rts,105,20,0.13294,0.68922,0.29992,0.57187,0.03683,0.09361,0.04246,0.25524
rts,105,20,0.16975,0.68622,0.30953,0.57019,0.0372,0.09452,0.04433,0.25376
rts,105,20,0.21677,0.6813,0.32941,0.56646,0.0396,0.09559,0.04868,0.24968
rts,105,20,0.2768,0.6809,0.34363,0.57221,0.04283,0.09213,0.04905,0.24377
rts,105,20,0.35345,0.6814,0.37867,0.56724,0.04742,0.08906,0.05294,0.24335
rts,105,20,0.45134,0.68278,0.4142,0.56382,0.0543,0.08247,0.05912,0.24029
rts,105,20,0.57633,0.68256,0.39777,0.55732,0.06489,0.07874,0.05694,0.24211
rts,105,20,0.73594,0.66505,0.43864,0.55466,0.07132,0.08946,0.06029,0.22426
rts,105,20,0.93975,0.657,0.48105,0.54083,0.09071,0.0846,0.06724,0.21663
rts,105,20,1.2,0.65665,0.55991,0.54048,0.09789,0.07385,0.08047,0.20731
rts,105,50,0.05,0.67335,0.50061,0.54575,0.07583,0.0867,0.08367,0.20804
rts,105,50,0.06385,0.67356,0.50232,0.55038,0.07494,0.08622,0.08371,0.20476
rts,105,50,0.08153,0.67422,0.50671,0.54997,0.07659,0.08488,0.08388,0.20467
rts,105,50,0.10411,0.67132,0.49974,0.54998,0.07796,0.08471,0.08271,0.20465
rts,105,50,0.13294,0.67241,0.51992,0.54685,0.0806,0.08287,0.08791,0.20176
rts,105,50,0.16975,0.6693,0.51955,0.54962,0.07968,0.08488,0.08661,0.19921
rts,105,50,0.21677,0.668,0.5073,0.54555,0.08136,0.0851,0.0866,0.2014
rts,105,50,0.2768,0.6684,0.53567,0.54155,0.08185,0.08637,0.09264,0.19759
rts,105,50,0.35345,0.66837,0.49978,0.53471,0.08696,0.08314,0.08772,0.20748
rts,105,50,0.45134,0.66675,0.54588,0.53113,0.09632,0.07446,0.09454,0.20356
rts,105,50,0.57633,0.66487,0.52378,0.52595,0.10125,0.07594,0.09179,0.20506
rts,105,50,0.73594,0.64994,0.56896,0.52468,0.11797,0.07108,0.09551,0.19077
rts,105,50,0.93975,0.63622,0.56829,0.52334,0.13431,0.06512,0.09409,0.18315
rts,105,50,1.2,0.62051,0.59616,0.51148,0.14918,0.06909,0.09578,0.17447
rts,210,5,0.05,0.71289,0.14161,0.59891,0.00797,0.11298,0.00996,0.27018
rts,210,5,0.06385,0.71337,0.14766,0.59781,0.00853,0.11314,0.01026,0.27026
rts,210,5,0.08153,0.7124,0.15591,0.59928,0.00901,0.11419,0.01073,0.26679
rts,210,5,0.10411,0.71337,0.16017,0.59765,0.00893,0.11398,0.01093,0.2685
rts,210,5,0.13294,0.71316,0.16396,0.59526,0.00991,0.1134,0.01111,0.27032
rts,210,5,0.16975,0.71133,0.19842,0.59833,0.01044,0.11261,0.01348,0.26513
rts,210,5,0.21677,0.71208,0.2375,0.5943,0.01231,0.11356,0.01645,0.26338
rts,210,5,0.2768,0.71065,0.29916,0.59205,0.01506,0.11478,0.02053,0.25757
rts,210,5,0.35345,0.71286,0.38564,0.58755,0.02116,0.10945,0.02808,0.25376
rts,210,5,0.45134,0.70909,0.49353,0.58722,0.0306,0.104,0.03543,0.24275
rts,210,5,0.57633,0.7106,0.64607,0.57589,0.04128,0.0988,0.04871,0.23531
rts,210,5,0.73594,0.6998,0.78366,0.5577,0.06293,0.09915,0.0588,0.22143
rts,210,5,0.93975,0.68989,1.06297,0.54169,0.09191,0.08654,0.08021,0.19964
rts,210,5,1.2,0.67256,1.35482,0.51158,0.1361,0.0775,0.09846,0.17637
rts,210,10,0.05,0.71447,0.22023,0.59362,0.01338,0.11342,0.02285,0.25673
rts,210,10,0.06385,0.71463,0.2193,0.59227,0.01356,0.11336,0.02278,0.25803
rts,210,10,0.08153,0.71389,0.21285,0.59279,0.01593,0.11122,0.02268,0.25739
rts,210,10,0.10411,0.7141,0.21086,0.59282,0.01794,0.10928,0.0228,0.25715
rts,210,10,0.13294,0.71231,0.23962,0.59254,0.01919,0.10952,0.02563,0.25312
rts,210,10,0.16975,0.71079,0.26414,0.59119,0.01989,0.11041,0.02897,0.24953
rts,210,10,0.21677,0.71115,0.31916,0.58724,0.02469,0.10822,0.03495,0.24491
rts,210,10,0.2768,0.70921,0.36155,0.58646,0.02828,0.10751,0.03928,0.23847
rts,210,10,0.35345,0.7096,0.40132,0.58114,0.03615,0.09989,0.04417,0.23865
rts,210,10,0.45134,0.70712,0.53975,0.57455,0.0502,0.09344,0.05838,0.22343
rts,210,10,0.57633,0.7046,0.66052,0.5631,0.06628,0.08782,0.07332,0.20947
rts,210,10,0.73594,0.69658,0.74764,0.54767,0.08783,0.08421,0.08407,0.19622
rts,210,10,0.93975,0.68804,0.8645,0.52899,0.11373,0.07825,0.09641,0.18262
rts,210,10,1.2,0.67325,1.07137,0.50042,0.15873,0.06394,0.11606,0.16085
rts,210,20,0.05,0.71472,0.29942,0.57889,0.0248,0.10971,0.04239,0.24422
rts,210,20,0.06385,0.7166,0.31162,0.57707,0.02506,0.10892,0.04438,0.24458
rts,210,20,0.08153,0.71655,0.31213,0.57693,0.02534,0.1085,0.04494,0.2443
rts,210,20,0.10411,0.71784,0.31628,0.57659,0.03137,0.10156,0.04529,0.24518
rts,210,20,0.13294,0.71683,0.34786,0.5727,0.03406,0.10162,0.05137,0.24025
rts,210,20,0.16975,0.71003,0.35478,0.57178,0.03817,0.10526,0.05173,0.23306
rts,210,20,0.21677,0.70539,0.37369,0.57088,0.04566,0.10376,0.05386,0.22584
rts,210,20,0.2768,0.71318,0.38484,0.56577,0.0488,0.09151,0.05898,0.23494
rts,210,20,0.35345,0.71347,0.44342,0.55755,0.05734,0.0901,0.06682,0.22819
rts,210,20,0.45134,0.70456,0.51922,0.55018,0.07209,0.08807,0.07888,0.21077
rts,210,20,0.57633,0.69875,0.5814,0.54686,0.09231,0.079,0.08643,0.19541
rts,210,20,0.73594,0.69034,0.66373,0.52903,0.11612,0.0761,0.09752,0.18123
rts,210,20,0.93975,0.68382,0.77046,0.51082,0.13728,0.06907,0.11606,0.16676
rts,210,20,1.2,0.66195,0.8378,0.48027,0.18456,0.06124,0.12233,0.15161
rts,210,50,0.05,0.70987,0.44899,0.54825,0.06819,0.09535,0.08119,0.20702
rts,210,50,0.06385,0.71148,0.46252,0.54956,0.06873,0.09174,0.08523,0.20475
rts,210,50,0.08153,0.71437,0.48691,0.54983,0.06745,0.08989,0.09076,0.20207
rts,210,50,0.10411,0.71199,0.47501,0.54722,0.06786,0.09445,0.0882,0.20227
rts,210,50,0.13294,0.71129,0.47478,0.54249,0.07269,0.08849,0.09054,0.20579
rts,210,50,0.16975,0.71484,0.50129,0.53749,0.07678,0.08397,0.09789,0.20386
rts,210,50,0.21677,0.71361,0.50691,0.53345,0.08206,0.07996,0.09886,0.20567
rts,210,50,0.2768,0.70908,0.54975,0.53727,0.09307,0.07528,0.10322,0.19115
rts,210,50,0.35345,0.70806,0.56695,0.52467,0.10093,0.07506,0.11139,0.18795
rts,210,50,0.45134,0.69518,0.60161,0.51921,0.11886,0.07262,0.11378,0.17553
rts,210,50,0.57633,0.6849,0.64559,0.5058,0.13936,0.06888,0.12166,0.1643
rts,210,50,0.73594,0.67838,0.6975,0.49986,0.15357,0.06843,0.128,0.15014
rts,210,50,0.93975,0.66971,0.71604,0.48729,0.18038,0.05884,0.12768,0.14582
rts,210,50,1.2,0.65679,0.78221,0.47413,0.20611,0.05725,0.13274,0.12977
rts,420,5,0.05,0.71925,0.10479,0.59785,0.00516,0.12956,0.00715,0.26028
rts,420,5,0.06385,0.71822,0.11028,0.59788,0.00582,0.12993,0.00767,0.2587
rts,420,5,0.08153,0.71945,0.11722,0.59573,0.00629,0.12923,0.00829,0.26046
rts,420,5,0.10411,0.71774,0.13037,0.59755,0.00856,0.12863,0.0089,0.25637
rts,420,5,0.13294,0.71558,0.14925,0.595,0.01018,0.13015,0.01025,0.25442
rts,420,5,0.16975,0.71558,0.20325,0.59359,0.01165,0.1299,0.01411,0.25075
rts,420,5,0.21677,0.71671,0.3097,0.5929,0.01513,0.12763,0.0209,0.24343
rts,420,5,0.2768,0.72215,0.41966,0.58282,0.02336,0.11806,0.03028,0.24548
rts,420,5,0.35345,0.71776,0.61463,0.5771,0.03845,0.11277,0.04507,0.22661
rts,420,5,0.45134,0.71515,0.85991,0.55669,0.06603,0.10116,0.06478,0.21133
rts,420,5,0.57633,0.71627,1.1796,0.53035,0.09358,0.08934,0.09435,0.19239
rts,420,5,0.73594,0.69381,1.47751,0.4874,0.1585,0.07801,0.11378,0.16231
rts,420,5,0.93975,0.66785,1.71388,0.42813,0.24047,0.05758,0.13254,0.14128
rts,420,5,1.2,0.56909,1.83381,0.3342,0.40492,0.04557,0.1119,0.10342
rts,420,10,0.05,0.71841,0.15166,0.59704,0.01112,0.12682,0.01565,0.24938
rts,420,10,0.06385,0.71817,0.15664,0.59727,0.012,0.12524,0.01597,0.24952
rts,420,10,0.08153,0.71545,0.1646,0.59706,0.01278,0.12858,0.01693,0.24465
rts,420,10,0.10411,0.71728,0.20431,0.59637,0.01623,0.12359,0.02157,0.24225
rts,420,10,0.13294,0.72143,0.2334,0.59002,0.01856,0.12077,0.02467,0.24598
rts,420,10,0.16975,0.72056,0.29766,0.5885,0.02454,0.11814,0.03108,0.23775
rts,420,10,0.21677,0.71938,0.33937,0.58101,0.02919,0.11769,0.03693,0.23517
rts,420,10,0.2768,0.718,0.45435,0.5739,0.04255,0.11226,0.04912,0.22217
rts,420,10,0.35345,0.71744,0.60887,0.56307,0.06045,0.10281,0.06789,0.20578
rts,420,10,0.45134,0.71637,0.77312,0.54299,0.08748,0.08959,0.08891,0.19103
rts,420,10,0.57633,0.71264,0.91655,0.51489,0.11667,0.08079,0.11064,0.17701
rts,420,10,0.73594,0.69969,1.08322,0.48244,0.16451,0.06809,0.13035,0.15461
rts,420,10,0.93975,0.67314,1.24121,0.43694,0.23393,0.05673,0.14389,0.12852
rts,420,10,1.2,0.59655,1.33531,0.34957,0.37684,0.044,0.1303,0.09929
rts,420,20,0.05,0.72104,0.19768,0.58702,0.01891,0.12282,0.02801,0.24325
rts,420,20,0.06385,0.72256,0.20941,0.5843,0.02188,0.11978,0.02978,0.24426
rts,420,20,0.08153,0.72372,0.22075,0.58373,0.02386,0.11673,0.03203,0.24364
rts,420,20,0.10411,0.72369,0.25625,0.58146,0.02619,0.11672,0.03685,0.23877
rts,420,20,0.13294,0.72366,0.29358,0.57603,0.03218,0.11464,0.04323,0.23393
rts,420,20,0.16975,0.71969,0.33601,0.57503,0.03809,0.11363,0.04995,0.2233
rts,420,20,0.21677,0.72051,0.40433,0.56808,0.04953,0.10723,0.05946,0.2157
rts,420,20,0.2768,0.72739,0.48366,0.55317,0.05827,0.09867,0.07552,0.21437
rts,420,20,0.35345,0.71872,0.59431,0.542,0.08073,0.09392,0.09201,0.19134
rts,420,20,0.45134,0.71785,0.70366,0.52338,0.10845,0.07882,0.11151,0.17784
rts,420,20,0.57633,0.70807,0.80201,0.499,0.14217,0.07248,0.12728,0.15906
rts,420,20,0.73594,0.69399,0.90222,0.47378,0.18289,0.06462,0.1423,0.13641
rts,420,20,0.93975,0.66985,0.98214,0.43791,0.24377,0.04994,0.1506,0.11778
rts,420,20,1.2,0.61496,1.05353,0.37044,0.3503,0.04354,0.14119,0.09453
rts,420,50,0.05,0.72919,0.37202,0.56142,0.04531,0.10738,0.07121,0.21468
rts,420,50,0.06385,0.72742,0.3769,0.56118,0.04885,0.10453,0.07237,0.21308
rts,420,50,0.08153,0.72563,0.39272,0.55822,0.05492,0.10075,0.07628,0.20983
rts,420,50,0.10411,0.72575,0.4169,0.5553,0.05953,0.10085,0.07966,0.20466
rts,420,50,0.13294,0.72842,0.45125,0.54614,0.06486,0.09799,0.08869,0.20231
rts,420,50,0.16975,0.72447,0.49339,0.54118,0.07832,0.09077,0.098,0.19172
rts,420,50,0.21677,0.72376,0.56295,0.5309,0.09161,0.08686,0.11303,0.1776
rts,420,50,0.2768,0.7194,0.59007,0.51944,0.10566,0.08406,0.11873,0.17211
rts,420,50,0.35345,0.72221,0.653,0.50633,0.12405,0.07111,0.13598,0.16253
rts,420,50,0.45134,0.71307,0.70411,0.48994,0.14781,0.06754,0.14411,0.1506
rts,420,50,0.57633,0.70619,0.76345,0.47512,0.17425,0.05948,0.15736,0.13379
rts,420,50,0.73594,0.70183,0.79888,0.45475,0.19734,0.05351,0.167,0.1274
rts,420,50,0.93975,0.67813,0.83447,0.43918,0.2361,0.05027,0.16248,0.11197
rts,420,50,1.2,0.64827,0.88703,0.40233,0.30191,0.04186,0.16073,0.09317
rts,840,5,0.05,0.73021,0.08778,0.61768,0.00325,0.11735,0.00596,0.25576
rts,840,5,0.06385,0.73001,0.10234,0.61657,0.00463,0.11715,0.00693,0.25473
rts,840,5,0.08153,0.73027,0.14291,0.61557,0.00585,0.11688,0.00998,0.25172
rts,840,5,0.10411,0.72875,0.20011,0.61285,0.01007,0.11644,0.01362,0.24702
rts,840,5,0.13294,0.72733,0.27213,0.60994,0.01218,0.11692,0.01977,0.24119
rts,840,5,0.16975,0.73033,0.45837,0.60244,0.02037,0.11171,0.03295,0.23252
rts,840,5,0.21677,0.732,0.69123,0.5844,0.03561,0.10534,0.05221,0.22244
rts,840,5,0.2768,0.73196,0.95137,0.56204,0.05439,0.10067,0.07521,0.20768
rts,840,5,0.35345,0.72503,1.25248,0.5311,0.09387,0.08878,0.10184,0.18441
rts,840,5,0.45134,0.70914,1.55602,0.48673,0.15244,0.07622,0.12816,0.15644
rts,840,5,0.57633,0.68575,1.7955,0.42161,0.2407,0.05885,0.14602,0.13282
rts,840,5,0.73594,0.62093,1.97309,0.33048,0.38102,0.04636,0.14081,0.10133
rts,840,5,0.93975,0.55303,2.10003,0.25514,0.50617,0.03364,0.12807,0.07698
rts,840,5,1.2,0.43797,2.08968,0.18856,0.64062,0.02617,0.08817,0.05648
rts,840,10,0.05,0.72845,0.11965,0.6159,0.00743,0.11747,0.01208,0.24712
rts,840,10,0.06385,0.72858,0.14367,0.6151,0.00919,0.11642,0.01492,0.24437
rts,840,10,0.08153,0.73006,0.19014,0.61266,0.01085,0.11505,0.01941,0.24203
rts,840,10,0.10411,0.72975,0.23347,0.60676,0.01608,0.11336,0.02491,0.23889
rts,840,10,0.13294,0.73079,0.30849,0.5991,0.02229,0.11057,0.0339,0.23414
rts,840,10,0.16975,0.7318,0.45229,0.58705,0.03433,0.10578,0.05065,0.22219
rts,840,10,0.21677,0.73021,0.58951,0.57109,0.05222,0.09998,0.06779,0.20892
rts,840,10,0.2768,0.73104,0.76847,0.54693,0.07525,0.09184,0.09263,0.19336
rts,840,10,0.35345,0.72019,0.94879,0.5191,0.11657,0.08035,0.11593,0.16804
rts,840,10,0.45134,0.71584,1.1269,0.48387,0.15885,0.06738,0.142,0.14789
rts,840,10,0.57633,0.69633,1.27643,0.44101,0.22106,0.05688,0.15858,0.12247
rts,840,10,0.73594,0.65923,1.37453,0.37334,0.31667,0.04552,0.16193,0.10253
rts,840,10,0.93975,0.58316,1.44713,0.28787,0.45736,0.03489,0.14155,0.07833
rts,840,10,1.2,0.46877,1.46408,0.20746,0.61044,0.02504,0.10133,0.05572
rts,840,20,0.05,0.73131,0.1627,0.60926,0.01461,0.11264,0.0224,0.24109
rts,840,20,0.06385,0.72977,0.18116,0.60784,0.01814,0.11134,0.02527,0.23742
rts,840,20,0.08153,0.73087,0.23798,0.60444,0.02153,0.10932,0.03419,0.23052
rts,840,20,0.10411,0.73291,0.28729,0.59336,0.02663,0.10806,0.04299,0.22895
rts,840,20,0.13294,0.73256,0.37285,0.58285,0.03697,0.10438,0.05704,0.21876
rts,840,20,0.16975,0.7312,0.46428,0.56966,0.05542,0.09679,0.07213,0.20599
rts,840,20,0.21677,0.72854,0.58586,0.55076,0.07554,0.09183,0.09367,0.1882
rts,840,20,0.2768,0.7294,0.70718,0.52822,0.09956,0.08313,0.11681,0.17227
rts,840,20,0.35345,0.72666,0.8086,0.50083,0.13062,0.07297,0.13781,0.15777
rts,840,20,0.45134,0.7154,0.9096,0.4736,0.17305,0.06102,0.15567,0.13666
rts,840,20,0.57633,0.7052,1.00771,0.44812,0.21395,0.05168,0.16979,0.11645
rts,840,20,0.73594,0.68389,1.07253,0.40429,0.27482,0.04333,0.17821,0.09936
rts,840,20,0.93975,0.62375,1.12216,0.34072,0.38824,0.03455,0.15828,0.0782
rts,840,20,1.2,0.51488,1.14917,0.24631,0.55259,0.02505,0.1199,0.05614
rts,840,50,0.05,0.73253,0.27329,0.59007,0.03387,0.10494,0.05073,0.22039
rts,840,50,0.06385,0.73234,0.31071,0.58579,0.0371,0.10448,0.05813,0.21449
rts,840,50,0.08153,0.73581,0.34367,0.5777,0.0451,0.09775,0.06571,0.21375
rts,840,50,0.10411,0.73619,0.4078,0.5661,0.05496,0.09559,0.07978,0.20357
rts,840,50,0.13294,0.73625,0.475,0.55292,0.06747,0.09174,0.09569,0.19218
rts,840,50,0.16975,0.73602,0.54397,0.53571,0.08427,0.08596,0.11369,0.18037
rts,840,50,0.21677,0.72944,0.6193,0.51953,0.11253,0.07721,0.12864,0.16208
rts,840,50,0.2768,0.72505,0.68511,0.49612,0.13871,0.06912,0.14754,0.14852
rts,840,50,0.35345,0.72441,0.75301,0.47261,0.16222,0.06298,0.1663,0.13589
rts,840,50,0.45134,0.71525,0.80839,0.45388,0.19607,0.05393,0.17676,0.11936
rts,840,50,0.57633,0.71014,0.85846,0.43652,0.22165,0.04771,0.18774,0.10638
rts,840,50,0.73594,0.69553,0.88947,0.42112,0.25287,0.04154,0.18937,0.0951
rts,840,50,0.93975,0.67058,0.9292,0.39101,0.30846,0.03505,0.18521,0.08027
rts,840,50,1.2,0.607,0.95403,0.32782,0.42053,0.02804,0.1597,0.06391
rts,1680,5,0.05,0.73836,0.11068,0.63387,0.00432,0.10408,0.00755,0.25018
rts,1680,5,0.06385,0.73809,0.18292,0.63152,0.00698,0.10374,0.01277,0.24499
rts,1680,5,0.08153,0.74062,0.31854,0.62334,0.01277,0.10079,0.02263,0.24047
rts,1680,5,0.10411,0.74077,0.55288,0.61287,0.02348,0.09755,0.0406,0.2255
rts,1680,5,0.13294,0.74155,0.82164,0.58993,0.0429,0.09118,0.06364,0.21235
rts,1680,5,0.16975,0.74075,1.19302,0.55976,0.07069,0.08469,0.09705,0.1878
rts,1680,5,0.21677,0.7376,1.48203,0.5198,0.10362,0.07901,0.12863,0.16895
rts,1680,5,0.2768,0.72766,1.72774,0.47138,0.15747,0.06899,0.154,0.14816
rts,1680,5,0.35345,0.70207,1.92482,0.4126,0.23582,0.05889,0.16863,0.12406
rts,1680,5,0.45134,0.66464,2.08691,0.35033,0.33279,0.04703,0.17043,0.09942
rts,1680,5,0.57633,0.54307,2.11081,0.24594,0.53027,0.03226,0.12198,0.06954
rts,1680,5,0.73594,0.45698,2.1773,0.17149,0.65657,0.02272,0.09815,0.05106
rts,1680,5,0.93975,0.27812,1.94301,0.10693,0.79918,0.01514,0.04512,0.03363
rts,1680,5,1.2,0.37764,2.37889,0.10384,0.76662,0.01363,0.08384,0.03207
rts,1680,10,0.05,0.73948,0.14888,0.62815,0.0083,0.103,0.01545,0.24509
rts,1680,10,0.06385,0.74032,0.22162,0.62426,0.01275,0.10097,0.02354,0.23848
rts,1680,10,0.08153,0.74205,0.33642,0.61474,0.02051,0.09766,0.03666,0.23043
rts,1680,10,0.10411,0.74334,0.48764,0.59768,0.03445,0.09299,0.05569,0.21919
rts,1680,10,0.13294,0.74184,0.69339,0.57415,0.05691,0.08724,0.0832,0.1985
rts,1680,10,0.16975,0.73847,0.88274,0.54312,0.0881,0.0798,0.11029,0.17869
rts,1680,10,0.21677,0.73541,1.06342,0.50787,0.12113,0.07288,0.13968,0.15844
rts,1680,10,0.2768,0.73057,1.21592,0.47229,0.15794,0.06552,0.16524,0.13901
rts,1680,10,0.35345,0.71651,1.32979,0.43523,0.2094,0.05613,0.1793,0.11994
rts,1680,10,0.45134,0.70693,1.43089,0.40338,0.25234,0.04612,0.19438,0.10378
rts,1680,10,0.57633,0.6517,1.51132,0.33448,0.37333,0.03444,0.17919,0.07855
rts,1680,10,0.73594,0.52954,1.53238,0.22998,0.56349,0.02338,0.12841,0.05475
rts,1680,10,0.93975,0.34836,1.4732,0.13406,0.74976,0.01492,0.06716,0.0341
rts,1680,10,1.2,0.36129,1.59746,0.10759,0.77154,0.01325,0.07817,0.02945
rts,1680,20,0.05,0.74114,0.19295,0.62005,0.0158,0.0993,0.0276,0.23724
rts,1680,20,0.06385,0.74265,0.27506,0.61375,0.02206,0.0965,0.04021,0.22747
rts,1680,20,0.08153,0.74344,0.36796,0.59962,0.03276,0.09323,0.05639,0.218
rts,1680,20,0.10411,0.7442,0.49351,0.58042,0.05016,0.08771,0.07843,0.20328
rts,1680,20,0.13294,0.74262,0.61886,0.55484,0.07392,0.08173,0.10294,0.18657
rts,1680,20,0.16975,0.73847,0.74866,0.52564,0.10522,0.0735,0.12939,0.16625
rts,1680,20,0.21677,0.73431,0.87677,0.49381,0.13908,0.06723,0.15556,0.1443
rts,1680,20,0.2768,0.73061,0.95402,0.46357,0.17079,0.0591,0.17446,0.13207
rts,1680,20,0.35345,0.72226,1.03301,0.43892,0.20476,0.0516,0.19046,0.11425
rts,1680,20,0.45134,0.71401,1.10022,0.41615,0.23946,0.04289,0.20247,0.09903
rts,1680,20,0.57633,0.70428,1.15298,0.39103,0.27679,0.03428,0.21131,0.08658
rts,1680,20,0.73594,0.62921,1.19707,0.31786,0.41841,0.02528,0.17623,0.06223
rts,1680,20,0.93975,0.47055,1.17694,0.20102,0.63075,0.01737,0.10847,0.04238
rts,1680,20,1.2,0.40139,1.21731,0.13604,0.72831,0.01335,0.09084,0.03146
rts,1680,50,0.05,0.74397,0.30318,0.60219,0.03408,0.09117,0.05716,0.21541
rts,1680,50,0.06385,0.74418,0.3599,0.58822,0.04491,0.08789,0.07047,0.20852
rts,1680,50,0.08153,0.74425,0.44963,0.57118,0.06064,0.08342,0.09099,0.19377
rts,1680,50,0.10411,0.74518,0.53542,0.54896,0.07802,0.07895,0.11354,0.18053
rts,1680,50,0.13294,0.73979,0.6306,0.52422,0.1087,0.07024,0.13769,0.15916
rts,1680,50,0.16975,0.738,0.70648,0.49723,0.13498,0.06484,0.15847,0.14448
rts,1680,50,0.21677,0.73235,0.77575,0.47139,0.16516,0.05816,0.1773,0.12799
rts,1680,50,0.2768,0.72749,0.83068,0.44749,0.19595,0.04943,0.1932,0.11394
rts,1680,50,0.35345,0.72399,0.88364,0.42931,0.22032,0.04421,0.20632,0.09984
rts,1680,50,0.45134,0.71788,0.9198,0.41386,0.24433,0.03698,0.21535,0.08947
rts,1680,50,0.57633,0.71216,0.96248,0.40169,0.26754,0.03092,0.2232,0.07665
rts,1680,50,0.73594,0.69492,0.97773,0.38404,0.30401,0.02607,0.21642,0.06947
rts,1680,50,0.93975,0.64419,0.99903,0.33802,0.39635,0.02066,0.1899,0.05508
rts,1680,50,1.2,0.5029,1.00414,0.21468,0.60525,0.01391,0.12869,0.03747
basic,105,5,0.05,0.68592,0.16523,0.60519,0.01039,0.10234,0.01143,0.27065
basic,105,5,0.06385,0.68592,0.16523,0.60519,0.01039,0.10234,0.01143,0.27065
basic,105,5,0.08153,0.68675,0.16787,0.60519,0.01039,0.10182,0.01169,0.27091
basic,105,5,0.10411,0.68668,0.17045,0.6054,0.0109,0.10177,0.01194,0.26999
basic,105,5,0.13294,0.68622,0.18001,0.60422,0.01119,0.10174,0.01223,0.27062
basic,105,5,0.16975,0.68611,0.18399,0.60442,0.01144,0.10195,0.01248,0.2697
basic,105,5,0.21677,0.68386,0.18557,0.60391,0.01276,0.1013,0.01276,0.26927
basic,105,5,0.2768,0.67757,0.20831,0.60323,0.01277,0.10401,0.0146,0.26538
basic,105,5,0.35345,0.67846,0.2406,0.59689,0.01553,0.10321,0.01738,0.26698
basic,105,5,0.45134,0.67549,0.26697,0.59579,0.01921,0.09921,0.02,0.26579
basic,105,5,0.57633,0.6619,0.29158,0.58991,0.02324,0.09982,0.02112,0.26591
basic,105,5,0.73594,0.64286,0.32378,0.58269,0.03106,0.10353,0.02469,0.25803
basic,105,5,0.93975,0.62408,0.46774,0.57606,0.04178,0.09909,0.03321,0.24987
basic,105,5,1.2,0.60094,0.54613,0.57286,0.05363,0.09074,0.03954,0.24323
basic,105,10,0.05,0.65348,0.24577,0.593,0.01857,0.10348,0.026,0.25895
basic,105,10,0.06385,0.65471,0.25592,0.59432,0.01857,0.10268,0.0268,0.25763
basic,105,10,0.08153,0.65265,0.25503,0.59229,0.01809,0.10479,0.0266,0.25824
basic,105,10,0.10411,0.6486,0.25686,0.59234,0.01889,0.10511,0.02661,0.25705
basic,105,10,0.13294,0.64063,0.26174,0.58689,0.01988,0.10825,0.02632,0.25866
basic,105,10,0.16975,0.64119,0.25988,0.58748,0.02006,0.10781,0.02648,0.25816
basic,105,10,0.21677,0.63771,0.24024,0.5849,0.02384,0.10498,0.02464,0.26165
basic,105,10,0.2768,0.6409,0.24291,0.5864,0.02587,0.10053,0.02587,0.26133
basic,105,10,0.35345,0.62184,0.27568,0.58878,0.03163,0.10074,0.02764,0.2512
basic,105,10,0.45134,0.61146,0.30393,0.58957,0.0393,0.09866,0.02995,0.24251
basic,105,10,0.57633,0.60738,0.35578,0.57736,0.04555,0.09784,0.03585,0.2434
basic,105,10,0.73594,0.59862,0.36465,0.57915,0.05402,0.09352,0.03655,0.23676
basic,105,10,0.93975,0.5633,0.4783,0.57264,0.06592,0.09256,0.04642,0.22247
basic,105,10,1.2,0.56105,0.5213,0.55786,0.07537,0.08882,0.0524,0.22555
basic,105,20,0.05,0.64873,0.31622,0.57557,0.03597,0.0923,0.04713,0.24902
basic,105,20,0.06385,0.64783,0.31666,0.57557,0.03625,0.0923,0.04713,0.24875
basic,105,20,0.08153,0.64435,0.31749,0.57553,0.03735,0.09253,0.04682,0.24777
basic,105,20,0.10411,0.64171,0.32947,0.57595,0.0386,0.0922,0.04832,0.24493
basic,105,20,0.13294,0.63797,0.32947,0.57294,0.04017,0.09233,0.04854,0.24603
basic,105,20,0.16975,0.63468,0.33886,0.57398,0.04207,0.09139,0.04932,0.24324
basic,105,20,0.21677,0.62751,0.34942,0.57294,0.04196,0.09475,0.05113,0.23923
basic,105,20,0.2768,0.62257,0.35005,0.57329,0.04572,0.09338,0.05043,0.23718
basic,105,20,0.35345,0.60652,0.34867,0.5736,0.04981,0.0938,0.04925,0.23354
basic,105,20,0.45134,0.59576,0.36484,0.56999,0.05605,0.09286,0.05075,0.23034
basic,105,20,0.57633,0.58494,0.42056,0.57255,0.0643,0.08639,0.05535,0.22141
basic,105,20,0.73594,0.56505,0.48432,0.57099,0.07451,0.08185,0.06266,0.20999
basic,105,20,0.93975,0.54237,0.48202,0.55565,0.08741,0.07955,0.06439,0.213
basic,105,20,1.2,0.53211,0.53037,0.54894,0.09819,0.0726,0.06962,0.21065
basic,105,50,0.05,0.56575,0.41486,0.53806,0.08502,0.0798,0.07428,0.22284
basic,105,50,0.06385,0.55849,0.41394,0.53846,0.08708,0.07938,0.07262,0.22246
basic,105,50,0.08153,0.55776,0.41451,0.53834,0.08685,0.08161,0.07268,0.22051
basic,105,50,0.10411,0.55173,0.43168,0.53408,0.08995,0.08217,0.07563,0.21818
basic,105,50,0.13294,0.57771,0.44049,0.52483,0.0858,0.08077,0.08202,0.22659
basic,105,50,0.16975,0.56808,0.46248,0.52288,0.08962,0.08204,0.08425,0.22121
basic,105,50,0.21677,0.57149,0.46975,0.52714,0.08921,0.08047,0.08609,0.21709
basic,105,50,0.2768,0.55392,0.48492,0.5262,0.0942,0.0811,0.08609,0.21241
basic,105,50,0.35345,0.53654,0.44756,0.53143,0.10019,0.07872,0.07747,0.2122
basic,105,50,0.45134,0.53803,0.46774,0.51965,0.10547,0.07542,0.0815,0.21796
basic,105,50,0.57633,0.52697,0.49574,0.51122,0.10959,0.07805,0.08683,0.21431
basic,105,50,0.73594,0.52208,0.53063,0.51402,0.11473,0.07348,0.09056,0.20722
basic,105,50,0.93975,0.46992,0.56472,0.51581,0.13368,0.07304,0.09032,0.18715
basic,105,50,1.2,0.44775,0.5558,0.51334,0.1453,0.06886,0.08369,0.1888
basic,210,5,0.05,0.67025,0.18472,0.59856,0.00692,0.11827,0.01173,0.26452
basic,210,5,0.06385,0.67357,0.1865,0.59759,0.00708,0.11677,0.01217,0.26638
basic,210,5,0.08153,0.66851,0.1794,0.59963,0.00775,0.11759,0.01169,0.26334
basic,210,5,0.10411,0.6676,0.19145,0.59873,0.00847,0.11757,0.01256,0.26267
basic,210,5,0.13294,0.66124,0.21687,0.59757,0.00906,0.12084,0.01387,0.25867
basic,210,5,0.16975,0.65806,0.23124,0.59892,0.00977,0.12095,0.01473,0.25563
basic,210,5,0.21677,0.65597,0.25567,0.59875,0.01218,0.11944,0.01686,0.25276
basic,210,5,0.2768,0.6674,0.28793,0.59447,0.01332,0.11474,0.01977,0.2577
basic,210,5,0.35345,0.65637,0.31896,0.58705,0.01771,0.11456,0.02352,0.25715
basic,210,5,0.45134,0.6456,0.42736,0.58671,0.02696,0.10992,0.03079,0.24562
basic,210,5,0.57633,0.6495,0.54874,0.57395,0.03222,0.10525,0.04066,0.24793
basic,210,5,0.73594,0.61751,0.64649,0.56716,0.04915,0.10177,0.04836,0.23357
basic,210,5,0.93975,0.58884,0.7911,0.55811,0.0731,0.08556,0.06032,0.22291
basic,210,5,1.2,0.5362,0.99812,0.54557,0.10278,0.07983,0.07096,0.20087
basic,210,10,0.05,0.67256,0.21718,0.5893,0.01491,0.10991,0.02236,0.26352
basic,210,10,0.06385,0.67189,0.21926,0.58885,0.01521,0.10999,0.02296,0.26298
basic,210,10,0.08153,0.66669,0.21352,0.58858,0.01654,0.11083,0.02225,0.26179
basic,210,10,0.10411,0.66478,0.22841,0.58486,0.01733,0.11345,0.02355,0.26081
basic,210,10,0.13294,0.66804,0.23266,0.58291,0.01742,0.11164,0.02411,0.26392
basic,210,10,0.16975,0.66186,0.24441,0.5814,0.01887,0.11203,0.02516,0.26254
basic,210,10,0.21677,0.64891,0.25479,0.58322,0.02401,0.10956,0.02566,0.25754
basic,210,10,0.2768,0.63813,0.28257,0.58303,0.02959,0.10688,0.02838,0.25211
basic,210,10,0.35345,0.63167,0.36471,0.58038,0.03188,0.10967,0.03783,0.24024
basic,210,10,0.45134,0.62543,0.39633,0.57346,0.04356,0.10023,0.042,0.24075
basic,210,10,0.57633,0.62811,0.52271,0.56866,0.05213,0.0932,0.05566,0.23035
basic,210,10,0.73594,0.58479,0.59802,0.56218,0.07709,0.08269,0.06457,0.21347
basic,210,10,0.93975,0.55683,0.7129,0.54931,0.09531,0.07812,0.07778,0.19948
basic,210,10,1.2,0.5055,0.76417,0.53394,0.12135,0.07336,0.0823,0.18905
basic,210,20,0.05,0.64763,0.27747,0.58263,0.02899,0.10682,0.03785,0.24371
basic,210,20,0.06385,0.64076,0.28346,0.5846,0.03058,0.10743,0.03819,0.2392
basic,210,20,0.08153,0.63647,0.29411,0.58389,0.03188,0.10708,0.03981,0.23734
basic,210,20,0.10411,0.63813,0.295,0.58041,0.03327,0.10731,0.04185,0.23716
basic,210,20,0.13294,0.63951,0.30663,0.57805,0.03441,0.10665,0.0434,0.23748
basic,210,20,0.16975,0.62561,0.33284,0.57462,0.03896,0.10713,0.04697,0.23233
basic,210,20,0.21677,0.63456,0.35675,0.57127,0.04036,0.10345,0.05228,0.23264
basic,210,20,0.2768,0.62013,0.41308,0.57088,0.04656,0.10078,0.06123,0.22054
basic,210,20,0.35345,0.61944,0.42112,0.56259,0.05405,0.0967,0.06202,0.22465
basic,210,20,0.45134,0.61668,0.48333,0.55369,0.06133,0.09175,0.07226,0.22097
basic,210,20,0.57633,0.57292,0.54032,0.55256,0.08079,0.08476,0.07682,0.20508
basic,210,20,0.73594,0.56218,0.59462,0.53738,0.09841,0.07692,0.08974,0.19754
basic,210,20,0.93975,0.51805,0.63898,0.53273,0.11971,0.07448,0.09103,0.18205
basic,210,20,1.2,0.49722,0.71212,0.51995,0.13545,0.06953,0.1041,0.17097
basic,210,50,0.05,0.6179,0.44708,0.5521,0.06325,0.0921,0.08398,0.20857
basic,210,50,0.06385,0.61008,0.45028,0.54969,0.06445,0.09364,0.08495,0.20726
basic,210,50,0.08153,0.60482,0.46274,0.54726,0.06697,0.09156,0.08912,0.20509
basic,210,50,0.10411,0.61121,0.47695,0.54277,0.06921,0.08695,0.09433,0.20675
basic,210,50,0.13294,0.60588,0.48285,0.5414,0.07463,0.0844,0.09257,0.207
basic,210,50,0.16975,0.61102,0.49541,0.53615,0.0759,0.08401,0.09771,0.20624
basic,210,50,0.21677,0.60348,0.51633,0.53484,0.07913,0.08714,0.10133,0.19756
basic,210,50,0.2768,0.57517,0.52566,0.53097,0.0918,0.08197,0.10052,0.19473
basic,210,50,0.35345,0.59516,0.56244,0.51456,0.09253,0.07816,0.11552,0.19923
basic,210,50,0.45134,0.58173,0.56767,0.51666,0.10094,0.0734,0.11616,0.19283
basic,210,50,0.57633,0.53844,0.63605,0.51655,0.1198,0.07529,0.11961,0.16876
basic,210,50,0.73594,0.53249,0.64294,0.50369,0.13416,0.06808,0.12537,0.1687
basic,210,50,0.93975,0.49089,0.65101,0.49827,0.15353,0.06781,0.12095,0.15944
basic,210,50,1.2,0.45806,0.66321,0.48252,0.17732,0.06266,0.11999,0.1575
basic,420,5,0.05,0.63247,0.10887,0.59159,0.00485,0.13696,0.00755,0.25905
basic,420,5,0.06385,0.62597,0.11169,0.59293,0.00585,0.13795,0.00755,0.25572
basic,420,5,0.08153,0.62962,0.11114,0.59134,0.00649,0.13684,0.00742,0.2579
basic,420,5,0.10411,0.63284,0.12103,0.58972,0.00715,0.13583,0.00809,0.25921
basic,420,5,0.13294,0.63808,0.15519,0.59077,0.00755,0.13325,0.0105,0.25793
basic,420,5,0.16975,0.63493,0.19003,0.59243,0.00979,0.13176,0.01259,0.25342
basic,420,5,0.21677,0.63447,0.23784,0.58806,0.01344,0.12972,0.01636,0.25241
basic,420,5,0.2768,0.63147,0.31476,0.58224,0.01704,0.12911,0.0222,0.24941
basic,420,5,0.35345,0.63336,0.44205,0.5765,0.02776,0.11892,0.03299,0.24383
basic,420,5,0.45134,0.6033,0.67928,0.57097,0.0468,0.11297,0.04948,0.21979
basic,420,5,0.57633,0.59728,0.93963,0.55583,0.06922,0.09461,0.07334,0.207
basic,420,5,0.73594,0.56291,1.18076,0.53128,0.10021,0.08469,0.09388,0.18994
basic,420,5,0.93975,0.52007,1.39322,0.50839,0.13353,0.07125,0.11324,0.17359
basic,420,5,1.2,0.44727,1.48979,0.48604,0.17856,0.06906,0.11042,0.15592
basic,420,10,0.05,0.63713,0.13382,0.59029,0.0093,0.13204,0.01423,0.25414
basic,420,10,0.06385,0.64114,0.14935,0.5889,0.00942,0.13232,0.01578,0.25357
basic,420,10,0.08153,0.6354,0.15451,0.58806,0.0112,0.13219,0.01625,0.25231
basic,420,10,0.10411,0.63062,0.16798,0.5857,0.01303,0.13241,0.01827,0.2506
basic,420,10,0.13294,0.63528,0.18491,0.58431,0.01473,0.12922,0.01962,0.25212
basic,420,10,0.16975,0.62984,0.21695,0.58498,0.0192,0.12691,0.02378,0.24514
basic,420,10,0.21677,0.61856,0.26772,0.58192,0.02529,0.12598,0.02945,0.23735
basic,420,10,0.2768,0.62237,0.34766,0.57567,0.03266,0.11768,0.03847,0.23552
basic,420,10,0.35345,0.61215,0.48764,0.56829,0.04765,0.10845,0.0554,0.22021
basic,420,10,0.45134,0.59402,0.60688,0.55502,0.07041,0.09336,0.07023,0.21097
basic,420,10,0.57633,0.56277,0.76395,0.54365,0.09337,0.08518,0.08826,0.18954
basic,420,10,0.73594,0.52684,0.92632,0.52523,0.12232,0.07722,0.10791,0.16732
basic,420,10,0.93975,0.49023,1.01863,0.50138,0.15378,0.06961,0.11826,0.15698
basic,420,10,1.2,0.44003,1.08402,0.48028,0.19176,0.06159,0.12045,0.14592
basic,420,20,0.05,0.62923,0.1939,0.58044,0.02085,0.12753,0.02788,0.2433
basic,420,20,0.06385,0.63703,0.19886,0.57955,0.02089,0.12428,0.02925,0.24603
basic,420,20,0.08153,0.63806,0.21715,0.577,0.02361,0.12228,0.03156,0.24555
basic,420,20,0.10411,0.62762,0.24544,0.57645,0.02575,0.12358,0.03671,0.23752
basic,420,20,0.13294,0.62728,0.27295,0.57459,0.03052,0.11916,0.04095,0.23478
basic,420,20,0.16975,0.63462,0.30159,0.57116,0.03584,0.11059,0.04653,0.23589
basic,420,20,0.21677,0.62031,0.34609,0.56853,0.04349,0.10899,0.05328,0.2257
basic,420,20,0.2768,0.60384,0.4208,0.56022,0.05901,0.103,0.0654,0.21238
basic,420,20,0.35345,0.59236,0.51454,0.55388,0.07162,0.0963,0.07861,0.19959
basic,420,20,0.45134,0.57362,0.59288,0.53715,0.09195,0.08502,0.09555,0.19033
basic,420,20,0.57633,0.56005,0.70518,0.52122,0.11256,0.07522,0.11682,0.17419
basic,420,20,0.73594,0.51541,0.74806,0.5055,0.14317,0.06848,0.119,0.16385
basic,420,20,0.93975,0.47227,0.84572,0.49112,0.17635,0.0589,0.13047,0.14315
basic,420,20,1.2,0.43685,0.8994,0.46784,0.20717,0.05277,0.13746,0.13476
basic,420,50,0.05,0.62124,0.35314,0.55754,0.04861,0.10719,0.0691,0.21756
basic,420,50,0.06385,0.62131,0.36388,0.55513,0.04976,0.10608,0.0726,0.21643
basic,420,50,0.08153,0.62932,0.39165,0.55049,0.05187,0.10412,0.07947,0.21405
basic,420,50,0.10411,0.61595,0.39924,0.54872,0.05983,0.10183,0.07943,0.21019
basic,420,50,0.13294,0.61094,0.42148,0.54411,0.06595,0.09878,0.08491,0.20625
basic,420,50,0.16975,0.61528,0.45387,0.53855,0.07324,0.08965,0.09399,0.20457
basic,420,50,0.21677,0.59067,0.4893,0.53594,0.0835,0.08936,0.09932,0.19189
basic,420,50,0.2768,0.57655,0.55241,0.52898,0.09918,0.08263,0.11211,0.1771
basic,420,50,0.35345,0.56281,0.59321,0.51326,0.11206,0.07997,0.12395,0.17077
basic,420,50,0.45134,0.53541,0.63474,0.50639,0.13223,0.07223,0.13006,0.15909
basic,420,50,0.57633,0.50902,0.68181,0.49374,0.15778,0.06067,0.13996,0.14785
basic,420,50,0.73594,0.50333,0.72502,0.47628,0.17497,0.05474,0.14916,0.14485
basic,420,50,0.93975,0.46085,0.76901,0.4681,0.19546,0.05534,0.15104,0.13006
basic,420,50,1.2,0.42002,0.77072,0.45756,0.22852,0.04448,0.14542,0.12401
basic,840,5,0.05,0.64557,0.08449,0.61572,0.00373,0.12343,0.00575,0.25136
basic,840,5,0.06385,0.63932,0.09753,0.61417,0.00495,0.12464,0.00653,0.24971
basic,840,5,0.08153,0.64437,0.12236,0.61334,0.00555,0.12226,0.00836,0.25049
basic,840,5,0.10411,0.64623,0.14814,0.61208,0.00702,0.12051,0.01027,0.25013
basic,840,5,0.13294,0.64168,0.22063,0.60803,0.0109,0.12002,0.01532,0.24572
basic,840,5,0.16975,0.6377,0.31646,0.60207,0.0162,0.11759,0.02271,0.24143
basic,840,5,0.21677,0.62826,0.494,0.5934,0.02518,0.11439,0.03675,0.23028
basic,840,5,0.2768,0.6066,0.72074,0.58148,0.04318,0.1086,0.05309,0.21364
basic,840,5,0.35345,0.59071,0.96012,0.55947,0.06324,0.10103,0.07502,0.20125
basic,840,5,0.45134,0.56199,1.18826,0.52888,0.09613,0.08945,0.09732,0.18822
basic,840,5,0.57633,0.52706,1.45477,0.49563,0.13449,0.07831,0.12295,0.16862
basic,840,5,0.73594,0.46413,1.63337,0.46056,0.18861,0.06708,0.13505,0.1487
basic,840,5,0.93975,0.38508,1.724,0.42339,0.2545,0.05809,0.13314,0.13087
basic,840,5,1.2,0.34381,1.86348,0.38664,0.30626,0.05246,0.13647,0.11818
basic,840,10,0.05,0.64482,0.1027,0.61056,0.00732,0.12129,0.01075,0.25009
basic,840,10,0.06385,0.64376,0.12482,0.6087,0.00742,0.12248,0.01252,0.24888
basic,840,10,0.08153,0.64384,0.15262,0.60795,0.00923,0.12088,0.01593,0.24602
basic,840,10,0.10411,0.6398,0.17923,0.60425,0.01336,0.1188,0.01891,0.24468
basic,840,10,0.13294,0.64509,0.25066,0.59573,0.01545,0.11798,0.0277,0.24315
basic,840,10,0.16975,0.62116,0.32821,0.59364,0.028,0.11475,0.03566,0.22796
basic,840,10,0.21677,0.62265,0.46803,0.57823,0.03839,0.10895,0.05337,0.22107
basic,840,10,0.2768,0.59651,0.58954,0.56451,0.05883,0.10154,0.06814,0.20698
basic,840,10,0.35345,0.58514,0.73781,0.54035,0.07785,0.09521,0.09047,0.19612
basic,840,10,0.45134,0.54888,0.90866,0.51447,0.11302,0.08581,0.11307,0.17363
basic,840,10,0.57633,0.50713,1.06164,0.48815,0.15238,0.07468,0.13194,0.15285
basic,840,10,0.73594,0.44715,1.15024,0.46043,0.20053,0.06465,0.13942,0.13497
basic,840,10,0.93975,0.41774,1.26373,0.42679,0.24117,0.05315,0.15594,0.12295
basic,840,10,1.2,0.34981,1.32126,0.39771,0.29999,0.04586,0.14703,0.10941
basic,840,20,0.05,0.64155,0.13745,0.60404,0.01317,0.11891,0.01917,0.24471
basic,840,20,0.06385,0.64112,0.16014,0.60097,0.01489,0.11837,0.02295,0.24282
basic,840,20,0.08153,0.63496,0.18029,0.59936,0.01835,0.11761,0.02618,0.23849
basic,840,20,0.10411,0.63167,0.22279,0.59235,0.02287,0.11651,0.03284,0.23544
basic,840,20,0.13294,0.6307,0.29683,0.58654,0.02867,0.11324,0.04391,0.22764
basic,840,20,0.16975,0.61303,0.3628,0.57882,0.04082,0.10867,0.05531,0.21638
basic,840,20,0.21677,0.60707,0.45093,0.56145,0.05485,0.10355,0.07062,0.20953
basic,840,20,0.2768,0.58116,0.55429,0.54271,0.07607,0.09903,0.08883,0.19336
basic,840,20,0.35345,0.55121,0.6738,0.52595,0.10547,0.0877,0.10832,0.17256
basic,840,20,0.45134,0.51697,0.77278,0.50134,0.14005,0.07743,0.12643,0.15475
basic,840,20,0.57633,0.48879,0.85443,0.47904,0.17053,0.06642,0.1424,0.14161
basic,840,20,0.73594,0.45625,0.94335,0.45509,0.20701,0.0563,0.15662,0.12499
basic,840,20,0.93975,0.41238,0.9794,0.43149,0.24196,0.0511,0.15918,0.11628
basic,840,20,1.2,0.36415,1.0238,0.40358,0.29051,0.04331,0.15806,0.10454
basic,840,50,0.05,0.63657,0.24718,0.58242,0.03028,0.11077,0.04644,0.23008
basic,840,50,0.06385,0.62742,0.2752,0.58218,0.03514,0.10864,0.05144,0.22261
basic,840,50,0.08153,0.61793,0.30014,0.57486,0.04235,0.10805,0.05641,0.21832
basic,840,50,0.10411,0.60943,0.34454,0.5676,0.05075,0.10421,0.06648,0.21095
basic,840,50,0.13294,0.6068,0.39593,0.55776,0.06049,0.09851,0.0781,0.20515
basic,840,50,0.16975,0.58978,0.46839,0.54716,0.0726,0.09797,0.09265,0.18963
basic,840,50,0.21677,0.57418,0.51299,0.52811,0.09273,0.0892,0.10568,0.18427
basic,840,50,0.2768,0.55072,0.60186,0.51542,0.11395,0.0837,0.12432,0.1626
basic,840,50,0.35345,0.53572,0.6589,0.49044,0.13802,0.07414,0.14201,0.15538
basic,840,50,0.45134,0.50231,0.71407,0.47537,0.16921,0.06516,0.15238,0.13788
basic,840,50,0.57633,0.47516,0.77096,0.45918,0.1969,0.05747,0.16256,0.12388
basic,840,50,0.73594,0.45352,0.79208,0.43946,0.21932,0.05128,0.1701,0.11985
basic,840,50,0.93975,0.4221,0.84964,0.42789,0.24819,0.04665,0.17515,0.10212
basic,840,50,1.2,0.37082,0.87321,0.41665,0.28839,0.0386,0.167,0.08936
basic,1680,5,0.05,0.67043,0.09346,0.63079,0.00387,0.10845,0.00649,0.2504
basic,1680,5,0.06385,0.67285,0.15029,0.6287,0.00545,0.10663,0.01056,0.24865
basic,1680,5,0.08153,0.66769,0.22918,0.62598,0.00951,0.10506,0.01628,0.24317
basic,1680,5,0.10411,0.65951,0.38287,0.61525,0.01637,0.10437,0.02783,0.23618
basic,1680,5,0.13294,0.65057,0.61757,0.60055,0.02968,0.09833,0.04634,0.2251
basic,1680,5,0.16975,0.63392,0.91166,0.57771,0.04632,0.09423,0.07294,0.20879
basic,1680,5,0.21677,0.60517,1.16171,0.55031,0.0722,0.08798,0.09698,0.19253
basic,1680,5,0.2768,0.5633,1.39845,0.52063,0.10409,0.08331,0.11878,0.17318
basic,1680,5,0.35345,0.51823,1.56863,0.4883,0.14164,0.07646,0.13581,0.15779
basic,1680,5,0.45134,0.47361,1.74268,0.45441,0.18679,0.06851,0.14952,0.14077
basic,1680,5,0.57633,0.41712,1.86723,0.416,0.24326,0.06001,0.15602,0.1247
basic,1680,5,0.73594,0.32838,1.88861,0.36531,0.33004,0.05169,0.14199,0.11097
basic,1680,5,0.93975,0.23825,1.83339,0.31807,0.42953,0.04318,0.11247,0.09675
basic,1680,5,1.2,0.21871,1.98067,0.27385,0.48206,0.03753,0.12039,0.08617
basic,1680,10,0.05,0.67263,0.12847,0.6271,0.00733,0.10554,0.01325,0.24678
basic,1680,10,0.06385,0.66335,0.17703,0.62541,0.01139,0.10486,0.01873,0.2396
basic,1680,10,0.08153,0.66242,0.25731,0.61544,0.01656,0.10303,0.02763,0.23733
basic,1680,10,0.10411,0.65789,0.39391,0.60434,0.02594,0.09859,0.04388,0.22725
basic,1680,10,0.13294,0.6356,0.54942,0.58812,0.04218,0.0946,0.06355,0.21154
basic,1680,10,0.16975,0.61405,0.70145,0.56518,0.06222,0.08943,0.08466,0.1985
basic,1680,10,0.21677,0.58318,0.84262,0.53921,0.08852,0.0843,0.10483,0.18314
basic,1680,10,0.2768,0.55772,0.99722,0.51023,0.11733,0.07614,0.12933,0.16697
basic,1680,10,0.35345,0.52084,1.12649,0.48515,0.14828,0.07117,0.14739,0.14801
basic,1680,10,0.45134,0.48633,1.21498,0.4568,0.18393,0.06448,0.15964,0.13515
basic,1680,10,0.57633,0.44339,1.3154,0.43063,0.22903,0.05245,0.1696,0.11829
basic,1680,10,0.73594,0.37337,1.36683,0.39248,0.29166,0.04578,0.16584,0.10424
basic,1680,10,0.93975,0.29589,1.38078,0.3437,0.37546,0.04077,0.14878,0.09129
basic,1680,10,1.2,0.22854,1.41306,0.29376,0.45784,0.03629,0.13435,0.07775
basic,1680,20,0.05,0.6689,0.16437,0.61961,0.01448,0.10138,0.02364,0.24088
basic,1680,20,0.06385,0.66188,0.21766,0.61398,0.01889,0.10118,0.0316,0.23434
basic,1680,20,0.08153,0.65248,0.30241,0.60487,0.02788,0.09834,0.04479,0.22411
basic,1680,20,0.10411,0.64196,0.39364,0.58946,0.04,0.09424,0.06108,0.21522
basic,1680,20,0.13294,0.62522,0.50474,0.57072,0.05601,0.09052,0.08102,0.20174
basic,1680,20,0.16975,0.58814,0.62085,0.54998,0.08171,0.08551,0.10058,0.18221
basic,1680,20,0.21677,0.57231,0.72966,0.52419,0.10371,0.07889,0.12458,0.16863
basic,1680,20,0.2768,0.54271,0.80797,0.49845,0.13404,0.06966,0.14177,0.15608
basic,1680,20,0.35345,0.52102,0.9082,0.47373,0.15994,0.06423,0.16279,0.13932
basic,1680,20,0.45134,0.49105,0.96943,0.45295,0.19225,0.05436,0.1744,0.12604
basic,1680,20,0.57633,0.45075,1.03169,0.43522,0.22661,0.04867,0.17986,0.10965
basic,1680,20,0.73594,0.40997,1.07793,0.41075,0.26607,0.04205,0.18307,0.09805
basic,1680,20,0.93975,0.3349,1.10464,0.37292,0.33523,0.03688,0.17051,0.08445
basic,1680,20,1.2,0.25937,1.11028,0.32245,0.4209,0.03165,0.1497,0.0753
basic,1680,50,0.05,0.65303,0.2505,0.60215,0.02959,0.09709,0.04687,0.22431
basic,1680,50,0.06385,0.65168,0.31147,0.59182,0.0358,0.09482,0.05992,0.21764
basic,1680,50,0.08153,0.63914,0.38322,0.58052,0.04692,0.09152,0.07591,0.20513
basic,1680,50,0.10411,0.62368,0.45,0.56295,0.06285,0.08642,0.09263,0.19515
basic,1680,50,0.13294,0.60074,0.52814,0.54515,0.08208,0.08205,0.11097,0.17975
basic,1680,50,0.16975,0.57838,0.60561,0.52091,0.10468,0.07619,0.1327,0.16553
basic,1680,50,0.21677,0.55222,0.66997,0.49968,0.13227,0.06881,0.14807,0.15118
basic,1680,50,0.2768,0.52552,0.72984,0.4786,0.15529,0.0654,0.16354,0.13716
basic,1680,50,0.35345,0.49928,0.77747,0.45912,0.18331,0.05718,0.17577,0.12462
basic,1680,50,0.45134,0.47769,0.83053,0.44102,0.21216,0.04776,0.18755,0.11151
basic,1680,50,0.57633,0.45283,0.86393,0.43022,0.23446,0.04308,0.19134,0.1009
basic,1680,50,0.73594,0.42935,0.89354,0.41515,0.25944,0.03691,0.1966,0.09189
basic,1680,50,0.93975,0.38551,0.91814,0.39847,0.29608,0.03316,0.19159,0.0807
basic,1680,50,1.2,0.31776,0.93398,0.36705,0.35393,0.03085,0.17729,0.07088
