access,w_eff,n_vis,n_nat,eps,T,rho,idle,solo_vis,solo_self,coll_vis,coll_txv,coll_self
rts,210,5,0,0.05,0.59296,1.0,0.940524,0.057723,0.011396,0.001753,0.00071,0.000614
rts,210,5,0,0.06385,0.62376,1.0,0.929747,0.068151,0.012659,0.002102,0.000861,0.000851
rts,210,5,0,0.08153,0.6386,1.0,0.918278,0.077473,0.014757,0.004248,0.001733,0.001677
rts,210,5,0,0.10411,0.64909,1.0,0.903261,0.089775,0.01969,0.006964,0.002836,0.002722
rts,210,5,0,0.13294,0.66136,1.0,0.886397,0.104631,0.020984,0.008973,0.00369,0.003907
rts,210,5,0,0.16975,0.67364,1.0,0.863266,0.123918,0.023136,0.012816,0.005526,0.004161
rts,210,5,0,0.21677,0.6756,1.0,0.836305,0.138409,0.026512,0.025285,0.010926,0.010756
rts,210,5,0,0.2768,0.68252,1.0,0.80461,0.159865,0.034362,0.035525,0.015394,0.016177
rts,210,5,0,0.35345,0.68162,1.0,0.763158,0.179545,0.035646,0.057297,0.025789,0.026555
rts,210,5,0,0.45134,0.68057,1.0,0.713687,0.202597,0.043008,0.083717,0.038058,0.037463
rts,210,5,0,0.57633,0.67206,1.0,0.655625,0.219338,0.04521,0.125037,0.060101,0.062966
rts,210,5,0,0.73594,0.65025,1.0,0.592176,0.231391,0.048147,0.176433,0.089769,0.092651
rts,210,5,0,0.93975,0.62839,1.0,0.518575,0.240712,0.051569,0.240712,0.124411,0.115691
rts,210,5,0,1.2,0.5861,1.0,0.44286,0.226015,0.045848,0.331126,0.173646,0.16794
rts,210,5,5,0.05,0.73366,0.16116,0.693588,0.014061,0.003487,0.005849,0.00117,0.001012
rts,210,5,5,0.06385,0.73337,0.16809,0.695088,0.014658,0.003693,0.005819,0.001186,0.001119
rts,210,5,5,0.08153,0.73295,0.18044,0.696001,0.015818,0.003787,0.005904,0.001203,0.001114
rts,210,5,5,0.10411,0.733,0.21841,0.696454,0.01934,0.004112,0.006891,0.0014,0.001334
rts,210,5,5,0.13294,0.73644,0.23162,0.690577,0.021131,0.004455,0.00948,0.001965,0.002284
rts,210,5,5,0.16975,0.7342,0.26043,0.688036,0.024797,0.004799,0.012113,0.00256,0.002285
rts,210,5,5,0.21677,0.73428,0.3037,0.686631,0.029199,0.006323,0.014369,0.003196,0.002759
rts,210,5,5,0.2768,0.72981,0.38451,0.681006,0.036097,0.007381,0.021105,0.00489,0.005305
rts,210,5,5,0.35345,0.73167,0.52904,0.674729,0.051203,0.010028,0.028079,0.007669,0.009202
rts,210,5,5,0.45134,0.73094,0.64872,0.657628,0.065592,0.012947,0.040186,0.011799,0.011237
rts,210,5,5,0.57633,0.72969,0.79836,0.638184,0.085193,0.017727,0.05688,0.018084,0.020533
rts,210,5,5,0.73594,0.71679,1.00124,0.611075,0.1062,0.021838,0.089042,0.034395,0.032887
rts,210,5,5,0.93975,0.70309,1.13495,0.575697,0.123392,0.027599,0.123124,0.052224,0.053992
rts,210,5,5,1.2,0.67794,1.20777,0.542766,0.127232,0.024247,0.167599,0.075753,0.076339
rts,210,5,10,0.05,0.71289,0.14161,0.598911,0.009958,0.002257,0.007966,0.00162,0.002655
rts,210,5,10,0.06385,0.71337,0.14766,0.597814,0.010261,0.002265,0.008529,0.001759,0.002399
rts,210,5,10,0.08153,0.7124,0.15591,0.599285,0.01073,0.002252,0.009008,0.001828,0.002649
rts,210,5,10,0.10411,0.71337,0.16017,0.597654,0.010932,0.0024,0.008932,0.001813,0.002133
rts,210,5,10,0.13294,0.71316,0.16396,0.59526,0.011113,0.002276,0.009908,0.002008,0.002142
rts,210,5,10,0.16975,0.71133,0.19842,0.598335,0.013481,0.002643,0.010441,0.002088,0.001983
rts,210,5,10,0.21677,0.71208,0.2375,0.594302,0.016453,0.002943,0.012306,0.002461,0.002541
rts,210,5,10,0.2768,0.71065,0.29916,0.592054,0.020531,0.003733,0.015065,0.003173,0.002933
rts,210,5,10,0.35345,0.71286,0.38564,0.587549,0.028075,0.005561,0.021158,0.004747,0.004747
rts,210,5,10,0.45134,0.70909,0.49353,0.587225,0.035427,0.007381,0.030596,0.007193,0.007515
rts,210,5,10,0.57633,0.7106,0.64607,0.575891,0.048713,0.007844,0.041283,0.010403,0.011284
rts,210,5,10,0.73594,0.6998,0.78366,0.557698,0.058799,0.009226,0.06293,0.018425,0.015836
rts,210,5,10,0.93975,0.68989,1.06297,0.54169,0.080215,0.017474,0.09191,0.031728,0.031783
rts,210,5,10,1.2,0.67256,1.35482,0.511583,0.098456,0.019305,0.1361,0.05364,0.054881
rts,210,5,20,0.05,0.63146,0.23503,0.509767,0.008264,0.001628,0.008014,0.001653,0.001628
rts,210,5,20,0.06385,0.63327,0.23824,0.510181,0.008296,0.00176,0.007667,0.001584,0.001508
rts,210,5,20,0.08153,0.6324,0.26449,0.509285,0.009034,0.002258,0.007654,0.001581,0.001506
rts,210,5,20,0.10411,0.63564,0.3006,0.507922,0.010267,0.002282,0.007479,0.001546,0.001394
rts,210,5,20,0.13294,0.63683,0.29786,0.508447,0.010288,0.002032,0.008002,0.001677,0.001651
rts,210,5,20,0.16975,0.63339,0.30386,0.5111,0.01041,0.002132,0.009156,0.001906,0.001756
rts,210,5,20,0.21677,0.63228,0.3241,0.511631,0.011131,0.002626,0.01088,0.002226,0.001751
rts,210,5,20,0.2768,0.63299,0.36216,0.512378,0.012503,0.002876,0.012128,0.002476,0.002126
rts,210,5,20,0.35345,0.63697,0.38196,0.511933,0.013259,0.003283,0.014775,0.003056,0.002399
rts,210,5,20,0.45134,0.63555,0.4347,0.509532,0.01515,0.003787,0.017296,0.003712,0.004166
rts,210,5,20,0.57633,0.6384,0.53388,0.50657,0.01939,0.004848,0.023855,0.005103,0.005996
rts,210,5,20,0.73594,0.63539,0.58238,0.50502,0.021604,0.005592,0.035201,0.008133,0.008387
rts,210,5,20,0.93975,0.63233,0.73606,0.497133,0.029183,0.00599,0.053906,0.014528,0.017459
rts,210,5,20,1.2,0.62752,1.23299,0.486597,0.045402,0.008721,0.083878,0.025164,0.024368
rts,210,20,0,0.05,0.67661,1.0,0.882353,0.108386,0.004816,0.009261,0.000956,0.001185
rts,210,20,0,0.06385,0.67516,1.0,0.86986,0.117445,0.005296,0.012695,0.001316,0.001713
rts,210,20,0,0.08153,0.69088,1.0,0.853419,0.132331,0.008168,0.01425,0.001494,0.001477
rts,210,20,0,0.10411,0.69208,1.0,0.838123,0.143497,0.006998,0.01838,0.001927,0.001306
rts,210,20,0,0.13294,0.69848,1.0,0.817418,0.158278,0.007797,0.024304,0.002572,0.002835
rts,210,20,0,0.16975,0.70989,1.0,0.788549,0.183702,0.010186,0.027749,0.003056,0.004449
rts,210,20,0,0.21677,0.70402,1.0,0.758837,0.195837,0.011085,0.045326,0.005007,0.005419
rts,210,20,0,0.2768,0.70789,1.0,0.727896,0.214324,0.009406,0.05778,0.006698,0.005375
rts,210,20,0,0.35345,0.69721,1.0,0.691066,0.226108,0.012176,0.082826,0.009805,0.010052
rts,210,20,0,0.45134,0.69259,1.0,0.647434,0.24339,0.011042,0.109176,0.013157,0.013064
rts,210,20,0,0.57633,0.67456,1.0,0.598039,0.248473,0.0135,0.153488,0.01964,0.021054
rts,210,20,0,0.73594,0.66963,1.0,0.549151,0.264196,0.012867,0.186653,0.024987,0.027449
rts,210,20,0,0.93975,0.64885,1.0,0.497643,0.259298,0.011699,0.243059,0.037175,0.039113
rts,210,20,0,1.2,0.62423,1.0,0.442083,0.25653,0.01243,0.301387,0.054882,0.055666
rts,210,20,5,0.05,0.74113,0.3238,0.674339,0.048837,0.001461,0.020582,0.001206,0.001218
rts,210,20,5,0.06385,0.73668,0.33619,0.674192,0.049718,0.001801,0.024138,0.001447,0.001201
rts,210,20,5,0.08153,0.73802,0.34948,0.671163,0.052619,0.001701,0.024183,0.001446,0.001458
rts,210,20,5,0.10411,0.73868,0.36073,0.667771,0.056701,0.002946,0.026632,0.001559,0.001841
rts,210,20,5,0.13294,0.7369,0.40461,0.664242,0.063748,0.00185,0.02947,0.001745,0.001603
rts,210,20,5,0.16975,0.73689,0.44728,0.661414,0.069975,0.002233,0.036228,0.002277,0.001861
rts,210,20,5,0.21677,0.73317,0.4716,0.65388,0.075722,0.003124,0.043109,0.002874,0.001999
rts,210,20,5,0.2768,0.73346,0.53374,0.649007,0.085472,0.004299,0.052219,0.003597,0.002529
rts,210,20,5,0.35345,0.72757,0.59739,0.632548,0.099524,0.003219,0.065791,0.005208,0.005536
rts,210,20,5,0.45134,0.73125,0.6577,0.618978,0.11416,0.005086,0.072671,0.005962,0.004818
rts,210,20,5,0.57633,0.71455,0.71588,0.599444,0.120815,0.006352,0.10348,0.009719,0.009263
rts,210,20,5,0.73594,0.70093,0.80692,0.575127,0.134774,0.007206,0.132239,0.013818,0.012276
rts,210,20,5,0.93975,0.69447,0.86511,0.554314,0.146245,0.005588,0.156058,0.018223,0.017718
rts,210,20,5,1.2,0.67792,0.88995,0.523094,0.150007,0.007721,0.188336,0.027926,0.031849
rts,210,20,10,0.05,0.71472,0.29942,0.578889,0.042388,0.00277,0.024796,0.001406,0.001385
rts,210,20,10,0.06385,0.7166,0.31162,0.577068,0.044379,0.00322,0.025059,0.001407,0.00154
rts,210,20,10,0.08153,0.71655,0.31213,0.576928,0.044939,0.00322,0.025339,0.001435,0.00154
rts,210,20,10,0.10411,0.71784,0.31628,0.576593,0.045295,0.003095,0.031369,0.001737,0.002251
rts,210,20,10,0.13294,0.71683,0.34786,0.572695,0.051372,0.003378,0.034061,0.001949,0.00197
rts,210,20,10,0.16975,0.71003,0.35478,0.571784,0.051729,0.00332,0.038174,0.002248,0.001798
rts,210,20,10,0.21677,0.70539,0.37369,0.570882,0.053862,0.003691,0.04566,0.002727,0.002461
rts,210,20,10,0.2768,0.71318,0.38484,0.565771,0.058982,0.002687,0.048798,0.002878,0.003253
rts,210,20,10,0.35345,0.71347,0.44342,0.557551,0.06682,0.003449,0.057336,0.003729,0.005029
rts,210,20,10,0.45134,0.70456,0.51922,0.550184,0.07888,0.004665,0.072095,0.004941,0.00523
rts,210,20,10,0.57633,0.69875,0.5814,0.546855,0.086427,0.006023,0.09231,0.006976,0.008545
rts,210,20,10,0.73594,0.69034,0.66373,0.52903,0.09752,0.004228,0.116122,0.009893,0.011697
rts,210,20,10,0.93975,0.68382,0.77046,0.510823,0.116064,0.00712,0.137283,0.013223,0.011678
rts,210,20,10,1.2,0.66195,0.8378,0.480272,0.122331,0.007637,0.184557,0.023589,0.022203
rts,210,20,20,0.05,0.65182,0.35021,0.499063,0.032405,0.002544,0.029995,0.00156,0.001741
rts,210,20,20,0.06385,0.65213,0.35057,0.498524,0.033137,0.002549,0.029917,0.001563,0.001744
rts,210,20,20,0.08153,0.65096,0.34135,0.498193,0.032517,0.002409,0.032249,0.001673,0.00174
rts,210,20,20,0.10411,0.65137,0.362,0.497051,0.03445,0.002413,0.033244,0.001729,0.001743
rts,210,20,20,0.13294,0.64591,0.38467,0.496828,0.035289,0.002115,0.033836,0.001784,0.001322
rts,210,20,20,0.16975,0.64714,0.39394,0.496483,0.035965,0.001858,0.037027,0.001958,0.002256
rts,210,20,20,0.21677,0.64729,0.39615,0.497744,0.036634,0.002256,0.040085,0.00215,0.003318
rts,210,20,20,0.2768,0.65139,0.4193,0.493443,0.041233,0.001757,0.040287,0.002197,0.003245
rts,210,20,20,0.35345,0.64897,0.42849,0.492935,0.041448,0.002422,0.045216,0.002496,0.002153
rts,210,20,20,0.45134,0.6471,0.46184,0.49116,0.0442,0.002545,0.051165,0.00292,0.002947
rts,210,20,20,0.57633,0.65027,0.5293,0.484056,0.054102,0.003543,0.063505,0.003727,0.003816
rts,210,20,20,0.73594,0.63944,0.60711,0.481038,0.058816,0.003593,0.083566,0.005609,0.007452
rts,210,20,20,0.93975,0.63228,0.70222,0.474794,0.066065,0.003715,0.104802,0.007747,0.009154
rts,210,20,20,1.2,0.62419,0.80516,0.459833,0.074625,0.003984,0.135971,0.012077,0.01381
rts,210,50,0,0.05,0.70375,1.0,0.800372,0.170734,0.002955,0.028894,0.001221,0.001094
rts,210,50,0,0.06385,0.70721,1.0,0.78929,0.179162,0.00326,0.031548,0.001369,0.001397
rts,210,50,0,0.08153,0.70725,1.0,0.767811,0.193429,0.00443,0.03876,0.001676,0.001723
rts,210,50,0,0.10411,0.70798,1.0,0.750911,0.206816,0.004032,0.042274,0.001834,0.001821
rts,210,50,0,0.13294,0.71002,1.0,0.731401,0.219186,0.004003,0.049413,0.002189,0.00207
rts,210,50,0,0.16975,0.71002,1.0,0.707755,0.230469,0.005064,0.061777,0.00276,0.002315
rts,210,50,0,0.21677,0.70925,1.0,0.68,0.246154,0.004308,0.073846,0.003348,0.002308
rts,210,50,0,0.2768,0.7057,1.0,0.645039,0.256735,0.004763,0.098226,0.004534,0.004435
rts,210,50,0,0.35345,0.70622,1.0,0.612448,0.275279,0.005753,0.112273,0.005345,0.006799
rts,210,50,0,0.45134,0.69094,1.0,0.581882,0.269861,0.005052,0.148258,0.007348,0.006794
rts,210,50,0,0.57633,0.68567,1.0,0.539264,0.284093,0.006956,0.176643,0.009174,0.008603
rts,210,50,0,0.73594,0.67831,1.0,0.509228,0.283051,0.005273,0.207721,0.011292,0.012618
rts,210,50,0,0.93975,0.64974,1.0,0.476892,0.269287,0.00564,0.253821,0.016288,0.019651
rts,210,50,0,1.2,0.6286,1.0,0.433048,0.256513,0.004008,0.310439,0.023778,0.025323
rts,210,50,5,0.05,0.74519,0.53042,0.630022,0.105944,0.001789,0.047744,0.001318,0.00055
rts,210,50,5,0.06385,0.74544,0.52952,0.626822,0.106345,0.001944,0.054283,0.001527,0.000833
rts,210,50,5,0.08153,0.74241,0.53624,0.627617,0.107979,0.00219,0.056521,0.001596,0.001095
rts,210,50,5,0.10411,0.7434,0.54243,0.622837,0.110727,0.001384,0.058547,0.001725,0.001522
rts,210,50,5,0.13294,0.73839,0.59817,0.621005,0.119776,0.002868,0.06501,0.001934,0.002458
rts,210,50,5,0.16975,0.73258,0.61194,0.614745,0.122513,0.001908,0.074952,0.00233,0.002726
rts,210,50,5,0.21677,0.73451,0.62348,0.604677,0.127013,0.002381,0.082201,0.002616,0.002661
rts,210,50,5,0.2768,0.72825,0.66977,0.599557,0.134035,0.003323,0.089587,0.002994,0.002908
rts,210,50,5,0.35345,0.72468,0.69839,0.589131,0.139983,0.002654,0.103101,0.003568,0.002515
rts,210,50,5,0.45134,0.72235,0.74846,0.576146,0.152291,0.00427,0.113863,0.004264,0.003985
rts,210,50,5,0.57633,0.70617,0.75742,0.560766,0.150943,0.002497,0.135405,0.005519,0.004856
rts,210,50,5,0.73594,0.69944,0.79238,0.539444,0.162741,0.00298,0.158201,0.006986,0.005959
rts,210,50,5,0.93975,0.67937,0.82492,0.53076,0.156322,0.003001,0.181694,0.009014,0.007502
rts,210,50,5,1.2,0.65663,0.85094,0.506634,0.155207,0.003485,0.217665,0.014379,0.014877
rts,210,50,10,0.05,0.70987,0.44899,0.548252,0.08119,0.001734,0.068188,0.001757,0.0013
rts,210,50,10,0.06385,0.71148,0.46252,0.549559,0.085226,0.001736,0.068731,0.001754,0.001736
rts,210,50,10,0.08153,0.71437,0.48691,0.549825,0.090763,0.001894,0.067453,0.001734,0.001457
rts,210,50,10,0.10411,0.71199,0.47501,0.547225,0.088201,0.001889,0.067858,0.001799,0.001162
rts,210,50,10,0.13294,0.71129,0.47478,0.542489,0.090537,0.002633,0.072693,0.00196,0.000878
rts,210,50,10,0.16975,0.71484,0.50129,0.537494,0.09789,0.002994,0.076785,0.002104,0.001497
rts,210,50,10,0.21677,0.71361,0.50691,0.533453,0.09886,0.00165,0.082058,0.002289,0.00255
rts,210,50,10,0.2768,0.70908,0.54975,0.537274,0.10322,0.002206,0.093075,0.002614,0.002353
rts,210,50,10,0.35345,0.70806,0.56695,0.524671,0.111394,0.002691,0.100927,0.003026,0.002542
rts,210,50,10,0.45134,0.69518,0.60161,0.519206,0.113785,0.001739,0.118858,0.003815,0.003769
rts,210,50,10,0.57633,0.6849,0.64559,0.5058,0.121665,0.00203,0.139356,0.004791,0.00348
rts,210,50,10,0.73594,0.67838,0.6975,0.499857,0.128,0.002714,0.153571,0.00566,0.005
rts,210,50,10,0.93975,0.66971,0.71604,0.487289,0.127678,0.002714,0.180377,0.007855,0.007284
rts,210,50,10,1.2,0.65679,0.78221,0.474131,0.13274,0.002969,0.206107,0.010755,0.008199
rts,210,50,20,0.05,0.64873,0.47957,0.474719,0.066491,0.001247,0.074387,0.00179,0.002493
rts,210,50,20,0.06385,0.64664,0.49373,0.472818,0.068059,0.001245,0.074976,0.001801,0.002767
rts,210,50,20,0.08153,0.647,0.49844,0.476773,0.067345,0.000687,0.075866,0.001817,0.002611
rts,210,50,20,0.10411,0.64862,0.48719,0.473808,0.067212,0.00097,0.076912,0.00186,0.002633
rts,210,50,20,0.13294,0.64707,0.49749,0.472642,0.070647,0.001524,0.080898,0.001998,0.002493
rts,210,50,20,0.16975,0.64371,0.50259,0.477923,0.070455,0.001772,0.084628,0.002112,0.002453
rts,210,50,20,0.21677,0.63686,0.52705,0.475711,0.070451,0.001744,0.089775,0.002276,0.002281
rts,210,50,20,0.2768,0.63848,0.5238,0.471941,0.070453,0.001893,0.091819,0.00228,0.002028
rts,210,50,20,0.35345,0.64709,0.55339,0.469739,0.076485,0.001249,0.099944,0.002526,0.002082
rts,210,50,20,0.45134,0.63298,0.58224,0.470509,0.076676,0.001609,0.107373,0.002898,0.002949
rts,210,50,20,0.57633,0.63554,0.60776,0.465195,0.082611,0.001219,0.116062,0.003199,0.002438
rts,210,50,20,0.73594,0.64236,0.61241,0.458939,0.086732,0.001816,0.129609,0.003916,0.002654
rts,210,50,20,0.93975,0.62473,0.68942,0.453493,0.091668,0.000942,0.158837,0.005293,0.004846
rts,210,50,20,1.2,0.61287,0.69094,0.447907,0.089661,0.00132,0.183283,0.007115,0.007263
rts,420,5,0,0.05,0.67413,1.0,0.92543,0.070656,0.014553,0.003914,0.001591,0.001581
rts,420,5,0,0.06385,0.69058,1.0,0.908627,0.083865,0.017712,0.007508,0.003079,0.00316
rts,420,5,0,0.08153,0.70679,1.0,0.889387,0.100168,0.019373,0.010445,0.004313,0.004346
rts,420,5,0,0.10411,0.71831,1.0,0.865287,0.118608,0.024646,0.016104,0.006787,0.007484
rts,420,5,0,0.13294,0.72706,1.0,0.837551,0.137692,0.028997,0.024757,0.010569,0.010578
rts,420,5,0,0.16975,0.72533,1.0,0.800135,0.158528,0.03181,0.041337,0.017899,0.017909
rts,420,5,0,0.21677,0.73172,1.0,0.76237,0.182281,0.037439,0.055349,0.024284,0.025458
rts,420,5,0,0.2768,0.72768,1.0,0.712916,0.207169,0.042236,0.079916,0.036346,0.036047
rts,420,5,0,0.35345,0.71609,1.0,0.650958,0.224368,0.043845,0.124674,0.059101,0.060249
rts,420,5,0,0.45134,0.69736,1.0,0.580898,0.234467,0.043843,0.184635,0.092445,0.09072
rts,420,5,0,0.57633,0.67148,1.0,0.507521,0.242564,0.051026,0.249915,0.128821,0.12735
rts,420,5,0,0.73594,0.61975,1.0,0.412704,0.221229,0.041454,0.366068,0.203059,0.204012
rts,420,5,0,0.93975,0.586,1.0,0.342835,0.214176,0.044418,0.442988,0.245371,0.253999
rts,420,5,0,1.2,0.44179,1.0,0.22873,0.139687,0.027159,0.631583,0.393804,0.397594
rts,420,5,5,0.05,0.74788,0.12442,0.700125,0.011332,0.002386,0.005308,0.001074,0.001014
rts,420,5,5,0.06385,0.74653,0.13608,0.700776,0.012443,0.002192,0.006103,0.001232,0.001481
rts,420,5,5,0.08153,0.74998,0.14573,0.695763,0.014508,0.002914,0.006009,0.00125,0.001153
rts,420,5,5,0.10411,0.75018,0.1714,0.693488,0.016998,0.00373,0.008805,0.001871,0.001345
rts,420,5,5,0.13294,0.74872,0.23476,0.686838,0.023846,0.004893,0.012016,0.002614,0.002849
rts,420,5,5,0.16975,0.75175,0.29549,0.680434,0.03039,0.005646,0.015671,0.003477,0.003489
rts,420,5,5,0.21677,0.74955,0.42214,0.670707,0.043136,0.007415,0.023212,0.005545,0.005158
rts,420,5,5,0.2768,0.75236,0.59213,0.655547,0.0628,0.012155,0.036734,0.009818,0.008778
rts,420,5,5,0.35345,0.74474,0.79276,0.634192,0.08762,0.018643,0.059173,0.017842,0.016778
rts,420,5,5,0.45134,0.73897,0.99728,0.600784,0.115119,0.023227,0.089642,0.030863,0.028816
rts,420,5,5,0.57633,0.72624,1.17252,0.549827,0.140732,0.029672,0.138266,0.058775,0.059807
rts,420,5,5,0.73594,0.69475,1.32875,0.492006,0.152592,0.028407,0.211735,0.103244,0.099814
rts,420,5,5,0.93975,0.66256,1.41987,0.434197,0.157755,0.034555,0.28368,0.148416,0.144447
rts,420,5,5,1.2,0.52625,1.42899,0.319898,0.112025,0.020963,0.479105,0.301065,0.29516
rts,420,5,10,0.05,0.71925,0.10479,0.597854,0.007152,0.0011,0.005157,0.001045,0.001444
rts,420,5,10,0.06385,0.71822,0.11028,0.597877,0.007671,0.000959,0.005822,0.001178,0.001644
rts,420,5,10,0.08153,0.71945,0.11722,0.595731,0.008288,0.001105,0.006285,0.001271,0.001796
rts,420,5,10,0.10411,0.71774,0.13037,0.597549,0.008899,0.001438,0.008557,0.001739,0.001985
rts,420,5,10,0.13294,0.71558,0.14925,0.594999,0.010248,0.001776,0.01018,0.002063,0.00164
rts,420,5,10,0.16975,0.71558,0.20325,0.593587,0.014113,0.002055,0.011647,0.002384,0.002055
rts,420,5,10,0.21677,0.71671,0.3097,0.592903,0.020905,0.003576,0.015129,0.003218,0.002338
rts,420,5,10,0.2768,0.72215,0.41966,0.582816,0.030284,0.006142,0.023355,0.005328,0.005285
rts,420,5,10,0.35345,0.71776,0.61463,0.577104,0.045066,0.008259,0.038445,0.009469,0.010679
rts,420,5,10,0.45134,0.71515,0.85991,0.556694,0.064783,0.012078,0.066027,0.018754,0.018081
rts,420,5,10,0.57633,0.71627,1.1796,0.530345,0.094347,0.017945,0.093577,0.03207,0.032193
rts,420,5,10,0.73594,0.69381,1.47751,0.487401,0.113781,0.021076,0.158501,0.066729,0.065951
rts,420,5,10,0.93975,0.66785,1.71388,0.428129,0.132544,0.027081,0.24047,0.119234,0.124365
rts,420,5,10,1.2,0.56909,1.83381,0.334196,0.111902,0.024364,0.404916,0.238278,0.243065
rts,420,5,20,0.05,0.63219,0.19179,0.520831,0.006237,0.001434,0.006486,0.001335,0.00106
rts,420,5,20,0.06385,0.63212,0.20519,0.520222,0.006678,0.001623,0.006866,0.001411,0.001248
rts,420,5,20,0.08153,0.63221,0.21043,0.520402,0.006801,0.001622,0.007237,0.001485,0.001185
rts,420,5,20,0.10411,0.63134,0.21371,0.519496,0.006987,0.001809,0.00836,0.001697,0.001435
rts,420,5,20,0.13294,0.63353,0.23486,0.519126,0.007726,0.001821,0.009673,0.001985,0.001382
rts,420,5,20,0.16975,0.63212,0.25761,0.520232,0.00843,0.002373,0.009866,0.002023,0.001561
rts,420,5,20,0.21677,0.63097,0.33335,0.520411,0.010641,0.002054,0.012259,0.002564,0.002302
rts,420,5,20,0.2768,0.63463,0.38755,0.51717,0.013067,0.002588,0.015276,0.003257,0.003093
rts,420,5,20,0.35345,0.63478,0.49911,0.515593,0.017051,0.004057,0.020221,0.004412,0.004754
rts,420,5,20,0.45134,0.63408,0.68137,0.512417,0.023627,0.00489,0.034424,0.007736,0.008638
rts,420,5,20,0.57633,0.6404,0.9954,0.501743,0.035313,0.007299,0.049977,0.012428,0.01302
rts,420,5,20,0.73594,0.64015,1.48526,0.485159,0.055586,0.012412,0.083648,0.025715,0.025229
rts,420,5,20,0.93975,0.64106,1.95316,0.456057,0.076635,0.015072,0.132253,0.051203,0.048755
rts,420,5,20,1.2,0.59678,2.39609,0.388296,0.09096,0.018376,0.249629,0.130087,0.127924
rts,420,20,0,0.05,0.71988,1.0,0.877773,0.11272,0.006154,0.009507,0.000978,0.000884
rts,420,20,0,0.06385,0.73372,1.0,0.857687,0.12968,0.007404,0.012633,0.001322,0.001631
rts,420,20,0,0.08153,0.73735,1.0,0.836752,0.143153,0.007513,0.020095,0.002118,0.002351
rts,420,20,0,0.10411,0.73979,1.0,0.809007,0.16238,0.008315,0.028613,0.003109,0.003305
rts,420,20,0,0.13294,0.74302,1.0,0.773467,0.183971,0.008512,0.042562,0.004754,0.005443
rts,420,20,0,0.16975,0.74066,1.0,0.739414,0.199911,0.009772,0.060676,0.006863,0.007537
rts,420,20,0,0.21677,0.74083,1.0,0.696852,0.222826,0.011293,0.080322,0.0092,0.009034
rts,420,20,0,0.2768,0.73313,1.0,0.653875,0.235156,0.012842,0.110968,0.012997,0.012993
rts,420,20,0,0.35345,0.72025,1.0,0.605993,0.246264,0.013344,0.147743,0.018162,0.019097
rts,420,20,0,0.45134,0.71837,1.0,0.559579,0.266603,0.013578,0.173818,0.022252,0.023153
rts,420,20,0,0.57633,0.69712,1.0,0.513112,0.262056,0.01144,0.224833,0.030689,0.029127
rts,420,20,0,0.73594,0.68337,1.0,0.459257,0.267086,0.013322,0.273656,0.048462,0.049457
rts,420,20,0,0.93975,0.63954,1.0,0.395305,0.244776,0.012092,0.359918,0.07919,0.085801
rts,420,20,0,1.2,0.56106,1.0,0.303625,0.20101,0.009517,0.495366,0.148759,0.147302
rts,420,20,5,0.05,0.75399,0.22463,0.678992,0.036203,0.00135,0.017877,0.000981,0.001157
rts,420,20,5,0.06385,0.75639,0.25317,0.673757,0.042676,0.002298,0.017793,0.000975,0.00105
rts,420,20,5,0.08153,0.75281,0.29937,0.675184,0.048713,0.002329,0.022901,0.001297,0.001294
rts,420,20,5,0.10411,0.75468,0.33522,0.664178,0.05667,0.002734,0.027335,0.001583,0.001267
rts,420,20,5,0.13294,0.75265,0.39375,0.659653,0.066944,0.002613,0.033036,0.002067,0.002144
rts,420,20,5,0.16975,0.74833,0.4433,0.645273,0.078473,0.003811,0.046349,0.003131,0.002722
rts,420,20,5,0.21677,0.74922,0.52827,0.63019,0.094857,0.004456,0.05857,0.00406,0.004173
rts,420,20,5,0.2768,0.74825,0.62083,0.608313,0.117225,0.005843,0.075586,0.006139,0.006287
rts,420,20,5,0.35345,0.73819,0.71044,0.581267,0.137058,0.005141,0.10697,0.00945,0.008996
rts,420,20,5,0.45134,0.73134,0.79461,0.556699,0.153929,0.007116,0.13142,0.01286,0.012531
rts,420,20,5,0.57633,0.7221,0.86885,0.525607,0.171008,0.007567,0.165432,0.018216,0.018399
rts,420,20,5,0.73594,0.7023,0.92998,0.491125,0.176948,0.008517,0.21038,0.028855,0.029213
rts,420,20,5,0.93975,0.67624,0.96031,0.452651,0.176734,0.008573,0.263804,0.052423,0.055687
rts,420,20,5,1.2,0.59769,0.9844,0.370037,0.14674,0.00696,0.397216,0.12737,0.126667
rts,420,20,10,0.05,0.72104,0.19768,0.587019,0.028007,0.000917,0.018907,0.001016,0.001199
rts,420,20,10,0.06385,0.72256,0.20941,0.584295,0.029785,0.001283,0.021875,0.001201,0.00171
rts,420,20,10,0.08153,0.72372,0.22075,0.583733,0.032032,0.001147,0.023862,0.00129,0.001433
rts,420,20,10,0.10411,0.72369,0.25625,0.581462,0.036845,0.001655,0.026195,0.001421,0.002519
rts,420,20,10,0.13294,0.72366,0.29358,0.576026,0.043226,0.002034,0.032183,0.00178,0.001889
rts,420,20,10,0.16975,0.71969,0.33601,0.575032,0.04995,0.002444,0.038091,0.002217,0.002228
rts,420,20,10,0.21677,0.72051,0.40433,0.568079,0.059459,0.003214,0.049525,0.002995,0.002849
rts,420,20,10,0.2768,0.72739,0.48366,0.55317,0.075519,0.004523,0.058269,0.003849,0.003603
rts,420,20,10,0.35345,0.71872,0.59431,0.542003,0.092011,0.004269,0.080729,0.00571,0.005412
rts,420,20,10,0.45134,0.71785,0.70366,0.523379,0.111513,0.005029,0.108448,0.008515,0.008959
rts,420,20,10,0.57633,0.70807,0.80201,0.499004,0.12728,0.006531,0.142174,0.013759,0.014337
rts,420,20,10,0.73594,0.69399,0.90222,0.473776,0.1423,0.008197,0.182889,0.021062,0.020852
rts,420,20,10,0.93975,0.66985,0.98214,0.437914,0.1506,0.007021,0.243768,0.040951,0.03976
rts,420,20,10,1.2,0.61496,1.05353,0.370441,0.141185,0.007371,0.350304,0.101706,0.101976
rts,420,20,20,0.05,0.64019,0.24821,0.513977,0.021061,0.001095,0.020868,0.001098,0.000837
rts,420,20,20,0.06385,0.63949,0.26669,0.513045,0.022225,0.000902,0.022096,0.001153,0.000837
rts,420,20,20,0.08153,0.63932,0.27999,0.512025,0.023148,0.001032,0.022116,0.001151,0.000774
rts,420,20,20,0.10411,0.64163,0.29388,0.509679,0.025419,0.001043,0.024571,0.001294,0.001304
rts,420,20,20,0.13294,0.64534,0.30719,0.507035,0.027413,0.001387,0.02662,0.001423,0.001651
rts,420,20,20,0.16975,0.64297,0.35507,0.510192,0.030838,0.000784,0.030576,0.001676,0.001764
rts,420,20,20,0.21677,0.6486,0.37407,0.504045,0.03437,0.00127,0.034972,0.001936,0.002273
rts,420,20,20,0.2768,0.64189,0.42636,0.502112,0.03735,0.001782,0.045994,0.002557,0.002904
rts,420,20,20,0.35345,0.6503,0.50243,0.495914,0.045968,0.002043,0.057205,0.003361,0.00286
rts,420,20,20,0.45134,0.65095,0.59948,0.489203,0.056778,0.002829,0.075405,0.004743,0.00407
rts,420,20,20,0.57633,0.64821,0.74175,0.478861,0.07109,0.003628,0.096484,0.006743,0.008093
rts,420,20,20,0.73594,0.64664,0.87635,0.466152,0.086107,0.004249,0.126965,0.010101,0.010551
rts,420,20,20,0.93975,0.63616,0.98643,0.442917,0.096199,0.005655,0.178513,0.021165,0.021903
rts,420,20,20,1.2,0.608,1.16188,0.398023,0.108636,0.006374,0.256015,0.055074,0.056502
rts,420,50,0,0.05,0.74501,1.0,0.816922,0.160941,0.002914,0.022137,0.000928,0.000818
rts,420,50,0,0.06385,0.74387,1.0,0.797007,0.173497,0.003156,0.029497,0.001257,0.001633
rts,420,50,0,0.08153,0.75221,1.0,0.768446,0.195122,0.003423,0.036433,0.00158,0.001528
rts,420,50,0,0.10411,0.75122,1.0,0.744092,0.209307,0.004422,0.046601,0.002046,0.002178
rts,420,50,0,0.13294,0.7486,1.0,0.714075,0.223957,0.003939,0.061968,0.002774,0.002814
rts,420,50,0,0.16975,0.74657,1.0,0.67194,0.24564,0.004399,0.08242,0.003749,0.003396
rts,420,50,0,0.21677,0.74525,1.0,0.637684,0.262009,0.005227,0.100307,0.004714,0.004231
rts,420,50,0,0.2768,0.73262,1.0,0.5984,0.265379,0.004424,0.136221,0.006574,0.006977
rts,420,50,0,0.35345,0.73392,1.0,0.555821,0.289462,0.005246,0.154717,0.007623,0.008928
rts,420,50,0,0.45134,0.71651,1.0,0.519464,0.286273,0.005215,0.194263,0.009914,0.009592
rts,420,50,0,0.57633,0.70203,1.0,0.48251,0.282922,0.005425,0.234568,0.012443,0.011597
rts,420,50,0,0.73594,0.6883,1.0,0.455719,0.273637,0.004208,0.270644,0.016184,0.015898
rts,420,50,0,0.93975,0.66277,1.0,0.421053,0.260163,0.004265,0.318784,0.029503,0.030399
rts,420,50,0,1.2,0.6149,1.0,0.350548,0.232571,0.004719,0.416882,0.082477,0.071588
rts,420,50,5,0.05,0.75562,0.41071,0.647984,0.082016,0.002298,0.038432,0.000955,0.000975
rts,420,50,5,0.06385,0.75487,0.43425,0.642772,0.087427,0.002179,0.044908,0.00114,0.001195
rts,420,50,5,0.08153,0.75625,0.459,0.639106,0.093781,0.002775,0.045894,0.001184,0.001067
rts,420,50,5,0.10411,0.75671,0.50535,0.629146,0.103375,0.00226,0.053219,0.001404,0.000729
rts,420,50,5,0.13294,0.75537,0.51652,0.61418,0.111594,0.001874,0.064004,0.001788,0.001874
rts,420,50,5,0.16975,0.75397,0.58171,0.59957,0.130121,0.002383,0.074552,0.002226,0.001768
rts,420,50,5,0.21677,0.75285,0.65719,0.583089,0.147829,0.002768,0.089457,0.002889,0.00261
rts,420,50,5,0.2768,0.74785,0.69595,0.565596,0.15809,0.003544,0.110252,0.003914,0.004027
rts,420,50,5,0.35345,0.7407,0.75244,0.544203,0.174027,0.003359,0.132159,0.004982,0.00508
rts,420,50,5,0.45134,0.72533,0.79467,0.519779,0.180733,0.002356,0.165299,0.006796,0.005442
rts,420,50,5,0.57633,0.72095,0.82649,0.501818,0.19159,0.003883,0.180684,0.008154,0.006444
rts,420,50,5,0.73594,0.70546,0.86562,0.484947,0.190376,0.003895,0.215938,0.010583,0.010062
rts,420,50,5,0.93975,0.69048,0.88492,0.459497,0.190823,0.004208,0.247552,0.015776,0.016023
rts,420,50,5,1.2,0.64194,0.91022,0.411864,0.174126,0.003219,0.330779,0.05676,0.059856
rts,420,50,10,0.05,0.72919,0.37202,0.56142,0.071206,0.001523,0.045313,0.001075,0.001295
rts,420,50,10,0.06385,0.72742,0.3769,0.561177,0.072366,0.001821,0.048851,0.001174,0.001745
rts,420,50,10,0.08153,0.72563,0.39272,0.558215,0.076282,0.001894,0.05492,0.00133,0.001212
rts,420,50,10,0.10411,0.72575,0.4169,0.555301,0.079655,0.00122,0.059532,0.001456,0.001067
rts,420,50,10,0.13294,0.72842,0.45125,0.546144,0.088693,0.002188,0.064859,0.001599,0.001172
rts,420,50,10,0.16975,0.72447,0.49339,0.541184,0.098001,0.002178,0.078323,0.002021,0.001867
rts,420,50,10,0.21677,0.72376,0.56295,0.530904,0.113026,0.002134,0.091606,0.00251,0.00245
rts,420,50,10,0.2768,0.7194,0.59007,0.519442,0.118725,0.002231,0.105657,0.003146,0.003426
rts,420,50,10,0.35345,0.72221,0.653,0.50633,0.135975,0.002549,0.124055,0.004005,0.002877
rts,420,50,10,0.45134,0.71307,0.70411,0.489935,0.144113,0.002794,0.14781,0.005056,0.004519
rts,420,50,10,0.57633,0.70619,0.76345,0.475119,0.157357,0.002966,0.174246,0.006688,0.007497
rts,420,50,10,0.73594,0.70183,0.79888,0.454752,0.167004,0.002359,0.197337,0.008011,0.007162
rts,420,50,10,0.93975,0.67813,0.83447,0.439182,0.162478,0.003303,0.236104,0.014659,0.016191
rts,420,50,10,1.2,0.64827,0.88703,0.402333,0.160728,0.003784,0.301908,0.044983,0.046823
rts,420,50,20,0.05,0.65666,0.38447,0.491802,0.052536,0.000907,0.04828,0.001102,0.000837
rts,420,50,20,0.06385,0.65663,0.39037,0.492114,0.053385,0.000907,0.048709,0.001117,0.001117
rts,420,50,20,0.08153,0.65325,0.41814,0.489153,0.057363,0.001113,0.052079,0.001199,0.000904
rts,420,50,20,0.10411,0.66002,0.43412,0.48693,0.060591,0.001065,0.054553,0.001271,0.000781
rts,420,50,20,0.13294,0.66075,0.457,0.488014,0.063546,0.000851,0.059291,0.001401,0.001064
rts,420,50,20,0.16975,0.65627,0.46567,0.484703,0.063513,0.001621,0.068307,0.001616,0.001128
rts,420,50,20,0.21677,0.66241,0.5026,0.482491,0.070756,0.001079,0.077155,0.00187,0.001654
rts,420,50,20,0.2768,0.65923,0.53329,0.47837,0.076763,0.00122,0.087381,0.002184,0.002009
rts,420,50,20,0.35345,0.66522,0.59913,0.472546,0.086125,0.001033,0.1031,0.002703,0.00214
rts,420,50,20,0.45134,0.66172,0.6484,0.463638,0.094548,0.00148,0.114966,0.003112,0.002959
rts,420,50,20,0.57633,0.65831,0.68641,0.451975,0.103606,0.001646,0.143402,0.004388,0.004189
rts,420,50,20,0.73594,0.65459,0.77722,0.44603,0.114066,0.002017,0.162322,0.005392,0.005752
rts,420,50,20,0.93975,0.64579,0.81546,0.432019,0.118781,0.002241,0.195503,0.009063,0.008591
rts,420,50,20,1.2,0.62951,0.87658,0.412689,0.121726,0.002213,0.24242,0.023199,0.023829
rts,1680,5,0,0.05,0.75927,1.0,0.819934,0.144981,0.029345,0.035085,0.015044,0.015253
rts,1680,5,0,0.06385,0.75784,1.0,0.776457,0.167823,0.033427,0.05572,0.024398,0.024877
rts,1680,5,0,0.08153,0.75572,1.0,0.727787,0.190741,0.03693,0.081472,0.036437,0.036061
rts,1680,5,0,0.10411,0.75043,1.0,0.672804,0.21422,0.042193,0.112976,0.05152,0.051199
rts,1680,5,0,0.13294,0.74022,1.0,0.612477,0.232695,0.047579,0.154828,0.072321,0.071898
rts,1680,5,0,0.16975,0.73159,1.0,0.552968,0.251967,0.050943,0.195065,0.092629,0.092675
rts,1680,5,0,0.21677,0.71425,1.0,0.489871,0.258326,0.051993,0.251802,0.123937,0.12223
rts,1680,5,0,0.2768,0.69802,1.0,0.428452,0.264438,0.053119,0.30711,0.159474,0.162323
rts,1680,5,0,0.35345,0.64379,1.0,0.342839,0.23668,0.04557,0.420481,0.248391,0.248056
rts,1680,5,0,0.45134,0.59633,1.0,0.271281,0.211978,0.043345,0.516741,0.319554,0.320394
rts,1680,5,0,0.57633,0.409,1.0,0.163905,0.115757,0.022953,0.720338,0.495464,0.485622
rts,1680,5,0,0.73594,0.36873,1.0,0.118068,0.102861,0.019832,0.779071,0.489371,0.501842
rts,1680,5,0,0.93975,0.18449,1.0,0.074689,0.043155,0.008456,0.882155,0.584739,0.603297
rts,1680,5,0,1.2,0.31469,1.0,0.073704,0.084796,0.015754,0.8415,0.486706,0.492358
rts,1680,5,5,0.05,0.76234,0.20305,0.70703,0.019597,0.003586,0.007374,0.001621,0.001621
rts,1680,5,5,0.06385,0.76312,0.31777,0.69634,0.032277,0.006205,0.013535,0.003289,0.003215
rts,1680,5,5,0.08153,0.76701,0.48498,0.680428,0.051378,0.01035,0.021704,0.005755,0.005762
rts,1680,5,5,0.10411,0.76744,0.6972,0.654074,0.079219,0.014733,0.039029,0.011925,0.012665
rts,1680,5,5,0.13294,0.76322,0.91691,0.616105,0.112115,0.022637,0.067833,0.023692,0.023377
rts,1680,5,5,0.16975,0.75745,1.0962,0.571557,0.141902,0.028063,0.102973,0.039689,0.039137
rts,1680,5,5,0.21677,0.74646,1.27083,0.522429,0.170032,0.032921,0.151012,0.063882,0.062355
rts,1680,5,5,0.2768,0.73102,1.39446,0.466895,0.191195,0.036269,0.20735,0.095524,0.097001
rts,1680,5,5,0.35345,0.69583,1.49442,0.400677,0.194281,0.038216,0.297136,0.161189,0.158465
rts,1680,5,5,0.45134,0.64362,1.56032,0.326956,0.180428,0.034317,0.408513,0.241115,0.248338
rts,1680,5,5,0.57633,0.50813,1.58499,0.22428,0.121456,0.02365,0.599556,0.407804,0.413779
rts,1680,5,5,0.73594,0.42618,1.62467,0.153966,0.098953,0.020134,0.706484,0.439155,0.445022
rts,1680,5,5,0.93975,0.24633,1.47552,0.098879,0.043609,0.008558,0.829643,0.578388,0.557048
rts,1680,5,5,1.2,0.34397,1.70661,0.099601,0.077961,0.015531,0.795643,0.489025,0.477593
rts,1680,5,10,0.05,0.73836,0.11068,0.633874,0.007545,0.00157,0.004319,0.000884,0.000905
rts,1680,5,10,0.06385,0.73809,0.18292,0.63152,0.012771,0.002657,0.006977,0.001464,0.001388
rts,1680,5,10,0.08153,0.74062,0.31854,0.623345,0.022626,0.004279,0.012766,0.002845,0.002712
rts,1680,5,10,0.10411,0.74077,0.55288,0.612868,0.040602,0.00891,0.023484,0.00579,0.006421
rts,1680,5,10,0.13294,0.74155,0.82164,0.589929,0.063641,0.01285,0.042896,0.012197,0.012015
rts,1680,5,10,0.16975,0.74075,1.19302,0.559763,0.09705,0.018995,0.07069,0.022803,0.023402
rts,1680,5,10,0.21677,0.7376,1.48203,0.519795,0.128631,0.024586,0.103616,0.037734,0.038561
rts,1680,5,10,0.2768,0.72766,1.72774,0.47138,0.154,0.030052,0.157472,0.064729,0.063936
rts,1680,5,10,0.35345,0.70207,1.92482,0.412596,0.168625,0.031945,0.235824,0.116906,0.116212
rts,1680,5,10,0.45134,0.66464,2.08691,0.350333,0.170432,0.034374,0.332787,0.183908,0.185757
rts,1680,5,10,0.57633,0.54307,2.11081,0.245936,0.121983,0.023922,0.530274,0.352558,0.348496
rts,1680,5,10,0.73594,0.45698,2.1773,0.171491,0.098154,0.019359,0.65657,0.404977,0.402956
rts,1680,5,10,0.93975,0.27812,1.94301,0.106927,0.045117,0.009319,0.799181,0.583767,0.592129
rts,1680,5,10,1.2,0.37764,2.37889,0.103843,0.083842,0.016569,0.766615,0.471168,0.466583
rts,1680,5,20,0.05,0.6846,0.10905,0.568174,0.003946,0.000812,0.003034,0.000623,0.000614
rts,1680,5,20,0.06385,0.68595,0.14912,0.567095,0.005639,0.001168,0.003737,0.000754,0.000834
rts,1680,5,20,0.08153,0.68715,0.22994,0.563656,0.008795,0.001516,0.006639,0.001361,0.001466
rts,1680,5,20,0.10411,0.68659,0.35438,0.561601,0.013734,0.002433,0.011048,0.002368,0.002534
rts,1680,5,20,0.13294,0.68846,0.642,0.551882,0.025565,0.005591,0.019853,0.004597,0.004812
rts,1680,5,20,0.16975,0.69068,1.09804,0.538338,0.044632,0.009137,0.03503,0.008816,0.00878
rts,1680,5,20,0.21677,0.69202,1.60268,0.516021,0.067917,0.013348,0.06014,0.017898,0.017872
rts,1680,5,20,0.2768,0.68885,2.17106,0.483228,0.096555,0.018507,0.101908,0.035356,0.03523
rts,1680,5,20,0.35345,0.67996,2.61051,0.443107,0.1195,0.024223,0.15411,0.064909,0.064485
rts,1680,5,20,0.45134,0.65229,2.97486,0.387917,0.131021,0.026698,0.238946,0.120823,0.119144
rts,1680,5,20,0.57633,0.56727,3.09194,0.301129,0.110103,0.022775,0.401493,0.26328,0.261416
rts,1680,5,20,0.73594,0.48803,3.25186,0.224737,0.093688,0.018022,0.537877,0.328249,0.325487
rts,1680,5,20,0.93975,0.31883,2.96231,0.142866,0.047885,0.009648,0.715817,0.51632,0.506336
rts,1680,5,20,1.2,0.39047,3.65595,0.130184,0.079492,0.016545,0.706038,0.438147,0.426174
rts,1680,20,0,0.05,0.76467,1.0,0.774545,0.173127,0.009317,0.052328,0.005903,0.00551
rts,1680,20,0,0.06385,0.76272,1.0,0.729888,0.19621,0.010273,0.073902,0.008402,0.00866
rts,1680,20,0,0.08153,0.75921,1.0,0.683229,0.217167,0.010465,0.099603,0.011553,0.011741
rts,1680,20,0,0.10411,0.75507,1.0,0.633598,0.237674,0.011855,0.128729,0.015206,0.015877
rts,1680,20,0,0.13294,0.74841,1.0,0.585008,0.254911,0.012784,0.160081,0.019372,0.019872
rts,1680,20,0,0.16975,0.74368,1.0,0.540783,0.270891,0.013339,0.188325,0.023154,0.023682
rts,1680,20,0,0.21677,0.73441,1.0,0.499792,0.277226,0.013763,0.222982,0.027962,0.027295
rts,1680,20,0,0.2768,0.7293,1.0,0.463042,0.288781,0.014682,0.248177,0.031454,0.030953
rts,1680,20,0,0.35345,0.72243,1.0,0.432999,0.2931,0.015745,0.273901,0.035475,0.035117
rts,1680,20,0,0.45134,0.71365,1.0,0.401848,0.293243,0.01397,0.304909,0.043816,0.04564
rts,1680,20,0,0.57633,0.68482,1.0,0.359162,0.273787,0.013997,0.367052,0.08944,0.088819
rts,1680,20,0,0.73594,0.59415,1.0,0.266229,0.211855,0.011061,0.521916,0.151179,0.154228
rts,1680,20,0,0.93975,0.41184,1.0,0.154077,0.117903,0.005861,0.72802,0.432735,0.434693
rts,1680,20,0,1.2,0.35354,1.0,0.100514,0.098177,0.005508,0.801309,0.335809,0.337612
rts,1680,20,5,0.05,0.76707,0.30522,0.684612,0.051311,0.00281,0.020817,0.001311,0.001582
rts,1680,20,5,0.06385,0.7682,0.39828,0.666708,0.070889,0.00369,0.031322,0.002134,0.002013
rts,1680,20,5,0.08153,0.7685,0.502,0.641764,0.094816,0.004595,0.047642,0.003612,0.003864
rts,1680,20,5,0.10411,0.76449,0.6137,0.612657,0.121463,0.006114,0.071765,0.0061,0.00639
rts,1680,20,5,0.13294,0.76123,0.72608,0.578279,0.151178,0.007702,0.09969,0.009306,0.009565
rts,1680,20,5,0.16975,0.75455,0.80364,0.540191,0.174189,0.008504,0.1329,0.013302,0.01402
rts,1680,20,5,0.21677,0.74857,0.87192,0.503688,0.195538,0.009398,0.165162,0.017441,0.01806
rts,1680,20,5,0.2768,0.74023,0.93401,0.472678,0.211818,0.010119,0.199416,0.022085,0.022285
rts,1680,20,5,0.35345,0.73064,0.99599,0.448026,0.225163,0.011502,0.232207,0.026643,0.028294
rts,1680,20,5,0.45134,0.72221,1.03159,0.423369,0.233094,0.012162,0.261328,0.031854,0.030225
rts,1680,20,5,0.57633,0.70341,1.0659,0.391364,0.232384,0.012218,0.307995,0.057866,0.060735
rts,1680,20,5,0.73594,0.63737,1.08412,0.323294,0.196514,0.008888,0.42819,0.110487,0.103418
rts,1680,20,5,0.93975,0.46918,1.08308,0.202745,0.117292,0.005696,0.645965,0.385733,0.379612
rts,1680,20,5,1.2,0.38513,1.10246,0.13192,0.092991,0.004507,0.749979,0.315893,0.313245
rts,1680,20,10,0.05,0.74114,0.19295,0.620052,0.027603,0.001422,0.015801,0.000868,0.000764
rts,1680,20,10,0.06385,0.74265,0.27506,0.613755,0.040214,0.002012,0.022055,0.001305,0.001486
rts,1680,20,10,0.08153,0.74344,0.36796,0.599622,0.056387,0.003014,0.032761,0.002052,0.002059
rts,1680,20,10,0.10411,0.7442,0.49351,0.580422,0.078429,0.004201,0.050156,0.003557,0.003673
rts,1680,20,10,0.13294,0.74262,0.61886,0.554845,0.102944,0.00507,0.073917,0.005761,0.006623
rts,1680,20,10,0.16975,0.73847,0.74866,0.52564,0.129394,0.006384,0.105222,0.009144,0.009171
rts,1680,20,10,0.21677,0.73431,0.87677,0.493814,0.155565,0.008107,0.139084,0.013043,0.012349
rts,1680,20,10,0.2768,0.73061,0.95402,0.463573,0.174463,0.008954,0.170794,0.017207,0.016985
rts,1680,20,10,0.35345,0.72226,1.03301,0.438924,0.190461,0.008787,0.204763,0.021724,0.021734
rts,1680,20,10,0.45134,0.71401,1.10022,0.41615,0.202472,0.009837,0.239461,0.026671,0.02727
rts,1680,20,10,0.57633,0.70428,1.15298,0.391029,0.211314,0.009646,0.276794,0.040066,0.042078
rts,1680,20,10,0.73594,0.62921,1.19707,0.317861,0.176227,0.009147,0.418409,0.1057,0.103076
rts,1680,20,10,0.93975,0.47055,1.17694,0.201022,0.108471,0.00607,0.630752,0.384776,0.384138
rts,1680,20,10,1.2,0.40139,1.21731,0.13604,0.090835,0.00487,0.728309,0.311322,0.306969
rts,1680,20,20,0.05,0.68799,0.17133,0.560841,0.016192,0.000714,0.011451,0.000595,0.000578
rts,1680,20,20,0.06385,0.68958,0.21811,0.557707,0.021033,0.001116,0.014714,0.000788,0.000841
rts,1680,20,20,0.08153,0.68858,0.29378,0.55391,0.028267,0.001639,0.020674,0.001158,0.001346
rts,1680,20,20,0.10411,0.68928,0.40341,0.545047,0.040071,0.001741,0.032335,0.001931,0.001934
rts,1680,20,20,0.13294,0.69296,0.54602,0.530047,0.057042,0.002796,0.046752,0.002996,0.002851
rts,1680,20,20,0.16975,0.69535,0.71796,0.511471,0.078229,0.004246,0.067092,0.004814,0.004455
rts,1680,20,20,0.21677,0.69705,0.88395,0.487773,0.100347,0.006044,0.094144,0.007542,0.008258
rts,1680,20,20,0.2768,0.69163,1.06171,0.466409,0.122197,0.006083,0.128749,0.011237,0.011638
rts,1680,20,20,0.35345,0.69215,1.16836,0.444165,0.140437,0.00697,0.154377,0.014329,0.013708
rts,1680,20,20,0.45134,0.68418,1.296,0.424286,0.154623,0.007669,0.192203,0.019781,0.018662
rts,1680,20,20,0.57633,0.67407,1.38125,0.399961,0.163836,0.008459,0.236039,0.035924,0.037529
rts,1680,20,20,0.73594,0.63681,1.4384,0.351321,0.156675,0.007611,0.327321,0.070155,0.073521
rts,1680,20,20,0.93975,0.50174,1.45825,0.241773,0.108111,0.00521,0.537475,0.31751,0.315076
rts,1680,20,20,1.2,0.42599,1.5171,0.168906,0.091445,0.004718,0.657503,0.279221,0.276327
rts,1680,50,0,0.05,0.77242,1.0,0.733644,0.203394,0.003716,0.062961,0.002847,0.002493
rts,1680,50,0,0.06385,0.76971,1.0,0.690029,0.223921,0.004428,0.08605,0.003957,0.003839
rts,1680,50,0,0.08153,0.76396,1.0,0.643189,0.243033,0.004606,0.113778,0.005366,0.005406
rts,1680,50,0,0.10411,0.76089,1.0,0.597813,0.26313,0.00479,0.139057,0.006628,0.006697
rts,1680,50,0,0.13294,0.75227,1.0,0.55412,0.274076,0.005163,0.171803,0.008335,0.008292
rts,1680,50,0,0.16975,0.74651,1.0,0.515422,0.284709,0.005606,0.199869,0.009904,0.009289
rts,1680,50,0,0.21677,0.74048,1.0,0.481641,0.294308,0.005731,0.224052,0.011229,0.01071
rts,1680,50,0,0.2768,0.73608,1.0,0.450219,0.301402,0.006006,0.248379,0.012698,0.012313
rts,1680,50,0,0.35345,0.73086,1.0,0.428124,0.303525,0.006164,0.268351,0.013968,0.013346
rts,1680,50,0,0.45134,0.72479,1.0,0.407011,0.305284,0.007434,0.287706,0.015313,0.016236
rts,1680,50,0,0.57633,0.71346,1.0,0.392135,0.296616,0.005716,0.311249,0.017381,0.016716
rts,1680,50,0,0.73594,0.69619,1.0,0.365748,0.284504,0.006325,0.349749,0.031577,0.030623
rts,1680,50,0,0.93975,0.61662,1.0,0.290876,0.223862,0.004475,0.485261,0.186602,0.187105
rts,1680,50,0,1.2,0.46883,1.0,0.172782,0.143039,0.002884,0.684179,0.231081,0.22972
rts,1680,50,5,0.05,0.77136,0.41817,0.655852,0.08712,0.001671,0.038465,0.001049,0.0009
rts,1680,50,5,0.06385,0.7693,0.49254,0.633856,0.107748,0.002454,0.05304,0.001586,0.001361
rts,1680,50,5,0.08153,0.76675,0.58019,0.608874,0.132134,0.002909,0.075124,0.002492,0.002748
rts,1680,50,5,0.10411,0.76239,0.65875,0.57747,0.15713,0.003347,0.100859,0.003675,0.004
rts,1680,50,5,0.13294,0.75751,0.71975,0.543149,0.179356,0.003512,0.127935,0.004984,0.005345
rts,1680,50,5,0.16975,0.75124,0.78244,0.510344,0.20115,0.004261,0.15801,0.006466,0.006552
rts,1680,50,5,0.21677,0.74451,0.83716,0.483238,0.216922,0.004507,0.188187,0.007989,0.007278
rts,1680,50,5,0.2768,0.74108,0.86874,0.45903,0.229479,0.004731,0.210533,0.009277,0.008978
rts,1680,50,5,0.35345,0.73228,0.90361,0.437571,0.238556,0.00507,0.237319,0.01084,0.011426
rts,1680,50,5,0.45134,0.72568,0.92799,0.421862,0.243281,0.0045,0.259407,0.012192,0.011554
rts,1680,50,5,0.57633,0.72057,0.94812,0.408393,0.247614,0.004907,0.27664,0.013832,0.014403
rts,1680,50,5,0.73594,0.7024,0.96744,0.392211,0.238952,0.004892,0.311883,0.021231,0.020253
rts,1680,50,5,0.93975,0.62343,0.97663,0.323887,0.189715,0.003715,0.443262,0.17292,0.173237
rts,1680,50,5,1.2,0.49178,0.9847,0.208445,0.131541,0.002783,0.630168,0.203846,0.207145
rts,1680,50,10,0.05,0.74397,0.30318,0.602188,0.057156,0.001157,0.034084,0.000806,0.000765
rts,1680,50,10,0.06385,0.74418,0.3599,0.588218,0.070467,0.001539,0.044907,0.001133,0.001192
rts,1680,50,10,0.08153,0.74425,0.44963,0.571184,0.090989,0.002031,0.060639,0.001662,0.001553
rts,1680,50,10,0.10411,0.74518,0.53542,0.548963,0.113541,0.002022,0.078015,0.002384,0.002418
rts,1680,50,10,0.13294,0.73979,0.6306,0.524223,0.137687,0.002657,0.108697,0.003619,0.003942
rts,1680,50,10,0.16975,0.738,0.70648,0.497228,0.158471,0.003353,0.13498,0.004889,0.004381
rts,1680,50,10,0.21677,0.73235,0.77575,0.471389,0.177304,0.003804,0.165158,0.006324,0.006875
rts,1680,50,10,0.2768,0.72749,0.83068,0.447489,0.193202,0.004011,0.195946,0.007823,0.008351
rts,1680,50,10,0.35345,0.72399,0.88364,0.429312,0.20632,0.004299,0.220317,0.009183,0.009315
rts,1680,50,10,0.45134,0.71788,0.9198,0.413858,0.215354,0.00441,0.244332,0.010495,0.010306
rts,1680,50,10,0.57633,0.71216,0.96248,0.401688,0.223198,0.004197,0.267544,0.012162,0.010889
rts,1680,50,10,0.73594,0.69492,0.97773,0.384037,0.216416,0.003901,0.304011,0.022345,0.021607
rts,1680,50,10,0.93975,0.64419,0.99903,0.338022,0.189895,0.003836,0.39635,0.116027,0.114574
rts,1680,50,10,1.2,0.5029,1.00414,0.214684,0.128692,0.002744,0.605247,0.194848,0.197664
rts,1680,50,20,0.05,0.69159,0.23871,0.546798,0.034133,0.000794,0.026001,0.000576,0.000476
rts,1680,50,20,0.06385,0.69305,0.28983,0.542976,0.041825,0.000732,0.033596,0.00077,0.000518
rts,1680,50,20,0.08153,0.69478,0.36178,0.534088,0.053139,0.001168,0.042518,0.001034,0.001186
rts,1680,50,20,0.10411,0.69562,0.44718,0.522977,0.06781,0.001083,0.056798,0.001466,0.001531
rts,1680,50,20,0.13294,0.6965,0.55009,0.507534,0.08608,0.00177,0.075207,0.002117,0.002232
rts,1680,50,20,0.16975,0.69751,0.65136,0.488175,0.105554,0.002195,0.098988,0.003001,0.002994
rts,1680,50,20,0.21677,0.69618,0.74099,0.46879,0.123688,0.002403,0.124879,0.004057,0.00419
rts,1680,50,20,0.2768,0.69582,0.83995,0.449496,0.143653,0.003368,0.152296,0.005298,0.005254
rts,1680,50,20,0.35345,0.69578,0.90446,0.431323,0.160036,0.00305,0.175353,0.006454,0.006384
rts,1680,50,20,0.45134,0.68979,0.95165,0.417542,0.167848,0.003151,0.20481,0.007931,0.007331
rts,1680,50,20,0.57633,0.68383,0.99526,0.406337,0.173898,0.003718,0.231456,0.01078,0.010431
rts,1680,50,20,0.73594,0.67259,1.03485,0.389944,0.176499,0.004018,0.269157,0.017016,0.017637
rts,1680,50,20,0.93975,0.62302,1.06262,0.34686,0.156591,0.003512,0.366063,0.102236,0.102493
rts,1680,50,20,1.2,0.5129,1.08506,0.244685,0.118969,0.002389,0.543485,0.152522,0.149437
basic,210,5,0,0.05,0.67471,1.0,0.93744,0.059952,0.011918,0.002608,0.001051,0.000963
basic,210,5,0,0.06385,0.70626,1.0,0.925493,0.071412,0.014428,0.003095,0.001265,0.001047
basic,210,5,0,0.08153,0.71523,1.0,0.913951,0.081327,0.015051,0.004723,0.001951,0.001868
basic,210,5,0,0.10411,0.71822,1.0,0.898368,0.094512,0.017502,0.00712,0.002966,0.003263
basic,210,5,0,0.13294,0.72333,1.0,0.881718,0.108363,0.01977,0.009919,0.004104,0.004212
basic,210,5,0,0.16975,0.71779,1.0,0.859536,0.124892,0.024774,0.015572,0.006449,0.007786
basic,210,5,0,0.21677,0.69096,1.0,0.833425,0.141406,0.027915,0.025169,0.010507,0.011258
basic,210,5,0,0.2768,0.66265,1.0,0.807696,0.156129,0.028311,0.036175,0.015581,0.016357
basic,210,5,0,0.35345,0.67377,1.0,0.773327,0.183561,0.035173,0.043112,0.019248,0.021251
basic,210,5,0,0.45134,0.65134,1.0,0.738509,0.202635,0.04204,0.058857,0.026738,0.024804
basic,210,5,0,0.57633,0.59108,1.0,0.698135,0.215085,0.040389,0.08678,0.040552,0.042011
basic,210,5,0,0.73594,0.53288,1.0,0.659133,0.223815,0.042264,0.117053,0.056744,0.058618
basic,210,5,0,0.93975,0.44822,1.0,0.625579,0.211757,0.038769,0.162663,0.084239,0.085124
basic,210,5,0,1.2,0.40847,1.0,0.572914,0.222879,0.048216,0.204207,0.1091,0.11203
basic,210,5,5,0.05,0.7764,0.16646,0.699507,0.015735,0.002466,0.006811,0.001386,0.001292
basic,210,5,5,0.06385,0.77442,0.16481,0.699848,0.015693,0.002225,0.007261,0.001476,0.001288
basic,210,5,5,0.08153,0.76546,0.17576,0.698078,0.017346,0.002227,0.008439,0.001735,0.001875
basic,210,5,5,0.10411,0.76675,0.18273,0.696021,0.017895,0.002826,0.008947,0.001884,0.002001
basic,210,5,5,0.13294,0.76476,0.19797,0.694592,0.020353,0.003905,0.010176,0.00213,0.001657
basic,210,5,5,0.16975,0.76133,0.22909,0.691018,0.023234,0.003952,0.013293,0.00285,0.002395
basic,210,5,5,0.21677,0.77306,0.30891,0.679389,0.031642,0.00591,0.015267,0.003349,0.001601
basic,210,5,5,0.2768,0.75129,0.39129,0.680338,0.039789,0.00808,0.019711,0.004505,0.003428
basic,210,5,5,0.35345,0.73782,0.5422,0.671193,0.055325,0.00943,0.027285,0.006714,0.005533
basic,210,5,5,0.45134,0.71258,0.64561,0.662702,0.066193,0.01073,0.041112,0.011222,0.010601
basic,210,5,5,0.57633,0.68709,0.76021,0.649741,0.080996,0.015655,0.053362,0.016281,0.016608
basic,210,5,5,0.73594,0.65206,0.88184,0.636901,0.093803,0.019014,0.066197,0.023352,0.021549
basic,210,5,5,0.93975,0.57994,0.94339,0.62254,0.094812,0.01774,0.093769,0.036524,0.035182
basic,210,5,5,1.2,0.53924,1.01728,0.603723,0.100541,0.020522,0.113427,0.049125,0.043748
basic,210,5,10,0.05,0.67025,0.18472,0.598559,0.011728,0.001978,0.006924,0.001413,0.001272
basic,210,5,10,0.06385,0.67357,0.1865,0.597594,0.012173,0.002123,0.007077,0.001444,0.001415
basic,210,5,10,0.08153,0.66851,0.1794,0.599634,0.011688,0.001831,0.007745,0.001605,0.001267
basic,210,5,10,0.10411,0.6676,0.19145,0.59873,0.012562,0.001835,0.008469,0.001722,0.00127
basic,210,5,10,0.13294,0.66124,0.21687,0.597566,0.013867,0.002123,0.009056,0.00184,0.001274
basic,210,5,10,0.16975,0.65806,0.23124,0.598924,0.014729,0.002691,0.009772,0.002011,0.001558
basic,210,5,10,0.21677,0.65597,0.25567,0.598753,0.01686,0.003967,0.012185,0.002579,0.001984
basic,210,5,10,0.2768,0.6674,0.28793,0.594471,0.019768,0.003724,0.013322,0.002865,0.002292
basic,210,5,10,0.35345,0.65637,0.31896,0.587048,0.023523,0.005082,0.017715,0.003891,0.003775
basic,210,5,10,0.45134,0.6456,0.42736,0.58671,0.030794,0.006336,0.026963,0.006188,0.005894
basic,210,5,10,0.57633,0.6495,0.54874,0.573949,0.040657,0.007518,0.032218,0.007456,0.007057
basic,210,5,10,0.73594,0.61751,0.64649,0.567162,0.048357,0.008534,0.049147,0.012737,0.011536
basic,210,5,10,0.93975,0.58884,0.7911,0.558105,0.060318,0.013932,0.073103,0.022685,0.024094
basic,210,5,10,1.2,0.5362,0.99812,0.545565,0.070957,0.01513,0.102783,0.036452,0.037391
basic,210,5,20,0.05,0.49094,0.16934,0.503444,0.006047,0.001008,0.006719,0.001344,0.00084
basic,210,5,20,0.06385,0.49284,0.17488,0.502777,0.006228,0.00101,0.006901,0.00138,0.000842
basic,210,5,20,0.08153,0.4864,0.1701,0.504284,0.006047,0.001008,0.007391,0.001478,0.001008
basic,210,5,20,0.10411,0.48591,0.17027,0.504452,0.006047,0.001008,0.007559,0.001512,0.001008
basic,210,5,20,0.13294,0.48333,0.1734,0.505456,0.006211,0.001343,0.008729,0.001746,0.001343
basic,210,5,20,0.16975,0.48425,0.212,0.50513,0.007401,0.001514,0.009251,0.00185,0.001514
basic,210,5,20,0.21677,0.47471,0.21734,0.504553,0.00742,0.001518,0.011636,0.002327,0.002192
basic,210,5,20,0.2768,0.47037,0.25031,0.503555,0.008632,0.001523,0.011679,0.002336,0.0022
basic,210,5,20,0.35345,0.48104,0.27718,0.500255,0.01022,0.001703,0.012434,0.002487,0.002214
basic,210,5,20,0.45134,0.47532,0.30806,0.496986,0.011538,0.001894,0.015671,0.003203,0.003444
basic,210,5,20,0.57633,0.46002,0.34428,0.498619,0.012258,0.001899,0.020718,0.004385,0.00518
basic,210,5,20,0.73594,0.45977,0.49335,0.498433,0.017764,0.002438,0.027517,0.005991,0.005573
basic,210,5,20,0.93975,0.46332,0.60468,0.490242,0.022381,0.004655,0.039212,0.008953,0.008057
basic,210,5,20,1.2,0.44649,0.68408,0.488849,0.025929,0.004714,0.053853,0.014869,0.014325
basic,210,20,0,0.05,0.73866,1.0,0.879458,0.111164,0.00575,0.009378,0.000979,0.001095
basic,210,20,0,0.06385,0.73902,1.0,0.869998,0.118284,0.005601,0.011718,0.00122,0.001032
basic,210,20,0,0.08153,0.74535,1.0,0.855857,0.130764,0.007247,0.013379,0.001441,0.001593
basic,210,20,0,0.10411,0.74737,1.0,0.836529,0.145813,0.007491,0.017658,0.001944,0.001962
basic,210,20,0,0.13294,0.7282,1.0,0.823765,0.152546,0.007928,0.023689,0.002531,0.003248
basic,210,20,0,0.16975,0.72425,1.0,0.792049,0.176588,0.010602,0.031364,0.003363,0.003865
basic,210,20,0,0.21677,0.70376,1.0,0.76705,0.191237,0.011388,0.041713,0.004586,0.004208
basic,210,20,0,0.2768,0.6797,1.0,0.742495,0.205922,0.009416,0.051583,0.005854,0.005186
basic,210,20,0,0.35345,0.6576,1.0,0.710767,0.222556,0.012164,0.066677,0.007719,0.006908
basic,210,20,0,0.45134,0.61744,1.0,0.678058,0.233801,0.013872,0.088141,0.010574,0.008459
basic,210,20,0,0.57633,0.56737,1.0,0.643577,0.239358,0.010829,0.117065,0.014563,0.01531
basic,210,20,0,0.73594,0.54229,1.0,0.603683,0.255284,0.010881,0.141034,0.018623,0.020716
basic,210,20,0,0.93975,0.48912,1.0,0.575138,0.251608,0.009881,0.173254,0.025506,0.025735
basic,210,20,0,1.2,0.43916,1.0,0.535112,0.250944,0.012585,0.213944,0.033992,0.040775
basic,210,20,5,0.05,0.75266,0.31629,0.670952,0.051032,0.002597,0.025321,0.001493,0.001428
basic,210,20,5,0.06385,0.75644,0.32574,0.667406,0.054149,0.003262,0.025705,0.001494,0.001696
basic,210,20,5,0.08153,0.74962,0.3407,0.667098,0.056282,0.002976,0.026912,0.001572,0.001682
basic,210,20,5,0.10411,0.73525,0.35778,0.664526,0.059363,0.002621,0.031713,0.0019,0.001835
basic,210,20,5,0.13294,0.73797,0.38618,0.662582,0.064032,0.002767,0.032411,0.002115,0.001713
basic,210,20,5,0.16975,0.74196,0.42458,0.653443,0.073696,0.003497,0.033082,0.002125,0.001479
basic,210,20,5,0.21677,0.72142,0.46442,0.650144,0.080652,0.003834,0.04327,0.002828,0.003012
basic,210,20,5,0.2768,0.69621,0.51643,0.647792,0.08736,0.003461,0.051087,0.003475,0.003184
basic,210,20,5,0.35345,0.68205,0.55316,0.638359,0.09353,0.003299,0.057667,0.004361,0.004304
basic,210,20,5,0.45134,0.6456,0.58233,0.625443,0.099734,0.003546,0.073434,0.006058,0.00591
basic,210,20,5,0.57633,0.6309,0.64207,0.609302,0.114419,0.004031,0.085426,0.007527,0.009302
basic,210,20,5,0.73594,0.59513,0.69448,0.597143,0.121084,0.005843,0.100633,0.009666,0.008116
basic,210,20,5,0.93975,0.52945,0.74206,0.584568,0.122637,0.006813,0.129961,0.014572,0.014137
basic,210,20,5,1.2,0.4886,0.78185,0.571505,0.124132,0.006589,0.146928,0.01927,0.017988
basic,210,20,10,0.05,0.64763,0.27747,0.582634,0.037845,0.002594,0.028994,0.001648,0.001373
basic,210,20,10,0.06385,0.64076,0.28346,0.584601,0.038192,0.00213,0.030584,0.001727,0.001674
basic,210,20,10,0.08153,0.63647,0.29411,0.583893,0.039811,0.002288,0.031879,0.001785,0.00183
basic,210,20,10,0.10411,0.63813,0.295,0.580408,0.041852,0.001226,0.033267,0.001878,0.001533
basic,210,20,10,0.13294,0.63951,0.30663,0.57805,0.043404,0.00186,0.034413,0.001984,0.00186
basic,210,20,10,0.16975,0.62561,0.33284,0.574615,0.046968,0.002042,0.038957,0.002191,0.001571
basic,210,20,10,0.21677,0.63456,0.35675,0.57127,0.05228,0.002384,0.040362,0.002384,0.002384
basic,210,20,10,0.2768,0.62013,0.41308,0.570882,0.061234,0.002711,0.046564,0.00287,0.002551
basic,210,20,10,0.35345,0.61944,0.42112,0.562592,0.062022,0.002605,0.054045,0.00341,0.001791
basic,210,20,10,0.45134,0.61668,0.48333,0.553688,0.072257,0.003697,0.061334,0.003991,0.003361
basic,210,20,10,0.57633,0.57292,0.54032,0.552563,0.076817,0.004316,0.080787,0.005766,0.003625
basic,210,20,10,0.73594,0.56218,0.59462,0.537378,0.089744,0.004695,0.098411,0.007792,0.005778
basic,210,20,10,0.93975,0.51805,0.63898,0.532733,0.091026,0.006252,0.119713,0.010905,0.011401
basic,210,20,10,1.2,0.49722,0.71212,0.519947,0.104103,0.005699,0.135448,0.014058,0.015767
basic,210,20,20,0.05,0.47033,0.34144,0.493133,0.031081,0.001265,0.036321,0.001988,0.001807
basic,210,20,20,0.06385,0.46939,0.3428,0.493029,0.031142,0.001267,0.037299,0.002028,0.001811
basic,210,20,20,0.08153,0.46858,0.33414,0.491667,0.030616,0.000906,0.0375,0.002047,0.001812
basic,210,20,20,0.10411,0.47248,0.34093,0.487961,0.031375,0.000912,0.037213,0.002052,0.001824
basic,210,20,20,0.13294,0.47219,0.34217,0.487404,0.031763,0.00073,0.038153,0.00209,0.001825
basic,210,20,20,0.16975,0.47719,0.35103,0.485808,0.033144,0.001465,0.038638,0.002152,0.001648
basic,210,20,20,0.21677,0.47725,0.36798,0.485588,0.033964,0.001836,0.040756,0.002286,0.001836
basic,210,20,20,0.2768,0.46837,0.38574,0.484603,0.035036,0.001106,0.043518,0.002425,0.002028
basic,210,20,20,0.35345,0.48056,0.43501,0.484177,0.040767,0.001489,0.046351,0.002615,0.002048
basic,210,20,20,0.45134,0.46929,0.45316,0.484384,0.043202,0.002057,0.053114,0.003039,0.002618
basic,210,20,20,0.57633,0.44813,0.48632,0.483336,0.045378,0.001883,0.061194,0.003521,0.003766
basic,210,20,20,0.73594,0.4434,0.52526,0.476896,0.048903,0.002118,0.071621,0.004419,0.005006
basic,210,20,20,0.93975,0.43552,0.51889,0.471871,0.051003,0.001557,0.086237,0.005898,0.007008
basic,210,20,20,1.2,0.41639,0.60719,0.469649,0.057508,0.002396,0.109625,0.008656,0.009784
basic,210,50,0,0.05,0.73791,1.0,0.802884,0.172092,0.002969,0.025024,0.001039,0.001166
basic,210,50,0,0.06385,0.7326,1.0,0.790643,0.180996,0.004355,0.028361,0.001186,0.001228
basic,210,50,0,0.08153,0.7349,1.0,0.773544,0.194428,0.003453,0.032028,0.001383,0.001786
basic,210,50,0,0.10411,0.71673,1.0,0.761994,0.200327,0.00314,0.037679,0.001623,0.002135
basic,210,50,0,0.13294,0.71325,1.0,0.742154,0.215503,0.005141,0.042343,0.001845,0.002165
basic,210,50,0,0.16975,0.68756,1.0,0.727195,0.219676,0.004439,0.053129,0.002308,0.002148
basic,210,50,0,0.21677,0.64713,1.0,0.706712,0.223414,0.004291,0.069874,0.003086,0.003984
basic,210,50,0,0.2768,0.62513,1.0,0.673074,0.240866,0.005195,0.086061,0.003962,0.003636
basic,210,50,0,0.35345,0.59026,1.0,0.649433,0.243072,0.005021,0.107495,0.005077,0.006509
basic,210,50,0,0.45134,0.55703,1.0,0.622819,0.249363,0.004509,0.127818,0.006191,0.005293
basic,210,50,0,0.57633,0.54901,1.0,0.585185,0.271024,0.004139,0.143791,0.007298,0.008061
basic,210,50,0,0.73594,0.50529,1.0,0.554901,0.268143,0.005655,0.176956,0.009713,0.008954
basic,210,50,0,0.93975,0.45806,1.0,0.524627,0.264677,0.003731,0.210697,0.012184,0.012687
basic,210,50,0,1.2,0.40778,1.0,0.501353,0.250541,0.005141,0.248106,0.015882,0.018939
basic,210,50,5,0.05,0.71185,0.515,0.630528,0.103239,0.002367,0.051472,0.001461,0.001331
basic,210,50,5,0.06385,0.69459,0.50772,0.625205,0.102434,0.002538,0.054502,0.001547,0.001941
basic,210,50,5,0.08153,0.68867,0.53257,0.623822,0.107437,0.002544,0.057908,0.001628,0.001945
basic,210,50,5,0.10411,0.6835,0.54838,0.620305,0.112687,0.001961,0.061548,0.001717,0.002564
basic,210,50,5,0.13294,0.69568,0.58062,0.616736,0.121899,0.00262,0.062567,0.001899,0.002312
basic,210,50,5,0.16975,0.67796,0.61697,0.613764,0.127029,0.001873,0.068664,0.002104,0.002809
basic,210,50,5,0.21677,0.68511,0.61515,0.603771,0.132609,0.003355,0.071577,0.002218,0.001917
basic,210,50,5,0.2768,0.64748,0.61733,0.600454,0.128159,0.003078,0.083117,0.002625,0.001458
basic,210,50,5,0.35345,0.63413,0.66944,0.589,0.141,0.002667,0.094167,0.003037,0.001667
basic,210,50,5,0.45134,0.60498,0.69207,0.583859,0.143491,0.003583,0.105102,0.003832,0.002389
basic,210,50,5,0.57633,0.59697,0.72966,0.577399,0.152011,0.002612,0.111266,0.004458,0.005224
basic,210,50,5,0.73594,0.53439,0.74125,0.565414,0.147452,0.004156,0.140405,0.005847,0.005963
basic,210,50,5,0.93975,0.48444,0.74643,0.556012,0.138723,0.002987,0.163368,0.007554,0.008215
basic,210,50,5,1.2,0.47019,0.78738,0.540223,0.148768,0.004042,0.168591,0.008922,0.008276
basic,210,50,10,0.05,0.6179,0.44708,0.5521,0.083981,0.001555,0.063245,0.001597,0.002074
basic,210,50,10,0.06385,0.61008,0.45028,0.549687,0.084955,0.001216,0.064454,0.00165,0.001911
basic,210,50,10,0.08153,0.60482,0.46274,0.547262,0.089118,0.001046,0.066969,0.001706,0.001918
basic,210,50,10,0.10411,0.61121,0.47695,0.542772,0.094326,0.00123,0.069208,0.001781,0.001932
basic,210,50,10,0.13294,0.60588,0.48285,0.5414,0.092573,0.000888,0.074627,0.001979,0.001955
basic,210,50,10,0.16975,0.61102,0.49541,0.536146,0.09771,0.001262,0.075897,0.002055,0.001442
basic,210,50,10,0.21677,0.60348,0.51633,0.534837,0.101328,0.002365,0.079134,0.002168,0.002183
basic,210,50,10,0.2768,0.57517,0.52566,0.530972,0.100519,0.001669,0.091803,0.002615,0.002411
basic,210,50,10,0.35345,0.59516,0.56244,0.514559,0.115517,0.002107,0.092529,0.00277,0.002682
basic,210,50,10,0.45134,0.58173,0.56767,0.516663,0.116163,0.002119,0.100944,0.003132,0.002697
basic,210,50,10,0.57633,0.53844,0.63605,0.516547,0.119605,0.001935,0.119799,0.003875,0.00329
basic,210,50,10,0.73594,0.53249,0.64294,0.503693,0.125374,0.001597,0.134159,0.004564,0.004791
basic,210,50,10,0.93975,0.49089,0.65101,0.498269,0.120953,0.002036,0.153533,0.006015,0.005701
basic,210,50,10,1.2,0.45806,0.66321,0.482523,0.119991,0.002984,0.177323,0.007707,0.005328
basic,210,50,20,0.05,0.44658,0.46099,0.465265,0.063263,0.001401,0.08048,0.00197,0.002402
basic,210,50,20,0.06385,0.44883,0.46336,0.4656,0.0636,0.0016,0.08,0.001952,0.0026
basic,210,50,20,0.08153,0.4482,0.46207,0.465465,0.063263,0.001802,0.081081,0.001994,0.002202
basic,210,50,20,0.10411,0.45646,0.46676,0.464551,0.066078,0.002008,0.081141,0.002,0.00241
basic,210,50,20,0.13294,0.45819,0.49584,0.465698,0.070621,0.002018,0.081921,0.00201,0.001412
basic,210,50,20,0.16975,0.45329,0.516,0.467003,0.071241,0.001413,0.086781,0.002135,0.001413
basic,210,50,20,0.21677,0.44777,0.49934,0.47093,0.067763,0.001604,0.090217,0.002233,0.001804
basic,210,50,20,0.2768,0.44178,0.49293,0.465475,0.066003,0.001625,0.095248,0.00238,0.002843
basic,210,50,20,0.35345,0.44744,0.49777,0.461885,0.067828,0.001434,0.09918,0.00252,0.002254
basic,210,50,20,0.45134,0.43085,0.50737,0.459739,0.067688,0.001863,0.108466,0.002848,0.002898
basic,210,50,20,0.57633,0.43418,0.54657,0.453457,0.075856,0.001471,0.113679,0.00316,0.003152
basic,210,50,20,0.73594,0.41837,0.57243,0.44939,0.079606,0.000856,0.129467,0.003792,0.003638
basic,210,50,20,0.93975,0.38638,0.56225,0.452769,0.073851,0.000859,0.151567,0.00486,0.005367
basic,210,50,20,1.2,0.37446,0.57193,0.451844,0.0718,0.001085,0.165076,0.005952,0.007809
basic,420,5,0,0.05,0.73588,1.0,0.921669,0.073307,0.014762,0.005024,0.002077,0.002321
basic,420,5,0,0.06385,0.74844,1.0,0.90419,0.088414,0.018982,0.007396,0.003031,0.003121
basic,420,5,0,0.08153,0.75635,1.0,0.885883,0.103745,0.02045,0.010371,0.004318,0.004519
basic,420,5,0,0.10411,0.74707,1.0,0.863844,0.120341,0.024922,0.015814,0.006554,0.006402
basic,420,5,0,0.13294,0.72537,1.0,0.839441,0.136531,0.027486,0.024028,0.010096,0.010285
basic,420,5,0,0.16975,0.70779,1.0,0.808851,0.157512,0.032015,0.033637,0.014354,0.014857
basic,420,5,0,0.21677,0.68175,1.0,0.77548,0.176781,0.036142,0.047739,0.020728,0.019513
basic,420,5,0,0.2768,0.65083,1.0,0.739019,0.195451,0.038862,0.065531,0.029635,0.030947
basic,420,5,0,0.35345,0.60256,1.0,0.699729,0.210427,0.041561,0.089843,0.041249,0.039921
basic,420,5,0,0.45134,0.5663,1.0,0.655503,0.226058,0.04619,0.118438,0.056218,0.059078
basic,420,5,0,0.57633,0.49414,1.0,0.612691,0.226998,0.047296,0.16031,0.07897,0.082094
basic,420,5,0,0.73594,0.44778,1.0,0.566451,0.234258,0.04805,0.199291,0.104291,0.101235
basic,420,5,0,0.93975,0.38439,1.0,0.517558,0.228121,0.041564,0.254321,0.136982,0.138272
basic,420,5,0,1.2,0.31984,1.0,0.468141,0.212962,0.042842,0.318897,0.201901,0.211092
basic,420,5,5,0.05,0.77012,0.11154,0.694321,0.010811,0.002065,0.004009,0.000814,0.00079
basic,420,5,5,0.06385,0.76825,0.1236,0.69379,0.012078,0.002196,0.004392,0.000903,0.001037
basic,420,5,5,0.08153,0.76688,0.1433,0.692977,0.013777,0.002817,0.005695,0.001188,0.001531
basic,420,5,5,0.10411,0.76129,0.15666,0.690721,0.015332,0.003202,0.007635,0.001576,0.001909
basic,420,5,5,0.13294,0.76391,0.22384,0.684052,0.022837,0.003964,0.010884,0.002366,0.002831
basic,420,5,5,0.16975,0.75531,0.27062,0.678914,0.028229,0.005569,0.014787,0.003252,0.003137
basic,420,5,5,0.21677,0.73669,0.38021,0.671192,0.039404,0.008146,0.02298,0.005364,0.005232
basic,420,5,5,0.2768,0.72554,0.53579,0.654656,0.058711,0.012011,0.032358,0.00804,0.008831
basic,420,5,5,0.35345,0.6932,0.69257,0.639234,0.07715,0.015369,0.052468,0.014764,0.01325
basic,420,5,5,0.45134,0.65759,0.87846,0.614646,0.101862,0.018701,0.073728,0.023649,0.021101
basic,420,5,5,0.57633,0.61362,1.03224,0.592161,0.119921,0.023948,0.099112,0.036236,0.036685
basic,420,5,5,0.73594,0.54928,1.14498,0.565461,0.132101,0.027128,0.133183,0.055848,0.053273
basic,420,5,5,0.93975,0.49222,1.24823,0.539093,0.138987,0.027307,0.167467,0.077717,0.07712
basic,420,5,5,1.2,0.42554,1.28163,0.511228,0.136257,0.026901,0.210994,0.119158,0.119883
basic,420,5,10,0.05,0.63247,0.10887,0.591588,0.007549,0.00131,0.004853,0.000971,0.001078
basic,420,5,10,0.06385,0.62597,0.11169,0.592929,0.007548,0.001386,0.005854,0.001202,0.001078
basic,420,5,10,0.08153,0.62962,0.11114,0.591341,0.007422,0.001314,0.006494,0.001345,0.00116
basic,420,5,10,0.10411,0.63284,0.12103,0.589722,0.008086,0.001088,0.007153,0.001477,0.001477
basic,420,5,10,0.13294,0.63808,0.15519,0.590775,0.010501,0.001867,0.007545,0.001556,0.001167
basic,420,5,10,0.16975,0.63493,0.19003,0.592428,0.012593,0.001943,0.009795,0.00199,0.001632
basic,420,5,10,0.21677,0.63447,0.23784,0.588063,0.016364,0.002372,0.013439,0.00283,0.002213
basic,420,5,10,0.2768,0.63147,0.31476,0.582237,0.022204,0.004683,0.017037,0.003746,0.004441
basic,420,5,10,0.35345,0.63336,0.44205,0.576498,0.032993,0.006731,0.027757,0.006515,0.0059
basic,420,5,10,0.45134,0.6033,0.67928,0.570971,0.049477,0.010899,0.046795,0.012023,0.011504
basic,420,5,10,0.57633,0.59728,0.93963,0.555831,0.073341,0.01366,0.069215,0.0196,0.020352
basic,420,5,10,0.73594,0.56291,1.18076,0.531278,0.093883,0.017788,0.100208,0.033501,0.031426
basic,420,5,10,0.93975,0.52007,1.39322,0.508386,0.113236,0.025852,0.133533,0.05117,0.048072
basic,420,5,10,1.2,0.44727,1.48979,0.486039,0.110422,0.0239,0.178559,0.085465,0.085718
basic,420,5,20,0.05,0.44271,0.16744,0.515171,0.005269,0.000999,0.006268,0.001254,0.00109
basic,420,5,20,0.06385,0.44233,0.15821,0.514769,0.004908,0.000909,0.006725,0.001345,0.001272
basic,420,5,20,0.08153,0.4424,0.16374,0.51552,0.005264,0.000998,0.006716,0.001343,0.001089
basic,420,5,20,0.10411,0.44339,0.16472,0.516579,0.005345,0.000997,0.007429,0.001486,0.001268
basic,420,5,20,0.13294,0.44666,0.17422,0.51546,0.00582,0.001,0.007912,0.001601,0.001364
basic,420,5,20,0.16975,0.44928,0.18341,0.514119,0.006123,0.000914,0.008955,0.001809,0.001371
basic,420,5,20,0.21677,0.45201,0.23765,0.51246,0.008092,0.001471,0.010299,0.002078,0.001379
basic,420,5,20,0.2768,0.45054,0.29977,0.511695,0.010354,0.002034,0.012665,0.002607,0.003143
basic,420,5,20,0.35345,0.44761,0.34575,0.511435,0.011993,0.00251,0.015526,0.003254,0.00344
basic,420,5,20,0.45134,0.45562,0.39398,0.508675,0.014255,0.00272,0.019694,0.004258,0.00422
basic,420,5,20,0.57633,0.4475,0.59888,0.504118,0.021835,0.002969,0.031986,0.007106,0.00747
basic,420,5,20,0.73594,0.44645,0.74508,0.498868,0.028436,0.005412,0.048509,0.012044,0.012595
basic,420,5,20,0.93975,0.43899,1.06376,0.487942,0.041999,0.009095,0.069896,0.019599,0.02054
basic,420,5,20,1.2,0.40684,1.48102,0.474403,0.057158,0.011605,0.110412,0.038069,0.03872
basic,420,20,0,0.05,0.77527,1.0,0.873672,0.115277,0.005473,0.011051,0.001155,0.000883
basic,420,20,0,0.06385,0.7654,1.0,0.857098,0.127427,0.006537,0.015475,0.00162,0.001378
basic,420,20,0,0.08153,0.75936,1.0,0.834153,0.145015,0.007485,0.020832,0.002187,0.002525
basic,420,20,0,0.10411,0.75031,1.0,0.812864,0.161176,0.007236,0.02596,0.002809,0.002884
basic,420,20,0,0.13294,0.73358,1.0,0.784805,0.179562,0.009359,0.035633,0.00388,0.003313
basic,420,20,0,0.16975,0.69746,1.0,0.750149,0.197515,0.01011,0.052336,0.005719,0.005947
basic,420,20,0,0.21677,0.644,1.0,0.722276,0.205155,0.009508,0.072569,0.008256,0.00869
basic,420,20,0,0.2768,0.6303,1.0,0.682935,0.227872,0.011989,0.089193,0.010441,0.010373
basic,420,20,0,0.35345,0.59812,1.0,0.647998,0.240933,0.013317,0.111069,0.013463,0.012372
basic,420,20,0,0.45134,0.55629,1.0,0.609669,0.251182,0.012191,0.139149,0.017488,0.018917
basic,420,20,0,0.57633,0.50332,1.0,0.578011,0.247257,0.015244,0.174731,0.022988,0.02379
basic,420,20,0,0.73594,0.46929,1.0,0.53779,0.256615,0.012533,0.205596,0.028377,0.023547
basic,420,20,0,0.93975,0.42338,1.0,0.502351,0.250553,0.012721,0.247096,0.037092,0.037058
basic,420,20,0,1.2,0.37135,1.0,0.463411,0.242516,0.011944,0.294073,0.051293,0.05186
basic,420,20,5,0.05,0.748,0.2438,0.671047,0.040879,0.001924,0.017188,0.000932,0.001062
basic,420,20,5,0.06385,0.74474,0.27284,0.672199,0.045309,0.002142,0.019877,0.001108,0.000803
basic,420,20,5,0.08153,0.74152,0.29844,0.665871,0.050481,0.002251,0.023535,0.001344,0.000614
basic,420,20,5,0.10411,0.74138,0.32356,0.656933,0.056567,0.00268,0.02786,0.00164,0.001481
basic,420,20,5,0.13294,0.72109,0.37604,0.657228,0.065694,0.002902,0.033838,0.002071,0.001911
basic,420,20,5,0.16975,0.71501,0.43968,0.642681,0.078316,0.003665,0.042711,0.002704,0.001795
basic,420,20,5,0.21677,0.68847,0.49884,0.628843,0.092081,0.005426,0.056853,0.003904,0.004482
basic,420,20,5,0.2768,0.68697,0.58753,0.611688,0.113362,0.005526,0.065807,0.004936,0.005693
basic,420,20,5,0.35345,0.63895,0.67222,0.594387,0.128531,0.006257,0.089024,0.007352,0.007866
basic,420,20,5,0.45134,0.60513,0.73705,0.575095,0.143277,0.006913,0.110701,0.010071,0.009091
basic,420,20,5,0.57633,0.56404,0.7871,0.560307,0.150219,0.007376,0.134071,0.013352,0.013955
basic,420,20,5,0.73594,0.53461,0.84584,0.537049,0.16465,0.008386,0.156794,0.01742,0.015817
basic,420,20,5,0.93975,0.49262,0.88313,0.520068,0.165404,0.007914,0.183041,0.02273,0.024194
basic,420,20,5,1.2,0.41552,0.90269,0.505443,0.152052,0.007537,0.22084,0.032893,0.031463
basic,420,20,10,0.05,0.62923,0.1939,0.580445,0.027878,0.001553,0.020847,0.001112,0.001308
basic,420,20,10,0.06385,0.63703,0.19886,0.579551,0.029248,0.001639,0.020891,0.001118,0.001229
basic,420,20,10,0.08153,0.63806,0.21715,0.577003,0.031563,0.00174,0.02361,0.001272,0.000994
basic,420,20,10,0.10411,0.62762,0.24544,0.576447,0.036708,0.002491,0.025745,0.001374,0.000997
basic,420,20,10,0.13294,0.62728,0.27295,0.574588,0.040952,0.002691,0.030525,0.001669,0.00143
basic,420,20,10,0.16975,0.63462,0.30159,0.57116,0.046528,0.002737,0.035836,0.002027,0.001625
basic,420,20,10,0.21677,0.62031,0.34609,0.568532,0.053284,0.002513,0.043493,0.002534,0.001906
basic,420,20,10,0.2768,0.60384,0.4208,0.560223,0.065395,0.004048,0.059009,0.003576,0.002519
basic,420,20,10,0.35345,0.59236,0.51454,0.553879,0.078607,0.004191,0.071621,0.004959,0.005029
basic,420,20,10,0.45134,0.57362,0.59288,0.537149,0.095554,0.005363,0.091946,0.006864,0.00702
basic,420,20,10,0.57633,0.56005,0.70518,0.521216,0.116817,0.005187,0.112564,0.009275,0.008403
basic,420,20,10,0.73594,0.51541,0.74806,0.505498,0.118998,0.006532,0.143168,0.0135,0.012847
basic,420,20,10,0.93975,0.47227,0.84572,0.491125,0.130475,0.007146,0.176349,0.019393,0.018672
basic,420,20,10,1.2,0.43685,0.8994,0.467845,0.137457,0.007241,0.207167,0.027479,0.027614
basic,420,20,20,0.05,0.47127,0.23494,0.505868,0.021957,0.000852,0.01855,0.000975,0.00123
basic,420,20,20,0.06385,0.46827,0.24745,0.504709,0.023309,0.001142,0.019408,0.001027,0.001047
basic,420,20,20,0.08153,0.46777,0.26008,0.502682,0.02433,0.001245,0.02136,0.001135,0.001341
basic,420,20,20,0.10411,0.46068,0.27459,0.503063,0.025464,0.00134,0.022975,0.001225,0.001244
basic,420,20,20,0.13294,0.45746,0.27748,0.50178,0.025685,0.001058,0.025204,0.001361,0.001539
basic,420,20,20,0.16975,0.45395,0.29482,0.500484,0.027692,0.000968,0.027014,0.001443,0.001356
basic,420,20,20,0.21677,0.46483,0.32241,0.499367,0.030985,0.001169,0.031765,0.0017,0.001462
basic,420,20,20,0.2768,0.46247,0.35953,0.496894,0.034711,0.001578,0.036683,0.002017,0.001676
basic,420,20,20,0.35345,0.45735,0.40596,0.493841,0.039459,0.001402,0.045468,0.002534,0.002604
basic,420,20,20,0.45134,0.46139,0.4671,0.48931,0.046019,0.002342,0.056302,0.003314,0.004378
basic,420,20,20,0.57633,0.44492,0.50309,0.487328,0.049136,0.002483,0.077377,0.004872,0.005483
basic,420,20,20,0.73594,0.43198,0.61809,0.479936,0.059871,0.003648,0.099034,0.006754,0.007189
basic,420,20,20,0.93975,0.42202,0.72069,0.467826,0.073826,0.003123,0.126352,0.010505,0.010929
basic,420,20,20,1.2,0.39071,0.85912,0.458946,0.083275,0.002799,0.157103,0.014964,0.016095
basic,420,50,0,0.05,0.77516,1.0,0.814758,0.16332,0.003288,0.021922,0.000908,0.000897
basic,420,50,0,0.06385,0.7705,1.0,0.790713,0.182061,0.003675,0.027226,0.001151,0.001281
basic,420,50,0,0.08153,0.74733,1.0,0.771227,0.193156,0.003464,0.035617,0.001516,0.001519
basic,420,50,0,0.10411,0.73998,1.0,0.748536,0.208821,0.004125,0.042642,0.001864,0.002062
basic,420,50,0,0.13294,0.70557,1.0,0.725796,0.217892,0.004444,0.056312,0.002484,0.002695
basic,420,50,0,0.16975,0.69277,1.0,0.692289,0.239877,0.003872,0.067834,0.003041,0.00363
basic,420,50,0,0.21677,0.65717,1.0,0.664721,0.248519,0.005306,0.08676,0.004026,0.004776
basic,420,50,0,0.2768,0.62255,1.0,0.627507,0.262622,0.005138,0.109871,0.005187,0.005731
basic,420,50,0,0.35345,0.57925,1.0,0.596936,0.267666,0.004639,0.135398,0.006678,0.006257
basic,420,50,0,0.45134,0.54666,1.0,0.562801,0.274351,0.006932,0.162848,0.008168,0.0094
basic,420,50,0,0.57633,0.49631,1.0,0.534959,0.269043,0.006004,0.195997,0.010279,0.010882
basic,420,50,0,0.73594,0.47903,1.0,0.502836,0.278558,0.007967,0.218607,0.012074,0.011612
basic,420,50,0,0.93975,0.42405,1.0,0.479094,0.261905,0.005372,0.259001,0.01565,0.014082
basic,420,50,0,1.2,0.37887,1.0,0.453816,0.251195,0.00586,0.294988,0.020922,0.019738
basic,420,50,5,0.05,0.71867,0.40962,0.637277,0.085252,0.001995,0.043355,0.001087,0.000844
basic,420,50,5,0.06385,0.7103,0.43049,0.638846,0.088831,0.002071,0.045259,0.001125,0.001151
basic,420,50,5,0.08153,0.7152,0.46218,0.629225,0.098631,0.003008,0.049315,0.001254,0.00095
basic,420,50,5,0.10411,0.70388,0.49455,0.619225,0.108387,0.002192,0.055208,0.00145,0.000974
basic,420,50,5,0.13294,0.69438,0.5364,0.616341,0.116341,0.002403,0.063308,0.001748,0.002154
basic,420,50,5,0.16975,0.67476,0.59184,0.608411,0.12901,0.003096,0.074826,0.002179,0.001806
basic,420,50,5,0.21677,0.6692,0.63872,0.5889,0.146976,0.002983,0.082799,0.002542,0.002893
basic,420,50,5,0.2768,0.6432,0.67348,0.571823,0.157354,0.003617,0.098144,0.003216,0.002665
basic,420,50,5,0.35345,0.61277,0.70483,0.560079,0.163853,0.004071,0.116783,0.004213,0.004866
basic,420,50,5,0.45134,0.57979,0.74434,0.544769,0.172898,0.003665,0.134045,0.005312,0.004398
basic,420,50,5,0.57633,0.53828,0.77657,0.534174,0.172661,0.003912,0.157231,0.006735,0.006411
basic,420,50,5,0.73594,0.51465,0.78826,0.509468,0.182409,0.003536,0.176249,0.008282,0.008328
basic,420,50,5,0.93975,0.46178,0.84353,0.505079,0.178006,0.003189,0.202693,0.010265,0.01193
basic,420,50,5,1.2,0.40992,0.84612,0.496611,0.166482,0.00419,0.230807,0.013422,0.013802
basic,420,50,10,0.05,0.62124,0.35314,0.557541,0.069103,0.001632,0.048608,0.001134,0.00127
basic,420,50,10,0.06385,0.62131,0.36388,0.555131,0.072598,0.002001,0.049763,0.001179,0.001092
basic,420,50,10,0.08153,0.62932,0.39165,0.550489,0.079472,0.002308,0.051874,0.001237,0.001846
basic,420,50,10,0.10411,0.61595,0.39924,0.548721,0.079429,0.00168,0.059828,0.001454,0.00196
basic,420,50,10,0.13294,0.61094,0.42148,0.544108,0.084914,0.002547,0.06595,0.00163,0.002642
basic,420,50,10,0.16975,0.61528,0.45387,0.538551,0.093988,0.002219,0.073241,0.001874,0.002412
basic,420,50,10,0.21677,0.59067,0.4893,0.535937,0.099316,0.002051,0.083496,0.002201,0.001953
basic,420,50,10,0.2768,0.57655,0.55241,0.528981,0.112114,0.002407,0.099178,0.00281,0.00371
basic,420,50,10,0.35345,0.56281,0.59321,0.513258,0.123948,0.003367,0.112058,0.00335,0.003051
basic,420,50,10,0.45134,0.53541,0.63474,0.506389,0.130063,0.002707,0.132229,0.004338,0.004332
basic,420,50,10,0.57633,0.50902,0.68181,0.493741,0.139957,0.002707,0.157776,0.005668,0.006428
basic,420,50,10,0.73594,0.50333,0.72502,0.476276,0.149157,0.003944,0.174973,0.006829,0.006693
basic,420,50,10,0.93975,0.46085,0.76901,0.468098,0.151043,0.003804,0.19546,0.008587,0.008957
basic,420,50,10,1.2,0.42002,0.77072,0.457558,0.145424,0.003059,0.228524,0.011886,0.016059
basic,420,50,20,0.05,0.4767,0.37112,0.4872,0.053041,0.001024,0.049457,0.001139,0.001126
basic,420,50,20,0.06385,0.47375,0.37285,0.486958,0.05381,0.000822,0.05114,0.001191,0.001027
basic,420,50,20,0.08153,0.47166,0.3794,0.48625,0.055104,0.000618,0.053868,0.001265,0.001751
basic,420,50,20,0.10411,0.47043,0.38639,0.486815,0.056551,0.001236,0.055315,0.001288,0.001133
basic,420,50,20,0.13294,0.4684,0.40796,0.486113,0.05906,0.001549,0.057718,0.00139,0.001342
basic,420,50,20,0.16975,0.45491,0.40985,0.487539,0.058671,0.001246,0.069055,0.001664,0.001765
basic,420,50,20,0.21677,0.45562,0.44154,0.483871,0.06294,0.001156,0.074919,0.00179,0.001996
basic,420,50,20,0.2768,0.45928,0.47831,0.47569,0.069626,0.000433,0.081971,0.002044,0.002707
basic,420,50,20,0.35345,0.4516,0.51912,0.473782,0.07648,0.000762,0.091601,0.002346,0.001741
basic,420,50,20,0.45134,0.43857,0.53366,0.468719,0.077898,0.001667,0.106123,0.002831,0.002667
basic,420,50,20,0.57633,0.42585,0.59544,0.462564,0.084672,0.001254,0.119316,0.003417,0.003305
basic,420,50,20,0.73594,0.41199,0.63236,0.455693,0.092939,0.001754,0.153145,0.004702,0.004559
basic,420,50,20,0.93975,0.39608,0.65254,0.448272,0.094424,0.001204,0.167048,0.005747,0.006865
basic,420,50,20,1.2,0.36317,0.67842,0.443166,0.093878,0.001484,0.197155,0.008114,0.007421
basic,1680,5,0,0.05,0.71839,1.0,0.827886,0.139894,0.028373,0.03222,0.013791,0.013607
basic,1680,5,0,0.06385,0.68945,1.0,0.795524,0.158546,0.03167,0.04593,0.020016,0.019682
basic,1680,5,0,0.08153,0.65041,1.0,0.759864,0.175374,0.034319,0.064763,0.028648,0.028208
basic,1680,5,0,0.10411,0.62056,1.0,0.718302,0.195616,0.039123,0.086082,0.038674,0.040284
basic,1680,5,0,0.13294,0.57611,1.0,0.67629,0.209909,0.042018,0.113801,0.052101,0.05138
basic,1680,5,0,0.16975,0.53556,1.0,0.630287,0.224793,0.046426,0.14492,0.067525,0.06574
basic,1680,5,0,0.21677,0.51628,1.0,0.581084,0.245172,0.048947,0.173744,0.083021,0.082916
basic,1680,5,0,0.2768,0.45925,1.0,0.536031,0.244299,0.047433,0.21967,0.107363,0.106887
basic,1680,5,0,0.35345,0.41333,1.0,0.487941,0.246291,0.050354,0.265768,0.135248,0.138237
basic,1680,5,0,0.45134,0.38728,1.0,0.439325,0.254138,0.051271,0.306537,0.160884,0.160901
basic,1680,5,0,0.57633,0.31164,1.0,0.387149,0.227669,0.045042,0.385183,0.220814,0.218821
basic,1680,5,0,0.73594,0.23215,1.0,0.335549,0.188815,0.037433,0.475636,0.287381,0.285821
basic,1680,5,0,0.93975,0.16372,1.0,0.286197,0.141883,0.02769,0.571919,0.345699,0.345434
basic,1680,5,0,1.2,0.16936,1.0,0.239083,0.161008,0.032122,0.599909,0.35551,0.358082
basic,1680,5,5,0.05,0.77851,0.18119,0.704462,0.018075,0.004121,0.007455,0.001655,0.001652
basic,1680,5,5,0.06385,0.77142,0.30271,0.6963,0.031117,0.006076,0.01281,0.002977,0.003022
basic,1680,5,5,0.08153,0.75562,0.47858,0.682416,0.051016,0.010515,0.021732,0.0056,0.00596
basic,1680,5,5,0.10411,0.7348,0.65666,0.659435,0.074982,0.015682,0.034512,0.009998,0.010361
basic,1680,5,5,0.13294,0.7026,0.83074,0.631637,0.099384,0.02026,0.053617,0.017441,0.017345
basic,1680,5,5,0.16975,0.65789,0.98915,0.601271,0.124067,0.025557,0.07866,0.027873,0.028377
basic,1680,5,5,0.21677,0.62459,1.11354,0.560206,0.149643,0.029804,0.10771,0.041278,0.040892
basic,1680,5,5,0.2768,0.5708,1.22795,0.528309,0.165925,0.03128,0.141763,0.058961,0.058771
basic,1680,5,5,0.35345,0.51148,1.31549,0.491371,0.175678,0.035537,0.186505,0.08206,0.082856
basic,1680,5,5,0.45134,0.46926,1.39252,0.454609,0.187104,0.037379,0.226329,0.10494,0.102
basic,1680,5,5,0.57633,0.38696,1.44972,0.414908,0.178038,0.036039,0.295934,0.154805,0.157901
basic,1680,5,5,0.73594,0.31606,1.4591,0.361966,0.163855,0.033867,0.371457,0.213124,0.221364
basic,1680,5,5,0.93975,0.21678,1.40767,0.312752,0.120741,0.024262,0.478747,0.300801,0.298773
basic,1680,5,5,1.2,0.20642,1.50695,0.276966,0.13103,0.028402,0.514201,0.304784,0.310958
basic,1680,5,10,0.05,0.67043,0.09346,0.630786,0.006489,0.001241,0.003875,0.000794,0.000865
basic,1680,5,10,0.06385,0.67285,0.15029,0.628704,0.010562,0.002052,0.005452,0.001132,0.001197
basic,1680,5,10,0.08153,0.66769,0.22918,0.625981,0.016279,0.003521,0.009506,0.002074,0.00254
basic,1680,5,10,0.10411,0.65951,0.38287,0.615248,0.027834,0.005803,0.016368,0.003734,0.004062
basic,1680,5,10,0.13294,0.65057,0.61757,0.60055,0.046342,0.009387,0.029683,0.007526,0.007421
basic,1680,5,10,0.16975,0.63392,0.91166,0.577713,0.072944,0.014671,0.046317,0.013156,0.01296
basic,1680,5,10,0.21677,0.60517,1.16171,0.550311,0.096976,0.018631,0.072201,0.023196,0.022552
basic,1680,5,10,0.2768,0.5633,1.39845,0.520635,0.118784,0.024877,0.104094,0.037722,0.038002
basic,1680,5,10,0.35345,0.51823,1.56863,0.488303,0.135811,0.027229,0.141637,0.056637,0.057778
basic,1680,5,10,0.45134,0.47361,1.74268,0.454413,0.149516,0.029552,0.186788,0.080957,0.07991
basic,1680,5,10,0.57633,0.41712,1.86723,0.416004,0.15602,0.031102,0.243265,0.117055,0.116047
basic,1680,5,10,0.73594,0.32838,1.88861,0.365308,0.141988,0.028889,0.33004,0.183267,0.183383
basic,1680,5,10,0.93975,0.23825,1.83339,0.318074,0.112472,0.023793,0.429526,0.26855,0.26868
basic,1680,5,10,1.2,0.21871,1.98067,0.273848,0.120391,0.023397,0.482064,0.28495,0.285321
basic,1680,5,20,0.05,0.49054,0.08212,0.556049,0.002941,0.000471,0.002222,0.000444,0.000449
basic,1680,5,20,0.06385,0.49068,0.09615,0.555108,0.00342,0.00054,0.002768,0.000558,0.000563
basic,1680,5,20,0.08153,0.49317,0.11502,0.554499,0.004148,0.001014,0.00381,0.000771,0.000721
basic,1680,5,20,0.10411,0.49124,0.16237,0.5516,0.005949,0.00134,0.005086,0.001035,0.001022
basic,1680,5,20,0.13294,0.49351,0.25799,0.549979,0.009544,0.001804,0.008357,0.001708,0.001667
basic,1680,5,20,0.16975,0.48749,0.4825,0.547872,0.01775,0.003255,0.014657,0.003116,0.003047
basic,1680,5,20,0.21677,0.48922,0.78629,0.535022,0.029995,0.005532,0.026074,0.006119,0.006061
basic,1680,5,20,0.2768,0.48217,1.20924,0.520561,0.048848,0.009265,0.045717,0.012238,0.012193
basic,1680,5,20,0.35345,0.46499,1.6911,0.500081,0.070824,0.014485,0.072858,0.022888,0.02227
basic,1680,5,20,0.45134,0.44339,2.10865,0.474955,0.090635,0.018443,0.102608,0.03705,0.036535
basic,1680,5,20,0.57633,0.40447,2.44348,0.44785,0.104301,0.021583,0.144899,0.060254,0.063132
basic,1680,5,20,0.73594,0.36137,2.62453,0.41001,0.110943,0.020988,0.202127,0.096427,0.094342
basic,1680,5,20,0.93975,0.27991,2.61266,0.364109,0.097165,0.018153,0.293934,0.175201,0.177056
basic,1680,5,20,1.2,0.24119,2.8514,0.313321,0.103502,0.01961,0.37184,0.210256,0.208345
basic,1680,20,0,0.05,0.7036,1.0,0.789088,0.165845,0.008048,0.045066,0.00498,0.004783
basic,1680,20,0,0.06385,0.67758,1.0,0.755189,0.185423,0.008847,0.059388,0.006768,0.007442
basic,1680,20,0,0.08153,0.64562,1.0,0.717283,0.203288,0.010646,0.079429,0.009108,0.009433
basic,1680,20,0,0.10411,0.60666,1.0,0.679628,0.217032,0.010154,0.10334,0.012075,0.012282
basic,1680,20,0,0.13294,0.57922,1.0,0.638707,0.234431,0.011249,0.126862,0.015161,0.015122
basic,1680,20,0,0.16975,0.54729,1.0,0.599364,0.247243,0.010698,0.153393,0.018643,0.018936
basic,1680,20,0,0.21677,0.51815,1.0,0.561969,0.257587,0.013444,0.180444,0.02216,0.023064
basic,1680,20,0,0.2768,0.48987,1.0,0.525311,0.265169,0.013042,0.20952,0.026446,0.024638
basic,1680,20,0,0.35345,0.47399,1.0,0.48867,0.277968,0.01304,0.233362,0.030239,0.028146
basic,1680,20,0,0.45134,0.44961,1.0,0.458027,0.280314,0.014695,0.261659,0.035086,0.036814
basic,1680,20,0,0.57633,0.41937,1.0,0.42646,0.279015,0.013647,0.294525,0.042968,0.042399
basic,1680,20,0,0.73594,0.36454,1.0,0.39566,0.260807,0.013196,0.343534,0.063132,0.064708
basic,1680,20,0,0.93975,0.29265,1.0,0.351542,0.232844,0.011574,0.415613,0.115332,0.113613
basic,1680,20,0,1.2,0.22406,1.0,0.294654,0.199782,0.00982,0.505565,0.1491,0.152046
basic,1680,20,5,0.05,0.76282,0.28516,0.682368,0.048405,0.002261,0.021051,0.001262,0.001165
basic,1680,20,5,0.06385,0.74731,0.37891,0.667146,0.068048,0.003383,0.030068,0.00198,0.001764
basic,1680,20,5,0.08153,0.72578,0.47426,0.649029,0.088908,0.004117,0.04224,0.003107,0.003024
basic,1680,20,5,0.10411,0.69047,0.56465,0.625923,0.109463,0.006086,0.06135,0.005,0.004937
basic,1680,20,5,0.13294,0.66099,0.6384,0.595037,0.13106,0.007456,0.081948,0.007148,0.006868
basic,1680,20,5,0.16975,0.62485,0.71775,0.567313,0.151901,0.008084,0.105739,0.010038,0.010144
basic,1680,20,5,0.21677,0.58507,0.78805,0.539957,0.169239,0.008627,0.13459,0.013488,0.012829
basic,1680,20,5,0.2768,0.54387,0.84679,0.514403,0.183427,0.00897,0.163832,0.017279,0.016103
basic,1680,20,5,0.35345,0.5234,0.90107,0.483993,0.20134,0.010585,0.18904,0.020746,0.02117
basic,1680,20,5,0.45134,0.48169,0.94903,0.465918,0.206301,0.010752,0.221627,0.025303,0.024849
basic,1680,20,5,0.57633,0.44462,0.97889,0.445329,0.208486,0.00944,0.251022,0.031096,0.032698
basic,1680,20,5,0.73594,0.39717,1.00882,0.416804,0.20672,0.010326,0.29242,0.049188,0.04905
basic,1680,20,5,0.93975,0.32602,1.03088,0.376034,0.192787,0.009016,0.359657,0.094819,0.094738
basic,1680,20,5,1.2,0.24825,1.02391,0.323416,0.163826,0.008965,0.444932,0.127909,0.128854
basic,1680,20,10,0.05,0.6689,0.16437,0.619614,0.023641,0.001044,0.01448,0.000766,0.00063
basic,1680,20,10,0.06385,0.66188,0.21766,0.613979,0.031604,0.001692,0.018894,0.001055,0.000906
basic,1680,20,10,0.08153,0.65248,0.30241,0.604874,0.044792,0.002216,0.027883,0.001618,0.001777
basic,1680,20,10,0.10411,0.64196,0.39364,0.589456,0.061082,0.002904,0.040003,0.002511,0.002398
basic,1680,20,10,0.13294,0.62522,0.50474,0.570718,0.081018,0.003942,0.056007,0.003984,0.003989
basic,1680,20,10,0.16975,0.58814,0.62085,0.549985,0.100578,0.005376,0.08171,0.006441,0.006797
basic,1680,20,10,0.21677,0.57231,0.72966,0.524192,0.124582,0.005513,0.103708,0.008994,0.00864
basic,1680,20,10,0.2768,0.54271,0.80797,0.498451,0.14177,0.00776,0.134039,0.012401,0.013071
basic,1680,20,10,0.35345,0.52102,0.9082,0.473729,0.162787,0.008044,0.159937,0.015663,0.014917
basic,1680,20,10,0.45134,0.49105,0.96943,0.452953,0.174396,0.008054,0.192248,0.019616,0.020134
basic,1680,20,10,0.57633,0.45075,1.03169,0.435219,0.179859,0.008626,0.226608,0.02585,0.025025
basic,1680,20,10,0.73594,0.40997,1.07793,0.41075,0.183072,0.009028,0.266075,0.037687,0.037673
basic,1680,20,10,0.93975,0.3349,1.10464,0.372919,0.170511,0.00921,0.335234,0.074717,0.073933
basic,1680,20,10,1.2,0.25937,1.11028,0.322447,0.149697,0.006628,0.420901,0.116142,0.120401
basic,1680,20,20,0.05,0.49512,0.12256,0.550401,0.011319,0.000342,0.008353,0.000427,0.000502
basic,1680,20,20,0.06385,0.49748,0.14008,0.549083,0.013096,0.000803,0.011055,0.00057,0.000619
basic,1680,20,20,0.08153,0.4969,0.16964,0.546753,0.016182,0.000786,0.014009,0.000737,0.000855
basic,1680,20,20,0.10411,0.49172,0.22653,0.541883,0.021218,0.0008,0.019877,0.001059,0.001341
basic,1680,20,20,0.13294,0.49158,0.31811,0.536941,0.030354,0.001656,0.027786,0.001564,0.001824
basic,1680,20,20,0.16975,0.49291,0.45087,0.527518,0.045088,0.002153,0.037837,0.002273,0.002574
basic,1680,20,20,0.21677,0.48647,0.60061,0.514883,0.061554,0.003111,0.056238,0.003696,0.003604
basic,1680,20,20,0.2768,0.47593,0.73929,0.496858,0.078776,0.004445,0.077185,0.005643,0.004966
basic,1680,20,20,0.35345,0.45171,0.87866,0.481988,0.094439,0.004622,0.103481,0.008375,0.008667
basic,1680,20,20,0.45134,0.43344,1.00155,0.463045,0.109027,0.005424,0.132377,0.011509,0.010602
basic,1680,20,20,0.57633,0.41911,1.12111,0.444405,0.125726,0.006294,0.162941,0.01527,0.015282
basic,1680,20,20,0.73594,0.39081,1.22099,0.426483,0.134801,0.006531,0.201666,0.022148,0.020941
basic,1680,20,20,0.93975,0.34408,1.26437,0.399452,0.133726,0.006414,0.25076,0.043096,0.042875
basic,1680,20,20,1.2,0.27332,1.30515,0.349926,0.12618,0.00645,0.341875,0.084493,0.084928
basic,1680,50,0,0.05,0.70389,1.0,0.749707,0.195047,0.003955,0.055245,0.002459,0.002546
basic,1680,50,0,0.06385,0.66649,1.0,0.715872,0.210089,0.00453,0.074039,0.003368,0.00347
basic,1680,50,0,0.08153,0.62692,1.0,0.679376,0.223862,0.004253,0.096762,0.00447,0.004383
basic,1680,50,0,0.10411,0.60698,1.0,0.64013,0.244327,0.005179,0.115543,0.005477,0.005814
basic,1680,50,0,0.13294,0.57386,1.0,0.603776,0.254107,0.005094,0.142118,0.006857,0.006538
basic,1680,50,0,0.16975,0.54254,1.0,0.565613,0.266173,0.005297,0.168214,0.008264,0.008867
basic,1680,50,0,0.21677,0.5196,1.0,0.530871,0.276275,0.005913,0.192853,0.009598,0.010307
basic,1680,50,0,0.2768,0.50092,1.0,0.498793,0.28565,0.006516,0.215556,0.01089,0.010792
basic,1680,50,0,0.35345,0.47774,1.0,0.470964,0.289223,0.005359,0.239814,0.012413,0.013031
basic,1680,50,0,0.45134,0.44965,1.0,0.447859,0.286062,0.005836,0.266079,0.014168,0.012871
basic,1680,50,0,0.57633,0.42771,1.0,0.429802,0.283116,0.006371,0.287082,0.016049,0.015746
basic,1680,50,0,0.73594,0.40913,1.0,0.408932,0.282509,0.006092,0.308558,0.019566,0.018949
basic,1680,50,0,0.93975,0.35664,1.0,0.384361,0.263456,0.00549,0.352182,0.039136,0.039231
basic,1680,50,0,1.2,0.29228,1.0,0.345922,0.235127,0.005101,0.418951,0.064513,0.072098
basic,1680,50,5,0.05,0.73838,0.39291,0.657677,0.081534,0.001617,0.03684,0.000975,0.001274
basic,1680,50,5,0.06385,0.72494,0.45996,0.639553,0.100356,0.001727,0.047334,0.001342,0.001483
basic,1680,50,5,0.08153,0.68904,0.52494,0.619429,0.117824,0.002664,0.065572,0.002036,0.002293
basic,1680,50,5,0.10411,0.66823,0.60641,0.593439,0.142908,0.002595,0.081869,0.002778,0.00319
basic,1680,50,5,0.13294,0.62783,0.65856,0.567777,0.158474,0.003237,0.106884,0.003922,0.003678
basic,1680,50,5,0.16975,0.59917,0.70974,0.539974,0.176294,0.003735,0.131476,0.005059,0.00483
basic,1680,50,5,0.21677,0.56634,0.76255,0.51697,0.191265,0.004014,0.155259,0.006291,0.005721
basic,1680,50,5,0.2768,0.53513,0.80576,0.493531,0.204671,0.004206,0.181155,0.007699,0.006979
basic,1680,50,5,0.35345,0.50386,0.8386,0.475105,0.211433,0.004057,0.206002,0.008958,0.007879
basic,1680,50,5,0.45134,0.48084,0.8637,0.456312,0.218319,0.004357,0.22935,0.010333,0.009627
basic,1680,50,5,0.57633,0.45053,0.89251,0.442238,0.219967,0.004023,0.252039,0.012008,0.012726
basic,1680,50,5,0.73594,0.42595,0.91185,0.42678,0.220137,0.004014,0.27606,0.015453,0.013914
basic,1680,50,5,0.93975,0.37656,0.92848,0.409006,0.209525,0.003402,0.313274,0.025831,0.025674
basic,1680,50,5,1.2,0.30288,0.94296,0.376189,0.189725,0.003484,0.375073,0.058201,0.057539
basic,1680,50,10,0.05,0.65303,0.2505,0.602145,0.046868,0.001033,0.029588,0.000676,0.000632
basic,1680,50,10,0.06385,0.65168,0.31147,0.591818,0.059923,0.001289,0.035796,0.000862,0.000874
basic,1680,50,10,0.08153,0.63914,0.38322,0.580519,0.075908,0.001803,0.046923,0.00121,0.001301
basic,1680,50,10,0.10411,0.62368,0.45,0.562954,0.092627,0.0021,0.062845,0.001746,0.001858
basic,1680,50,10,0.13294,0.60074,0.52814,0.545149,0.110972,0.002152,0.082076,0.002515,0.002075
basic,1680,50,10,0.16975,0.57838,0.60561,0.520911,0.132695,0.00286,0.104677,0.003452,0.00308
basic,1680,50,10,0.21677,0.55222,0.66997,0.499677,0.148068,0.003201,0.132268,0.004638,0.004581
basic,1680,50,10,0.2768,0.52552,0.72984,0.478603,0.163542,0.003333,0.155288,0.005826,0.006447
basic,1680,50,10,0.35345,0.49928,0.77747,0.459118,0.175774,0.003357,0.183311,0.007061,0.006517
basic,1680,50,10,0.45134,0.47769,0.83053,0.441016,0.187554,0.003714,0.212161,0.008523,0.008781
basic,1680,50,10,0.57633,0.45283,0.86393,0.430219,0.19134,0.003773,0.234459,0.009974,0.010349
basic,1680,50,10,0.73594,0.42935,0.89354,0.415154,0.196602,0.003946,0.259443,0.012304,0.013192
basic,1680,50,10,0.93975,0.38551,0.91814,0.398475,0.19159,0.003833,0.29608,0.022353,0.022526
basic,1680,50,10,1.2,0.31776,0.93398,0.367053,0.177292,0.00385,0.353927,0.048059,0.04883
basic,1680,50,20,0.05,0.4936,0.18737,0.541452,0.025211,0.000401,0.021175,0.000446,0.000661
basic,1680,50,20,0.06385,0.49505,0.20123,0.537308,0.027614,0.000622,0.024888,0.00053,0.000598
basic,1680,50,20,0.08153,0.49683,0.25571,0.532972,0.035608,0.000802,0.029341,0.000647,0.000802
basic,1680,50,20,0.10411,0.48233,0.30809,0.529405,0.042923,0.00074,0.038556,0.000882,0.000937
basic,1680,50,20,0.13294,0.48693,0.37992,0.520279,0.054621,0.001121,0.04945,0.001194,0.001248
basic,1680,50,20,0.16975,0.48334,0.47889,0.509877,0.071542,0.001294,0.065336,0.001698,0.001769
basic,1680,50,20,0.21677,0.47816,0.55822,0.494133,0.086332,0.001498,0.083585,0.002338,0.002136
basic,1680,50,20,0.2768,0.46567,0.64999,0.478385,0.102501,0.001805,0.102559,0.003124,0.003377
basic,1680,50,20,0.35345,0.44834,0.72324,0.4635,0.115814,0.002355,0.128811,0.004154,0.004281
basic,1680,50,20,0.45134,0.43449,0.79712,0.448766,0.130131,0.002856,0.153975,0.005366,0.005327
basic,1680,50,20,0.57633,0.41962,0.86071,0.434507,0.142104,0.002284,0.182139,0.006641,0.006952
basic,1680,50,20,0.73594,0.39371,0.89439,0.424368,0.143628,0.003048,0.21362,0.008675,0.009073
basic,1680,50,20,0.93975,0.36181,0.92678,0.410579,0.143383,0.002354,0.250644,0.014134,0.013978
basic,1680,50,20,1.2,0.31108,0.96465,0.388236,0.140159,0.002431,0.299645,0.032723,0.033754
