access,w_eff,n_vis,n_nat,alpha,c0,c_med,c_lo,c_hi,T,rho,J
rts,210,5,0,0.25,1.05,1.451355213582605,1.3826094033561676,1.4976457511622898,0.6890972222222222,1.0,-0.3723729116498504
rts,210,5,0,0.25,1.2,1.4315494397232582,1.3612715057535933,1.4900610703608372,0.6863789682539684,1.0,-0.3763253719334595
rts,210,5,0,0.25,2.5,1.440082919576911,1.3417828464672978,1.4914895617535984,0.6858994708994709,1.0,-0.3770242058731774
rts,210,5,0,0.5,1.05,1.4747300630307851,1.4444450555551072,1.5300246180631265,0.6812566137566138,1.0,-0.38381622478521904
rts,210,5,0,0.5,1.2,1.4924983126796219,1.407081423921354,1.5377831498664287,0.6818584656084656,1.0,-0.38293317110901487
rts,210,5,0,0.5,2.5,1.5007873591372325,1.3951574811858498,1.5482428208815684,0.6887896825396825,1.0,-0.37281930487208625
rts,210,5,0,1.0,1.05,1.617626118309477,1.5400704727540775,1.713969742820159,0.6760879629629629,1.0,-0.39143208867812407
rts,210,5,0,1.0,1.2,1.6186658982966637,1.5386885297724877,1.7268639114847042,0.6788789682539682,1.0,-0.38731241730601507
rts,210,5,0,1.0,2.5,1.616929586574951,1.5399304881964224,1.6869088693381453,0.6769345238095238,1.0,-0.39018072594719116
rts,210,5,5,0.25,1.05,2.320565294088751,2.012716569951293,2.6470322707159486,0.7094808201058201,1.0218362752066061,-0.34333846952909697
rts,210,5,5,0.25,1.2,2.2569237249869776,2.0021507563007677,2.6346824424329536,0.7084986772486772,1.0251419984806998,-0.34476123318230417
rts,210,5,5,0.25,2.5,2.391183568925608,2.0067040715994637,2.5981975269150874,0.7045899470899472,1.0153290367558025,-0.350197137538457
rts,210,5,5,0.5,1.05,2.383711081008972,1.976974727756841,2.7449394673793384,0.7066931216931218,1.0563275798755112,-0.3486601936557295
rts,210,5,5,0.5,1.2,2.48287663406606,2.128889527142868,2.8699046922082165,0.7007308201058201,1.03336481580524,-0.3561700455288775
rts,210,5,5,0.5,2.5,2.434577088411869,2.193137804841982,2.7532803765739433,0.7054761904761905,1.0770536374281208,-0.3516372437315585
rts,210,5,5,1.0,1.05,2.6949746746882868,2.390146920247482,3.3223615315942876,0.6931448412698412,1.1305071885131188,-0.38156333414647986
rts,210,5,5,1.0,1.2,2.7145110977010014,2.469937863116345,3.2146961526317877,0.6907109788359788,1.1182439783021356,-0.3825240111437533
rts,210,5,5,1.0,2.5,2.78172119679929,2.4182009246229867,3.2443525881331756,0.6907870370370371,1.1119580805500946,-0.38118568256494606
rts,210,5,10,0.25,1.05,2.8402713060919824,2.456425304095384,3.287232537415451,0.6838095238095239,1.1543663231608625,-0.38522763637215723
rts,210,5,10,0.25,1.2,2.8791760772495643,2.4812333824872694,3.450551983406034,0.689375,1.142318695772093,-0.3763961392154011
rts,210,5,10,0.25,2.5,2.872783580940872,2.653937264205579,3.4798385583757607,0.6834986772486773,1.14767106759662,-0.3852732720682649
rts,210,5,10,0.5,1.05,2.9705753716546015,2.5145905771474566,3.4016573798820255,0.6858167989417989,1.2193523525438208,-0.3968101271388259
rts,210,5,10,0.5,1.2,3.0063986680246386,2.805098596660991,3.445232515419164,0.6855291005291005,1.2043928022792052,-0.3948577803462573
rts,210,5,10,0.5,2.5,3.222909101643081,2.4540133816705603,3.7134224336202246,0.6864451058201059,1.222037386221548,-0.3963330451907196
rts,210,5,10,1.0,1.05,3.3636186125622953,2.9763311593874597,3.947356699996794,0.6705588624338624,1.2909558040172868,-0.46486420529988015
rts,210,5,10,1.0,1.2,3.3949883079266403,2.9976853710352387,3.936365211086884,0.6698412698412698,1.2996168639337593,-0.4693949286924495
rts,210,5,10,1.0,2.5,3.420998214441095,3.092624961144943,3.942283576246542,0.6744378306878307,1.3725548642402507,-0.49415811692971345
rts,210,5,20,0.25,1.05,3.9093129308604233,3.3726225276511,4.0,0.6260747354497355,1.3744284367985582,-0.49357256568266494
rts,210,5,20,0.25,1.2,3.8560154012634658,3.4465463883226084,4.0,0.6291468253968254,1.2701489490383777,-0.4776869113862218
rts,210,5,20,0.25,2.5,3.8786779508644864,3.5241505061742124,4.0,0.6206150793650794,1.401374316089383,-0.5055129301102945
rts,210,5,20,0.5,1.05,3.9840813146434235,3.4305614864249296,4.0,0.6264318783068783,1.450202302981933,-0.5367968289422823
rts,210,5,20,0.5,1.2,3.981783467729429,3.5867875397157167,4.0,0.6316501322751323,1.4011253567487076,-0.5162970886818848
rts,210,5,20,0.5,2.5,3.856665782262769,3.4598187930104043,4.0,0.6229662698412698,1.4553623683017187,-0.54367103065731
rts,210,5,20,1.0,1.05,3.9510875426441556,3.599021106363304,4.0,0.6205952380952381,1.4331016119894417,-0.6065617848607194
rts,210,5,20,1.0,1.2,3.9751630210968463,3.469203008277944,4.0,0.6255886243386243,1.4093548540431822,-0.5868018768149253
rts,210,5,20,1.0,2.5,3.971999375400853,3.756900795951687,4.0,0.623723544973545,1.4859087068806733,-0.6288850414599927
rts,210,20,0,0.25,1.05,1.2210904317860383,1.1643404911173976,1.2737615947523002,0.7029629629629629,1.0,-0.35245107282254734
rts,210,20,0,0.25,1.2,1.2140555735632717,1.1254682463871228,1.2689282503050863,0.7042030423280424,1.0,-0.35068855200916754
rts,210,20,0,0.25,2.5,1.2167937640470174,1.1391003556092971,1.2655077649697755,0.7032473544973544,1.0,-0.3520465934431293
rts,210,20,0,0.5,1.05,1.2527191291598527,1.1464743726345104,1.3136091493948368,0.7063921957671958,1.0,-0.3475846776480984
rts,210,20,0,0.5,1.2,1.2622872766510493,1.2121094845044942,1.3573765009770409,0.7061375661375662,1.0,-0.34794520758418185
rts,210,20,0,0.5,2.5,1.2694227321305869,1.2085421363913325,1.332670026182725,0.7025165343915344,1.0,-0.3530863415508105
rts,210,20,0,1.0,1.05,1.3316679266209692,1.2578442196911277,1.4435463401573774,0.7049173280423281,1.0,-0.34967474823415523
rts,210,20,0,1.0,1.2,1.346011422677328,1.213288077860525,1.404523413175026,0.7068750000000001,1.0,-0.34690143211175195
rts,210,20,0,1.0,2.5,1.337759523564715,1.2767013327650678,1.4058746851913926,0.7040674603174603,1.0,-0.3508811031003768
rts,210,20,5,0.25,1.05,1.6253788930179647,1.3797636521424688,1.774873543008884,0.7243386243386244,0.6675864261542112,-0.3633177414126636
rts,210,20,5,0.25,1.2,1.6231772250407415,1.461677697110857,1.9028498530742226,0.722556216931217,0.6603710840703859,-0.36800662448997706
rts,210,20,5,0.25,2.5,1.620814490882331,1.5034517183668559,1.8280452102547713,0.7258134920634921,0.6784520644437314,-0.3580868375957914
rts,210,20,5,0.5,1.05,1.715008621290806,1.57128314484153,1.8951543202930423,0.7208201058201058,0.6916207421039539,-0.395341989314026
rts,210,20,5,0.5,1.2,1.74155825720754,1.5521577853677224,1.9283137176144636,0.7198412698412698,0.6976358038932512,-0.3935454615110394
rts,210,20,5,0.5,2.5,1.7350066542290214,1.5827867801103583,1.8344531423158075,0.7208465608465607,0.7315754948477569,-0.3761742484329834
rts,210,20,5,1.0,1.05,1.9948896727177345,1.7058844417987988,2.172049029120451,0.7144212962962962,0.758448696826972,-0.4127236966579495
rts,210,20,5,1.0,1.2,1.9722251889659952,1.8024132602043745,2.1390674940544963,0.7129265873015873,0.7682258875312625,-0.40789946827252827
rts,210,20,5,1.0,2.5,2.0366890753057225,1.676406314938198,2.3440811810162345,0.7071924603174603,0.7880508327483339,-0.403188183095046
rts,210,20,10,0.25,1.05,1.856130221452983,1.6330775941528932,2.025741111916867,0.7004530423280423,0.6039662340713009,-0.4195916845886517
rts,210,20,10,0.25,1.2,1.8220335610145315,1.584715728242686,2.0810850688994305,0.6991765873015874,0.6011541400249092,-0.4225977362477315
rts,210,20,10,0.25,2.5,1.838828272586235,1.653071324084359,2.0184048712048557,0.7038723544973545,0.6235479330542576,-0.4069320759677173
rts,210,20,10,0.5,1.05,1.8923072647475006,1.5494047693736548,2.368050999513418,0.6957572751322751,0.6586075628839185,-0.44996075550227466
rts,210,20,10,0.5,1.2,2.0370495110800855,1.7782439622022563,2.3099382359351486,0.6944014550264551,0.634625410359961,-0.4680903227545394
rts,210,20,10,0.5,2.5,2.0001485209625773,1.761729540032656,2.236291291868582,0.6903670634920637,0.6406551314022236,-0.46966185421108064
rts,210,20,10,1.0,1.05,2.2620861063676156,2.018458833767768,2.4969038095271268,0.6891038359788361,0.6985869397026144,-0.5010258773885409
rts,210,20,10,1.0,1.2,2.3200878376742518,2.0427530307878596,2.775518562430993,0.6879497354497355,0.7073040991004792,-0.4939594384738487
rts,210,20,10,1.0,2.5,2.3006242855982806,1.8821331107689176,2.607184231500711,0.6834424603174604,0.7393213873603529,-0.4718304355622429
rts,210,20,20,0.25,1.05,2.399526146887571,2.1107910020202434,3.1631044525554994,0.6281613756613756,0.5976118897996804,-0.5312164770652059
rts,210,20,20,0.25,1.2,2.415166869998535,1.8633994689712956,3.0604647023747225,0.6262830687830688,0.6227355561235013,-0.5240349537045446
rts,210,20,20,0.25,2.5,2.5326746798839195,1.9915032257335303,2.9077656090804913,0.6287896825396825,0.6649935977382951,-0.5055699309291443
rts,210,20,20,0.5,1.05,2.6856065993757707,2.1574541601487267,3.233065530148002,0.6294378306878307,0.6697317100599977,-0.5432798075305495
rts,210,20,20,0.5,1.2,2.658288240652867,2.2056627015732495,3.220261213970716,0.6294411375661376,0.6750741499862011,-0.540121006506286
rts,210,20,20,0.5,2.5,2.741908091695942,2.206847070172709,3.4107624514925288,0.6266997354497356,0.710154076780824,-0.5258632576818387
rts,210,20,20,1.0,1.05,3.162398616858141,2.745529247752896,3.596416363006081,0.6198148148148147,0.741420340480238,-0.5678477234570266
rts,210,20,20,1.0,1.2,3.22091936863713,2.9209144885780898,3.846073068854924,0.6207109788359788,0.7433394107974429,-0.5648627770713734
rts,210,20,20,1.0,2.5,3.210095562305768,2.878633087950828,3.847859067141219,0.6167989417989418,0.7760253714372537,-0.54750994981467
rts,210,50,0,0.25,1.05,1.0456236331894893,1.02,1.1130215796558258,0.7036177248677249,1.0,-0.35152007475365576
rts,210,50,0,0.25,1.2,1.0551084437211937,1.02,1.075683363769268,0.7050859788359789,1.0,-0.34943552781015713
rts,210,50,0,0.25,2.5,1.0653581063115545,1.02,1.1352754790932043,0.705595238095238,1.0,-0.3487135230435669
rts,210,50,0,0.5,1.05,1.0724308711998667,1.02,1.1597406633048004,0.7071825396825396,1.0,-0.34646645732641546
rts,210,50,0,0.5,1.2,1.0942821212362097,1.02,1.1737198727620144,0.7069874338624338,1.0,-0.34674238712975397
rts,210,50,0,0.5,2.5,1.078582670098484,1.02,1.1349856639126792,0.708885582010582,1.0,-0.3440611448657559
rts,210,50,0,1.0,1.05,1.1251509239250777,1.0503956608107812,1.1984991291790459,0.7101223544973546,1.0,-0.3423179935159683
rts,210,50,0,1.0,1.2,1.1336865841835269,1.064264592445047,1.2302633898438275,0.7102579365079364,1.0,-0.3421270840646725
rts,210,50,0,1.0,2.5,1.1142566451345237,1.0553288813171036,1.1924999465170822,0.7110185185185185,1.0,-0.34105680378176756
rts,210,50,5,0.25,1.05,1.1644776008896263,1.0221972982069223,1.2717226561148767,0.7409193121693122,0.5962837831343557,-0.3666957731286972
rts,210,50,5,0.25,1.2,1.1463966541135653,1.0602857146815265,1.2957030287558144,0.739811507936508,0.5948843617017691,-0.36880088082243256
rts,210,50,5,0.25,2.5,1.116696726551818,1.041750839077477,1.2932860232146495,0.7375826719576719,0.6052932311291308,-0.3673887068907229
rts,210,50,5,0.5,1.05,1.234154938438866,1.1198834731107887,1.4249252938914967,0.7369113756613755,0.6303246392353724,-0.41178813408198905
rts,210,50,5,0.5,1.2,1.2430189727386276,1.102942465310822,1.3756522756725682,0.7342890211640212,0.6183399657071221,-0.4243969189148932
rts,210,50,5,0.5,2.5,1.2681539208667587,1.097749042278248,1.381784328682223,0.7348478835978837,0.6317867587319571,-0.4135256200727414
rts,210,50,5,1.0,1.05,1.4084418144031372,1.2752805332221535,1.5727525726839704,0.7284424603174603,0.6819633373732809,-0.4633666940750141
rts,210,50,5,1.0,1.2,1.4100357865423678,1.1711208529766248,1.502160603461502,0.7294510582010583,0.6797907752989346,-0.4644360069781602
rts,210,50,5,1.0,2.5,1.4296598644304477,1.3280201707263288,1.6150107344504572,0.7291865079365079,0.6992911770825879,-0.4437664879838674
rts,210,50,10,0.25,1.05,1.132578710500935,1.02,1.2430601195712616,0.7129166666666666,0.5009183555626908,-0.45786886605439064
rts,210,50,10,0.25,1.2,1.1411075204603405,1.049324772018547,1.3620277182986846,0.711574074074074,0.4981247065582981,-0.46169483866231353
rts,210,50,10,0.25,2.5,1.1059888123732131,1.02,1.3526731645962562,0.7118088624338624,0.5083164479629092,-0.4544100317726908
rts,210,50,10,0.5,1.05,1.196620500500552,1.046479363288525,1.3939109434503099,0.7131084656084656,0.5269339865795927,-0.5433571762645826
rts,210,50,10,0.5,1.2,1.2797747859725739,1.0480199555743916,1.4054834370690474,0.7093154761904762,0.5298666727140074,-0.5451498647563607
rts,210,50,10,0.5,2.5,1.2120359809287993,1.0764957274147933,1.4525101966887464,0.7109457671957671,0.5455057295732603,-0.5248025638436942
rts,210,50,10,1.0,1.05,1.4635315823498494,1.308817419782198,1.6624060082534096,0.7065343915343915,0.5819285377280391,-0.6405056170017992
rts,210,50,10,1.0,1.2,1.415766115929498,1.2108344196984617,1.8830233926852937,0.7010747354497355,0.5821222079786993,-0.6479028042241362
rts,210,50,10,1.0,2.5,1.4111171330807672,1.3047712294902558,1.8073124690229687,0.7016534391534393,0.6053180858465528,-0.6063208754509579
rts,210,50,20,0.25,1.05,1.15972404522447,1.031748574739478,1.3302460378737382,0.6474867724867724,0.5091676638721676,-0.5485557116900723
rts,210,50,20,0.25,1.2,1.1363789169287017,1.02,1.437845550748111,0.6462334656084656,0.5180098283641682,-0.5447568426930351
rts,210,50,20,0.25,2.5,1.2455049475624798,1.02,1.4772380159679546,0.6500297619047619,0.5432127231043026,-0.5238397013143814
rts,210,50,20,0.5,1.05,1.2745005572680728,1.0870395824805088,1.6226359162467026,0.6465839947089947,0.5297473055829364,-0.6378902617839655
rts,210,50,20,0.5,1.2,1.284174190989487,1.1106032098888863,1.5630504306774629,0.6497288359788359,0.5390832898764361,-0.6220912346251246
rts,210,50,20,0.5,2.5,1.4010131683779448,1.1232095680176033,1.638649623379833,0.6452215608465609,0.546294840850404,-0.6209299481036313
rts,210,50,20,1.0,1.05,1.5398519666312693,1.2824863197617118,1.8629072279166634,0.6446362433862435,0.5894194755451312,-0.7185051934414881
rts,210,50,20,1.0,1.2,1.6020129245242871,1.3983490783597725,2.029329016190008,0.6388988095238095,0.5667056245505065,-0.7705369721788138
rts,210,50,20,1.0,2.5,1.7366663999580774,1.415580598945932,2.1611861566801513,0.6349305555555556,0.6062784745657405,-0.7046556898246501
rts,420,5,0,0.25,1.05,1.2396271564560792,1.214978625464052,1.2680894318857185,0.727199074074074,1.0,-0.31855500939515435
rts,420,5,0,0.25,1.2,1.2375801227856984,1.199303265715075,1.265134702690228,0.7295684523809524,1.0,-0.31530208076631455
rts,420,5,0,0.25,2.5,1.2419885087253628,1.2224090238689174,1.2790262392919434,0.7275082671957671,1.0,-0.3181299161580786
rts,420,5,0,0.5,1.05,1.2690368494689954,1.2403315126556547,1.312561366227605,0.7284837962962962,1.0,-0.3167898961525225
rts,420,5,0,0.5,1.2,1.2629893620060266,1.2342546481728647,1.3099267728100217,0.7248296957671957,1.0,-0.32181855411142496
rts,420,5,0,0.5,2.5,1.2701803161459024,1.2482563402265272,1.2883582332782961,0.7259970238095238,1.0,-0.3202093636016613
rts,420,5,0,1.0,1.05,1.3255072592317954,1.2932276281614634,1.3637956619023457,0.7205505952380952,1.0,-0.3277396436095709
rts,420,5,0,1.0,1.2,1.3236081219035298,1.2977240981284432,1.3563939578617221,0.7218882275132276,1.0,-0.32588496161201025
rts,420,5,0,1.0,2.5,1.3274533499897014,1.2869754709238284,1.3586849073696947,0.7199785052910053,1.0,-0.32853392118016117
rts,420,5,5,0.25,1.05,1.53373400688575,1.4366337840669896,1.6708692911265426,0.7418303571428572,0.9792557100368723,-0.29874454748587664
rts,420,5,5,0.25,1.2,1.5737120246435679,1.505971606804625,1.628636658182763,0.7380902777777778,0.9724740437806757,-0.3038839027082142
rts,420,5,5,0.25,2.5,1.5593091969096802,1.4601598780328244,1.6275955455967075,0.7375082671957672,0.9715852261885093,-0.30468571978853126
rts,420,5,5,0.5,1.05,1.6020927400057676,1.504759146540939,1.7041606110185938,0.7356795634920635,1.0278643196084418,-0.3073382931598727
rts,420,5,5,0.5,1.2,1.5832016173351038,1.5062792764063486,1.754822325236706,0.7377298280423279,1.0270001015715444,-0.3045325069484592
rts,420,5,5,0.5,2.5,1.6294592024353862,1.5235098005264702,1.7420418971844605,0.7371114417989418,1.0139908306039203,-0.3051127078898553
rts,420,5,5,1.0,1.05,1.7343018201835818,1.6007073580028677,1.9021385532418795,0.730135582010582,1.0878744948825263,-0.32161901663603804
rts,420,5,5,1.0,1.2,1.677261793850239,1.594220458420928,1.8000526532146912,0.7300859788359788,1.120984006022352,-0.327636183162517
rts,420,5,5,1.0,2.5,1.6983006469765987,1.5999146301796099,1.8141710068636616,0.7282291666666666,1.1131646550736412,-0.3286328316692698
rts,420,5,10,0.25,1.05,1.7477168012057362,1.6671802926379056,1.8945652687274928,0.7116170634920636,1.1546497388411292,-0.34538474171873274
rts,420,5,10,0.25,1.2,1.7968484214799156,1.6852136511068014,1.8781974642489772,0.7131018518518518,1.151165529113964,-0.34308541446728963
rts,420,5,10,0.25,2.5,1.7368351422283075,1.5658549752522908,2.0015549013037712,0.7114880952380952,1.1555709716011513,-0.3456234908978193
rts,420,5,10,0.5,1.05,1.796269541813702,1.6634401949019901,1.9436626698698738,0.7068138227513229,1.2408144470804459,-0.3702658916912931
rts,420,5,10,0.5,1.2,1.8028468641938362,1.7155515683583142,1.9315239246659164,0.7114798280423281,1.2165184586222797,-0.3596148522974445
rts,420,5,10,0.5,2.5,1.8155774350677856,1.6871714783930019,2.0782024300414763,0.7094675925925925,1.2300012748588414,-0.3646681075549721
rts,420,5,10,1.0,1.05,1.9074798621925768,1.7746576982956717,2.031350366202913,0.7032936507936508,1.3485623204990482,-0.44140513314421376
rts,420,5,10,1.0,1.2,1.959917100380972,1.7731691674252954,2.108957790690591,0.7083829365079365,1.3469381373374547,-0.43347553449026954
rts,420,5,10,1.0,2.5,1.9482842605303967,1.7509319599272632,2.038905838429391,0.7045238095238094,1.3569565095170277,-0.44340725369044753
rts,420,5,20,0.25,1.05,2.279870231177819,2.023622392136839,2.437585032955601,0.6391220238095238,1.6189256198977169,-0.5056837146556714
rts,420,5,20,0.25,1.2,2.2774996075362726,2.024992106317902,2.5327685266287356,0.6407589285714286,1.64369508207944,-0.506841011330784
rts,420,5,20,0.25,2.5,2.2474975800685364,2.080697269264601,2.454438980603427,0.641630291005291,1.7109766905994224,-0.5158525466762891
rts,420,5,20,0.5,1.05,2.301247923641842,2.1454699380072326,2.531735452358009,0.6438128306878307,1.8039472349549932,-0.6143837626138029
rts,420,5,20,0.5,1.2,2.3484137900337463,2.1494612503968584,2.6013167180981593,0.6420023148148147,1.7368035782548912,-0.5955409834546918
rts,420,5,20,0.5,2.5,2.3440018645926948,2.1076739661314114,2.7122575311668147,0.6406580687830687,1.7618974192721157,-0.6056589550136955
rts,420,5,20,1.0,1.05,2.5097748577051244,2.2530010731089933,2.736338877092235,0.6395271164021165,1.921203929006138,-0.8733726175241254
rts,420,5,20,1.0,1.2,2.507459004254467,2.2492365576801916,2.8867060479425177,0.6374255952380953,1.9163192215831153,-0.8733460433885163
rts,420,5,20,1.0,2.5,2.490358119387984,2.262947529522654,2.681572985224092,0.6354166666666666,1.9245048767484654,-0.8820654704177493
rts,420,20,0,0.25,1.05,1.160032966756002,1.1340963314777814,1.176790029309031,0.743493716931217,1.0,-0.2963949637817675
rts,420,20,0,0.25,1.2,1.1565723264000574,1.1265751025190038,1.1836779589322748,0.7425744047619048,1.0,-0.29763220489227016
rts,420,20,0,0.25,2.5,1.1587918411492324,1.1310945302039763,1.1767951876767742,0.7424652777777778,1.0,-0.29777917333440207
rts,420,20,0,0.5,1.05,1.1766029653884282,1.1474636517793348,1.1974962883923732,0.7429431216931217,1.0,-0.29713578942463365
rts,420,20,0,0.5,1.2,1.175378563957647,1.1566760348329,1.2053218676415565,0.7452380952380953,1.0,-0.29405152073726076
rts,420,20,0,0.5,2.5,1.1762308435403028,1.1446891990164287,1.2001328991179738,0.7404265873015872,1.0,-0.3005287895520654
rts,420,20,0,1.0,1.05,1.2248950732893498,1.204138229971312,1.264709344904921,0.7429017857142858,1.0,-0.2971914291197869
rts,420,20,0,1.0,1.2,1.2221552890863883,1.195615891214935,1.2493780787552125,0.7418783068783069,1.0,-0.29857005616791066
rts,420,20,0,1.0,2.5,1.2259824578688918,1.1920030450806123,1.2609439696870892,0.7421593915343916,1.0,-0.29819124549518106
rts,420,20,5,0.25,1.05,1.3251274786757552,1.2549272134417078,1.4022877173185766,0.746592261904762,0.6327896135575694,-0.3445894698546059
rts,420,20,5,0.25,1.2,1.319873936736013,1.2713630119642643,1.386534601680255,0.7452331349206348,0.6353775282688061,-0.3454818853767921
rts,420,20,5,0.25,2.5,1.332117010147603,1.2644542121042963,1.3812614135547387,0.7453174603174603,0.6361625123207401,-0.34508912984218715
rts,420,20,5,0.5,1.05,1.3529917295813871,1.3146108904505014,1.4126743760928349,0.7439748677248677,0.6705336495304873,-0.37562063213163704
rts,420,20,5,0.5,1.2,1.3763797142711127,1.2874750056476862,1.4319382620716425,0.7444444444444445,0.6576805718212292,-0.3829126015140518
rts,420,20,5,0.5,2.5,1.3680901484861332,1.3029466792899207,1.4283416280690262,0.7438492063492063,0.6690162407624219,-0.37669761681159236
rts,420,20,5,1.0,1.05,1.4254382854532897,1.3728604586824302,1.5148641177441335,0.7402199074074073,0.7247342939967746,-0.40445988466782995
rts,420,20,5,1.0,1.2,1.4482703683594567,1.383889884766639,1.531593137483004,0.7419212962962961,0.7176294123480682,-0.4086046663615576
rts,420,20,5,1.0,2.5,1.4248929287747112,1.3846383747600994,1.5306219574476574,0.7406663359788359,0.7368562638686272,-0.3934512603189089
rts,420,20,10,0.25,1.05,1.4403129814555664,1.3539971077120154,1.5135960555354775,0.7191881613756613,0.5980883917575426,-0.3956855548320639
rts,420,20,10,0.25,1.2,1.4341589408086448,1.343874084319599,1.5105569743367715,0.717771164021164,0.5991310521182209,-0.3972108722006974
rts,420,20,10,0.25,2.5,1.4395616488626932,1.3565183076594762,1.5050348709784989,0.7183449074074074,0.595544264836438,-0.3979588786097828
rts,420,20,10,0.5,1.05,1.4795664765159087,1.4136746468150558,1.5615935142040107,0.7185102513227513,0.6319435706133636,-0.4358952326008893
rts,420,20,10,0.5,1.2,1.4608557911083206,1.4074576754391959,1.5576921221367555,0.7163921957671957,0.6440503037724911,-0.43031801833922523
rts,420,20,10,0.5,2.5,1.4703516448257892,1.3801633869327377,1.5773142758472116,0.7144080687830687,0.6310672311383568,-0.44225873634338453
rts,420,20,10,1.0,1.05,1.6098413573413992,1.508403301187706,1.7138003942968356,0.714280753968254,0.694572171591989,-0.4693096920385341
rts,420,20,10,1.0,1.2,1.5722177416930059,1.493797946847917,1.6514844446047807,0.7128488756613756,0.7025554684149906,-0.4631166687231108
rts,420,20,10,1.0,2.5,1.5879949176621526,1.5238790619886908,1.6776076356665026,0.7160582010582011,0.711277405539596,-0.45006538753446174
rts,420,20,20,0.25,1.05,1.7120570359238934,1.6118113819877924,2.007902373075997,0.6463359788359788,0.6956863776052589,-0.4693519978500603
rts,420,20,20,0.25,1.2,1.7268830538706421,1.5728701541624168,1.8361004581619553,0.6529398148148148,0.6817632256139771,-0.4629565247809534
rts,420,20,20,0.25,2.5,1.6963612855938335,1.618905576616375,1.859232061057182,0.6460714285714285,0.7052683179655475,-0.4673263473691275
rts,420,20,20,0.5,1.05,1.8025148813583702,1.6666706083842913,1.8914797457103127,0.6501537698412698,0.7545970821713818,-0.47018758432662205
rts,420,20,20,0.5,1.2,1.7965060202279122,1.684960054185489,1.8904595767089931,0.6494973544973545,0.7477492561201987,-0.47380614952367944
rts,420,20,20,0.5,2.5,1.7745505807346533,1.6812996244191967,1.963217047130709,0.6495949074074074,0.7567617864173828,-0.47024505771049274
rts,420,20,20,1.0,1.05,2.0004584349971872,1.7987805623851392,2.256275479325957,0.6463062169312169,0.8202855510891739,-0.4757265735127785
rts,420,20,20,1.0,1.2,1.9532546092783378,1.8597218425155022,2.1699599795343603,0.6462417328042328,0.8325441861259734,-0.4701691656103738
rts,420,20,20,1.0,2.5,1.9658523740145204,1.841314107981584,2.2167342721081282,0.6476008597883598,0.8445285086662889,-0.4630338834836871
rts,420,50,0,0.25,1.05,1.0814817312445832,1.0557492181266837,1.1149767888919413,0.7499652777777778,1.0,-0.28772836981978384
rts,420,50,0,0.25,1.2,1.0905130777982512,1.050808419916208,1.1189996096988375,0.751698082010582,1.0,-0.28542052233771203
rts,420,50,0,0.25,2.5,1.0865396589358292,1.0659887594665738,1.1103298942692124,0.7516170634920635,1.0,-0.28552830881061403
rts,420,50,0,0.5,1.05,1.0928303654271185,1.0722897376166045,1.127273271869876,0.7532060185185184,1.0,-0.2834164916329252
rts,420,50,0,0.5,1.2,1.105207965207543,1.0765501533132988,1.1405474812014003,0.7522073412698412,1.0,-0.28474327326228355
rts,420,50,0,0.5,2.5,1.1055173723682965,1.0769497158680301,1.1343916095472737,0.7509804894179893,1.0,-0.2863756070255287
rts,420,50,0,1.0,1.05,1.1315592054246721,1.1094122621955955,1.1708355714046381,0.7492013888888889,1.0,-0.28874745458465223
rts,420,50,0,1.0,1.2,1.1336859856215786,1.1037229716453782,1.1673355925209947,0.7502910052910053,1.0,-0.2872941406523786
rts,420,50,0,1.0,2.5,1.133709156800685,1.1033343186699849,1.1804230169892993,0.7516914682539682,1.0,-0.2854293207979816
rts,420,50,5,0.25,1.05,1.1520729475155307,1.1026545274910686,1.207491153224304,0.7531216931216931,0.5620985485775399,-0.3664949449556987
rts,420,50,5,0.25,1.2,1.1632846555587542,1.0895711042571112,1.1978155632459706,0.7552728174603175,0.5549673535478341,-0.36736114718263213
rts,420,50,5,0.25,2.5,1.1635053867243252,1.112649979087164,1.2012190938958147,0.7522982804232804,0.565303126285972,-0.3659594805523736
rts,420,50,5,0.5,1.05,1.1952968265844728,1.1360520162475827,1.2521522401768754,0.7501207010582011,0.5931391150319109,-0.42393353884634344
rts,420,50,5,0.5,1.2,1.1861069996558853,1.113060682172858,1.2586012094526227,0.7537549603174604,0.5957599612351586,-0.4168071888093746
rts,420,50,5,0.5,2.5,1.2112159802830698,1.113822982402872,1.2699846518076328,0.7504315476190476,0.5916820627405858,-0.4248069324215407
rts,420,50,5,1.0,1.05,1.250674884466147,1.1939399152020156,1.2884906879133378,0.7497271825396825,0.6530512958247331,-0.46960676324893375
rts,420,50,5,1.0,1.2,1.2517091869998078,1.1914312049764193,1.33304155179483,0.7464070767195766,0.6496041501489799,-0.4785832934905318
rts,420,50,5,1.0,2.5,1.2613645894491448,1.2260547241624467,1.3155142866548928,0.7478406084656083,0.6528865752394223,-0.4723413248646085
rts,420,50,10,0.25,1.05,1.1811205896881027,1.1266739567172652,1.2479788742209743,0.7267195767195767,0.48691521432619284,-0.4486941273512808
rts,420,50,10,0.25,1.2,1.1939347207298305,1.1326005239300183,1.2801394968594129,0.7264434523809524,0.48902923533774406,-0.4475199618055102
rts,420,50,10,0.25,2.5,1.1872538635564869,1.079851582790753,1.2507921781856703,0.7242493386243387,0.4805074972931962,-0.45690971947666104
rts,420,50,10,0.5,1.05,1.2380949832200026,1.1442565302173857,1.3408112760659716,0.7266534391534392,0.5075179332170451,-0.5492989914498948
rts,420,50,10,0.5,1.2,1.2236963549834303,1.1376030441054152,1.2952556310617196,0.7219708994708994,0.5209394823239677,-0.5384016069972705
rts,420,50,10,0.5,2.5,1.2134646140807412,1.1728131757460896,1.3075083572932862,0.7261739417989418,0.5202789331610584,-0.5334250811755956
rts,420,50,10,1.0,1.05,1.2927767823251557,1.2319368123165175,1.3953930061679307,0.723558201058201,0.5723669273105377,-0.634910406351173
rts,420,50,10,1.0,1.2,1.3002012176605575,1.2418728618624846,1.3754901803657358,0.7257953042328041,0.5741051092985665,-0.6284487455007494
rts,420,50,10,1.0,2.5,1.324720607828358,1.2429752141446144,1.4184673976848245,0.7227843915343914,0.5786502856078155,-0.6239156555267261
rts,420,50,20,0.25,1.05,1.2769757356572047,1.1474779317479231,1.3827271368196716,0.6570089285714286,0.5147715116912341,-0.5302923425416418
rts,420,50,20,0.25,1.2,1.2657219015245182,1.1664648006046205,1.383727050080552,0.6559540343915344,0.509084836030544,-0.5356182709300494
rts,420,50,20,0.25,2.5,1.2754662053886572,1.1680646891867166,1.3865164438056086,0.6589947089947089,0.5126702737066521,-0.5286366526071866
rts,420,50,20,0.5,1.05,1.3452038545355458,1.2434823417417802,1.3993282440861885,0.658915343915344,0.5444027692839076,-0.602032296526298
rts,420,50,20,0.5,1.2,1.3579008323704431,1.2355436502797017,1.4844126184549635,0.6582324735449735,0.5545408913918792,-0.5920198718816843
rts,420,50,20,0.5,2.5,1.3331957053365593,1.251903752819787,1.4344191175467647,0.6586805555555556,0.5517266873836278,-0.5943521271423606
rts,420,50,20,1.0,1.05,1.4755370541433193,1.4015296132270116,1.6288662328768886,0.6609259259259259,0.6142647101923163,-0.6516033748532863
rts,420,50,20,1.0,1.2,1.482803858625125,1.369582300067642,1.5896762635532533,0.6563244047619047,0.6014998535020313,-0.6794984519666777
rts,420,50,20,1.0,2.5,1.4827482961838747,1.4037516645565846,1.6030455118868017,0.6578488756613756,0.6237861994780634,-0.6415145818851851
rts,1680,5,0,0.25,1.05,1.0718197262801836,1.065188447254972,1.07944703240022,0.7577839781746031,1.0,-0.27735692317247224
rts,1680,5,0,0.25,1.2,1.0736159704678658,1.063489623470841,1.0814246628715523,0.7587437996031747,1.0,-0.27609110849924917
rts,1680,5,0,0.25,2.5,1.0721078164687934,1.0629694609523899,1.081070060138653,0.7578592096560847,1.0,-0.27725764983142814
rts,1680,5,0,0.5,1.05,1.081087301784047,1.07181678562382,1.0888220394374517,0.7556518683862435,1.0,-0.28017450041398767
rts,1680,5,0,0.5,1.2,1.0798199054033875,1.0718992985677758,1.088465823592676,0.7567782738095238,1.0,-0.2786849696249384
rts,1680,5,0,0.5,2.5,1.0792628905276134,1.0722193402292153,1.0905638908089283,0.7574198082010583,1.0,-0.2778376109635555
rts,1680,5,0,1.0,1.05,1.094247724372888,1.081920473454425,1.1054910496213266,0.7544957010582011,1.0,-0.2817056985264483
rts,1680,5,0,1.0,1.2,1.091110225292787,1.08230158647097,1.102986470724822,0.7524710648148147,1.0,-0.2843927351717421
rts,1680,5,0,1.0,2.5,1.0941175936779985,1.0872673645771092,1.1067285684213362,0.7543212632275133,1.0,-0.28193692316879265
rts,1680,5,5,0.25,1.05,1.1481142623490765,1.1350581502812975,1.1741895895187788,0.7627223875661375,0.9764851074183021,-0.2710027169830333
rts,1680,5,5,0.25,1.2,1.1475412690842093,1.1225445921722226,1.173507456540648,0.7633151455026455,0.9809013268658147,-0.2701772607011275
rts,1680,5,5,0.25,2.5,1.1556566490929647,1.1365754551507616,1.1715590258780804,0.762459904100529,0.965301258250533,-0.27151714471102395
rts,1680,5,5,0.5,1.05,1.162533261748833,1.14367181587347,1.1838317323987995,0.7620271164021163,1.027357204783898,-0.2721373596279834
rts,1680,5,5,0.5,1.2,1.1625735591759472,1.1432315778177518,1.1924729361333803,0.7620076884920635,1.0121252589207153,-0.2718712628734844
rts,1680,5,5,0.5,2.5,1.1605734195567536,1.1434760272607516,1.1802080735838791,0.7615670469576719,1.0171092408094546,-0.2725209621885615
rts,1680,5,5,1.0,1.05,1.175594849249856,1.1580963273830696,1.1970708925951552,0.7570196759259259,1.0925969889682081,-0.2862084507443891
rts,1680,5,5,1.0,1.2,1.1808828705427072,1.1593023855756042,1.2018077523588517,0.758343253968254,1.1019438657184766,-0.28604285948751795
rts,1680,5,5,1.0,2.5,1.1816799045146569,1.1657278475097432,1.201567640995522,0.7585701884920635,1.0879228607127212,-0.2834214228929616
rts,1680,5,10,0.25,1.05,1.193086196037871,1.1757010590616448,1.2194760002241256,0.7398276289682539,1.2372183478358845,-0.3126659937921073
rts,1680,5,10,0.25,1.2,1.1959145293836713,1.1758297071218198,1.2154085560960841,0.7411222718253968,1.2324519776517489,-0.3105104998591617
rts,1680,5,10,0.25,2.5,1.1944114964572665,1.1695449033943786,1.2256168679116055,0.7405956514550264,1.2389176864225573,-0.31177498000102344
rts,1680,5,10,0.5,1.05,1.207568743141287,1.1897424537139705,1.2368174167993324,0.7405439814814816,1.2921311503739383,-0.3332132805381975
rts,1680,5,10,0.5,1.2,1.2102319244749333,1.1972772367370317,1.2302959067285992,0.7409308862433862,1.294273284081986,-0.3331168669416752
rts,1680,5,10,0.5,2.5,1.2082427134907472,1.1884728951390204,1.2351377890429245,0.7404414682539682,1.2991315873144902,-0.3347510983938783
rts,1680,5,10,1.0,1.05,1.233421994311914,1.2042401624713417,1.2574059220696179,0.7380282738095237,1.4115543968873088,-0.42258537825191733
rts,1680,5,10,1.0,1.2,1.2315043238221233,1.2125596472377635,1.263117872700196,0.7380964781746032,1.4122510421097931,-0.4228333593256948
rts,1680,5,10,1.0,2.5,1.2449561440439683,1.2170950083661145,1.3049340829315434,0.7384255125661375,1.4082506097111718,-0.4204373570262832
rts,1680,5,20,0.25,1.05,1.2862526034945994,1.246468121918068,1.3211364100030312,0.6910305059523809,1.9141800877000723,-0.47496548284291373
rts,1680,5,20,0.25,1.2,1.2829349265413044,1.255275969705648,1.3214645246299621,0.6923809523809524,1.9072987828593237,-0.4718472111296548
rts,1680,5,20,0.25,2.5,1.2797479786295902,1.2442856373892979,1.3129370767145332,0.6915294312169312,1.8906974052158187,-0.4702745421808566
rts,1680,5,20,0.5,1.05,1.292095130065921,1.25934605708931,1.3298349148402009,0.6902314814814815,2.0202728492765947,-0.6179962853518037
rts,1680,5,20,0.5,1.2,1.2866821743779107,1.2427653343485967,1.3237708850181942,0.6922023809523811,2.0226615709088898,-0.6159766283571741
rts,1680,5,20,0.5,2.5,1.291901407774493,1.2651927537278738,1.347847298019541,0.6920750661375662,2.035504621651884,-0.620639197991901
rts,1680,5,20,1.0,1.05,1.3358526087412619,1.2909621934552724,1.3655344093151673,0.6904931382275133,2.2108364717341122,-0.999786688709013
rts,1680,5,20,1.0,1.2,1.3269745965473763,1.2872339388867085,1.36543475738455,0.6893299437830688,2.224698510236939,-1.0114296411824308
rts,1680,5,20,1.0,2.5,1.3295224154254772,1.294859093797895,1.382352173666095,0.6913231646825397,2.2108702275813257,-0.9986095598457541
rts,1680,20,0,0.25,1.05,1.0556008313756138,1.0498865131358848,1.0627343432839396,0.7659713955026456,1.0,-0.26661045262464245
rts,1680,20,0,0.25,1.2,1.054488728717174,1.0504664793987735,1.0608028659834188,0.76482101521164,1.0,-0.26811343957376765
rts,1680,20,0,0.25,2.5,1.0560739499421419,1.0511391469063027,1.0627375091937659,0.7653815310846562,1.0,-0.26738083603779483
rts,1680,20,0,0.5,1.05,1.0621194977243402,1.0523948610975482,1.067390926732413,0.7641426917989419,1.0,-0.26900073788450124
rts,1680,20,0,0.5,1.2,1.0609155695894303,1.0563304916655154,1.0681417707417369,0.7644601521164022,1.0,-0.2685853777753819
rts,1680,20,0,0.5,2.5,1.0613845272513316,1.055400998606524,1.069715211958418,0.765162037037037,1.0,-0.26766765446452323
rts,1680,20,0,1.0,1.05,1.0751960047823563,1.0626174461102595,1.0806267261491995,0.76234375,1.0,-0.27135770953192606
rts,1680,20,0,1.0,1.2,1.0732870629134097,1.0656882013808404,1.081155516975472,0.762743468915344,1.0,-0.27083351797154953
rts,1680,20,0,1.0,2.5,1.0727545792030937,1.0631159114038355,1.0819242075250464,0.7620072751322752,1.0,-0.27179917592338315
rts,1680,20,5,0.25,1.05,1.1114828622082793,1.0957280873499298,1.1277822820385106,0.7648412698412699,0.619314526603501,-0.3254812246807883
rts,1680,20,5,0.25,1.2,1.1130223290970207,1.095734022133646,1.1203491318310497,0.7643882275132275,0.6196720133933485,-0.3259355709042405
rts,1680,20,5,0.25,2.5,1.1101311442257642,1.0942029225658163,1.1344763001779778,0.7646378968253967,0.6235842162062532,-0.3241129760008072
rts,1680,20,5,0.5,1.05,1.1234652480566443,1.1029341921994027,1.1437774782764398,0.7636292989417989,0.650855110533977,-0.36189429695314523
rts,1680,20,5,0.5,1.2,1.1162270474218814,1.107256575193227,1.1336351603494017,0.7624871858465608,0.6537545890107873,-0.3614919551050768
rts,1680,20,5,0.5,2.5,1.1183626805743019,1.1036390110718615,1.1427489658538144,0.7633676421957672,0.6471190039387695,-0.3647259565626769
rts,1680,20,5,1.0,1.05,1.135143423848725,1.1219438432965168,1.157944284003978,0.7615170304232803,0.7040769545346187,-0.39555082821274
rts,1680,20,5,1.0,1.2,1.1409499475777982,1.1195555167900184,1.1553073516606989,0.7615306712962963,0.7024459605492428,-0.39716574936443566
rts,1680,20,5,1.0,2.5,1.136272533688417,1.1245757781774828,1.150830806881219,0.7611276455026456,0.7053224943193751,-0.39482511043290647
rts,1680,20,10,0.25,1.05,1.141463615665539,1.122498134377217,1.166207647775436,0.7433320932539683,0.6225078543107829,-0.3527811423713198
rts,1680,20,10,0.25,1.2,1.1411875518312855,1.1242027118600646,1.1643966428964858,0.7420205026455026,0.6280859172654758,-0.3524528634253544
rts,1680,20,10,0.25,2.5,1.1394716770684112,1.1203414167248638,1.1742941746043496,0.7425719246031747,0.6274716610619221,-0.3519377732115272
rts,1680,20,10,0.5,1.05,1.1532740236264694,1.1317458837335546,1.1826819636036365,0.7410809358465608,0.6674922434409324,-0.38134537403856444
rts,1680,20,10,0.5,1.2,1.150266131446995,1.1275061494877963,1.168156485171462,0.7426339285714286,0.6607881908630442,-0.3833833793620228
rts,1680,20,10,0.5,2.5,1.1498732386356862,1.133780295921587,1.170163194288435,0.740511326058201,0.6654246583767156,-0.3833731568953741
rts,1680,20,10,1.0,1.05,1.175112602785786,1.1617787939332773,1.2004790925580617,0.7403807043650793,0.7272895760158603,-0.40198878403949967
rts,1680,20,10,1.0,1.2,1.1731520352978102,1.1559722555220624,1.193171824990069,0.7404236937830687,0.7290747781930541,-0.4003754106384323
rts,1680,20,10,1.0,2.5,1.1716440990799613,1.1540583825674753,1.1936384970615475,0.740334408068783,0.7322389170398549,-0.39777803528618394
rts,1680,20,20,0.25,1.05,1.2068468341526128,1.1784515880860953,1.2397260059928674,0.6948578042328043,0.7837262150701415,-0.378894931032714
rts,1680,20,20,0.25,1.2,1.2034897979264985,1.1809102943482879,1.2239665721965525,0.6950372023809525,0.7866367072101651,-0.3781885568051603
rts,1680,20,20,0.25,2.5,1.2076262672874196,1.1787199299281066,1.2333043014884217,0.6951566633597883,0.7709380152751795,-0.38053719884281395
rts,1680,20,20,0.5,1.05,1.2249216549506319,1.1958762014657127,1.2616420973756644,0.6963731812169313,0.8303303642480957,-0.37915486760830686
rts,1680,20,20,0.5,1.2,1.2120536325560967,1.1930748231461876,1.2404027491621972,0.6945593584656086,0.8249885220962586,-0.3829838001381214
rts,1680,20,20,0.5,2.5,1.2255475923252668,1.2038765627328987,1.2459774227294877,0.6964942956349206,0.8274990043566341,-0.37962189003469343
rts,1680,20,20,1.0,1.05,1.2556623647419798,1.224692219530583,1.2823551442704013,0.6937161044973544,0.9111969121448485,-0.37434077705916535
rts,1680,20,20,1.0,1.2,1.2425963238303357,1.2175947506191567,1.278514504649747,0.6934139384920636,0.9163957643960116,-0.37375064786288836
rts,1680,20,20,1.0,2.5,1.2551667860119018,1.2289237346786077,1.2853414298308414,0.6942964616402115,0.9186482373376919,-0.37205609287309105
rts,1680,50,0,0.25,1.05,1.042492500569229,1.0355993989714027,1.0491614606774429,0.7732882771164021,1.0,-0.25710336703668774
rts,1680,50,0,0.25,1.2,1.0432504857311296,1.039934883709702,1.048864010766722,0.772906746031746,1.0,-0.2575968766996833
rts,1680,50,0,0.25,2.5,1.0427135218604038,1.0380273709047874,1.04867178562439,0.7733936838624338,1.0,-0.2569670665575276
rts,1680,50,0,0.5,1.05,1.047219439870547,1.0416291065600132,1.0525998545164528,0.7729939649470899,1.0,-0.25748403773814194
rts,1680,50,0,0.5,1.2,1.0486543772991972,1.043215949574954,1.0539330578625759,0.7725057870370371,1.0,-0.25811577892821586
rts,1680,50,0,0.5,2.5,1.0468270135669995,1.0412244252192937,1.0535620827903127,0.7718969080687831,1.0,-0.2589042766454628
rts,1680,50,0,1.0,1.05,1.0589493711721518,1.0509293090739769,1.0672175910359838,0.7703720238095239,1.0,-0.2608817330081512
rts,1680,50,0,1.0,1.2,1.0584703796769777,1.0527017099860336,1.0668700044802266,0.7699764384920634,1.0,-0.2613953639635341
rts,1680,50,0,1.0,2.5,1.058626968354293,1.0557187978369502,1.0655992000101242,0.7701120205026456,1.0,-0.2612192935435
rts,1680,50,5,0.25,1.05,1.0784962681059405,1.0709468871362475,1.0949411323138032,0.7675223214285715,0.5611235626834303,-0.34805501271995537
rts,1680,50,5,0.25,1.2,1.0821596869156744,1.0718639834768997,1.09651314766195,0.7679427083333333,0.5604342372841455,-0.3478629538105548
rts,1680,50,5,0.25,2.5,1.0812678016024861,1.0684996626510899,1.093590161153972,0.7679559358465609,0.5535951004526507,-0.35143826831115343
rts,1680,50,5,0.5,1.05,1.0863361981950197,1.0689597754390439,1.0983741520727353,0.7670093419312171,0.5905527577882972,-0.40396079569128585
rts,1680,50,5,0.5,1.2,1.0864182773751843,1.0721750201124371,1.0987207618377328,0.7667489252645502,0.5926269891960134,-0.4024598186520266
rts,1680,50,5,0.5,2.5,1.0859134947190359,1.0709331026909967,1.1005025613270636,0.7674855324074074,0.590777106029575,-0.4031401684743859
rts,1680,50,5,1.0,1.05,1.100676116230701,1.088335867383694,1.1129424179335585,0.7636545138888889,0.6379103186713341,-0.47174180946362054
rts,1680,50,5,1.0,1.2,1.100886597553954,1.0864685244573855,1.116924300148968,0.7646614583333333,0.6406135800751847,-0.4666398596727379
rts,1680,50,5,1.0,2.5,1.1022967672604258,1.0905283593867945,1.1189664776530064,0.7639525462962963,0.6362486289910976,-0.47370357424995113
rts,1680,50,10,0.25,1.05,1.1030554841676699,1.0859607761493966,1.1271348237944216,0.7432944775132274,0.5103480469764891,-0.4097816332063966
rts,1680,50,10,0.25,1.2,1.1007023263209723,1.0882440996202791,1.1230795094994355,0.7444895006613755,0.5106498995413186,-0.40797640412257136
rts,1680,50,10,0.25,2.5,1.0989968554659104,1.0883366548883375,1.1215866253970417,0.7447077546296296,0.5079476056812847,-0.4094733048420319
rts,1680,50,10,0.5,1.05,1.1149360847836598,1.0956313427309985,1.1327913435188983,0.744708167989418,0.5415058114001992,-0.48289354633997217
rts,1680,50,10,0.5,1.2,1.1105693136363741,1.0953680713344136,1.1328454640096057,0.7445882936507937,0.5373504969172495,-0.4878093653358479
rts,1680,50,10,0.5,2.5,1.11254858577793,1.090192134167124,1.1275463850270118,0.7449764384920634,0.542179138943562,-0.4817718962059224
rts,1680,50,10,1.0,1.05,1.1292579663214501,1.1173891564855056,1.1476904177234668,0.742830687830688,0.5957480531215059,-0.5655463190209795
rts,1680,50,10,1.0,1.2,1.1328876652191537,1.1147897632773909,1.1538854543044437,0.7426364087301587,0.5902374806492361,-0.5755205131829593
rts,1680,50,10,1.0,2.5,1.1299218353419802,1.1175883158203705,1.1465351147528426,0.7428877314814816,0.591323047257516,-0.5732479412441055
rts,1680,50,20,0.25,1.05,1.1382953776749987,1.1248046569149137,1.1587863341246423,0.6971564980158731,0.5512505167716677,-0.4494200522637752
rts,1680,50,20,0.25,1.2,1.1390400990458565,1.1234047270665517,1.165709963115175,0.6966526124338625,0.5553767871618135,-0.44793629831731996
rts,1680,50,20,0.25,2.5,1.139793406001516,1.1122677145432862,1.1644858379294962,0.6973086144179894,0.5501024279327581,-0.44982380621819745
rts,1680,50,20,0.5,1.05,1.157921428006789,1.1456256645226888,1.1723682037937952,0.6981431878306879,0.5908603853549127,-0.4977613981688681
rts,1680,50,20,0.5,1.2,1.1528783272055332,1.1315207536647636,1.184174205067847,0.6982485945767195,0.5875284743225041,-0.5006019630459014
rts,1680,50,20,0.5,2.5,1.1580007171965834,1.138696678946032,1.1786591108625237,0.6974991732804233,0.5877283047448588,-0.5014950288041251
rts,1680,50,20,1.0,1.05,1.1834711377727274,1.1574945901633416,1.1995093760196234,0.6972602513227514,0.655302843117704,-0.5392361611547637
rts,1680,50,20,1.0,1.2,1.1835971082588155,1.166875376901851,1.203592481494967,0.6987466931216932,0.6448369805328381,-0.5509753392953755
rts,1680,50,20,1.0,2.5,1.1796325175541356,1.164319351528627,1.199401494202095,0.6978505291005291,0.6531590992282507,-0.5411705696684679
basic,210,5,0,0.25,1.05,1.4799117912388637,1.3986725110079592,1.534057217443557,0.6444742063492063,1.0,-0.43932047858420403
basic,210,5,0,0.25,1.2,1.4597072404729503,1.4096518670539686,1.540997235768873,0.6509556878306878,1.0,-0.42931370693869475
basic,210,5,0,0.25,2.5,1.4686927345438008,1.4192564575365079,1.5573468444158063,0.6369543650793651,1.0,-0.45105726635403093
basic,210,5,0,0.5,1.05,1.5437160995148358,1.4717715835473706,1.653494650429717,0.6301223544973545,1.0,-0.4618412649656923
basic,210,5,0,0.5,1.2,1.5384692439079797,1.4732299018229256,1.6325932607100069,0.631087962962963,1.0,-0.46031002367958435
basic,210,5,0,0.5,2.5,1.5552519849619064,1.4950054357112033,1.6295087781156554,0.6300760582010582,1.0,-0.46191473958024615
basic,210,5,0,1.0,1.05,1.748052212175532,1.6133601054792883,1.8390045465631812,0.6060383597883597,1.0,-0.5008119949353902
basic,210,5,0,1.0,1.2,1.7247619284676565,1.6516589150764094,1.8385071426556947,0.6125066137566137,1.0,-0.490195538651571
basic,210,5,0,1.0,2.5,1.7418451609882255,1.6467948358914501,1.8570303837239783,0.5975992063492063,1.0,-0.5148349732279885
basic,210,5,5,0.25,1.05,2.460392581782944,2.0865228667126368,3.0334374533648707,0.6094675925925926,0.9384268389021005,-0.49617916469647555
basic,210,5,5,0.25,1.2,2.525348516152828,2.244858359326499,2.9739145270958978,0.6164318783068783,0.9230186301268729,-0.4854116971738284
basic,210,5,5,0.25,2.5,2.6997145752119573,2.257692342887604,3.011855847780922,0.5867625661375662,0.9353569338336324,-0.5342514924622168
basic,210,5,5,0.5,1.05,2.857673048212683,2.5010277543952455,3.2533020106928983,0.5937962962962963,0.9640991114669127,-0.5218873137927543
basic,210,5,5,0.5,1.2,2.7875651417712204,2.3081101341689845,3.224873639456258,0.5879960317460318,0.9855328160396432,-0.5311412638754007
basic,210,5,5,0.5,2.5,2.9044848722949137,2.6417109538266472,3.6409544332047643,0.5683234126984127,0.9892674471621333,-0.5651228518629757
basic,210,5,5,1.0,1.05,3.5344108619706187,3.196354957918116,4.0,0.5574007936507936,1.0173785678649911,-0.5847675884419294
basic,210,5,5,1.0,1.2,3.5546285100307347,3.212790385508045,3.9758940671642233,0.5581580687830687,1.0183643728632783,-0.5834442386773488
basic,210,5,5,1.0,2.5,3.7813851670850784,3.37492226673495,4.0,0.5451984126984127,1.033805978376044,-0.6077108613428769
basic,210,5,10,0.25,1.05,3.378803937875298,2.841275112634308,3.801084742371986,0.5538789682539682,0.9858323636018546,-0.5908599857308182
basic,210,5,10,0.25,1.2,3.246975230326804,2.5991985786351557,3.902513791599299,0.5666269841269841,0.9927836384651919,-0.5680671816128334
basic,210,5,10,0.25,2.5,3.680987632715283,2.8207794365422374,4.0,0.5354960317460318,0.9917871805806371,-0.6245788016339948
basic,210,5,10,0.5,1.05,3.7312011021540723,3.0509602118666983,4.0,0.5475297619047619,1.0163499206288238,-0.6024699660209977
basic,210,5,10,0.5,1.2,3.72062183093299,3.073370381504496,4.0,0.5371362433862433,1.0024359894566308,-0.6215064643848586
basic,210,5,10,0.5,2.5,3.890741705100888,3.188305547100789,4.0,0.5203835978835979,0.9633290042098929,-0.653886946404992
basic,210,5,10,1.0,1.05,4.0,3.69270276595133,4.0,0.5338095238095238,1.0187163325971083,-0.6280600559964413
basic,210,5,10,1.0,1.2,3.9627262865364603,3.5837186631387485,4.0,0.5384589947089947,1.0767170401822537,-0.6245076013139454
basic,210,5,10,1.0,2.5,4.0,3.7354406480742806,4.0,0.5248478835978836,1.0410862867078763,-0.6462680479141513
basic,210,5,20,0.25,1.05,4.0,3.8883867761772293,4.0,0.43683201058201065,0.8000651660452194,-0.8406457477250233
basic,210,5,20,0.25,1.2,4.0,3.860711542705074,4.0,0.4439153439153439,0.8103495090996092,-0.8231768338830686
basic,210,5,20,0.25,2.5,4.0,3.8786133062319776,4.0,0.44158399470899473,0.8516853666808025,-0.8238301495948888
basic,210,5,20,0.5,1.05,4.0,3.8816157756674183,4.0,0.43576719576719575,0.8003252215675923,-0.8554530423094926
basic,210,5,20,0.5,1.2,4.0,3.9037762782000724,4.0,0.45189814814814816,0.7981602623126715,-0.8197113810373889
basic,210,5,20,0.5,2.5,4.0,3.8568252120249453,4.0,0.43078042328042326,0.8237413387417677,-0.8609551318561933
basic,210,5,20,1.0,1.05,4.0,3.935131743056129,4.0,0.45138227513227513,0.8514551639821667,-0.8213000347627436
basic,210,5,20,1.0,1.2,4.0,3.9214108665197336,4.0,0.4431845238095238,0.8186512420696138,-0.8538079206656783
basic,210,5,20,1.0,2.5,4.0,3.800598851569284,4.0,0.43033730158730155,0.8007743809839213,-0.8925481497004965
basic,210,20,0,0.25,1.05,1.2361285864807747,1.1649867306254569,1.316969196512658,0.6976521164021164,1.0,-0.36003470103264595
basic,210,20,0,0.25,1.2,1.2380223770249785,1.1056749887773203,1.2969790789310587,0.7069742063492064,1.0,-0.34676109699125457
basic,210,20,0,0.25,2.5,1.2403738112198694,1.1190412695928398,1.3156551032408283,0.7172850529100528,1.0,-0.3322819540564721
basic,210,20,0,0.5,1.05,1.2782184767909759,1.1641353386000826,1.3399706373424782,0.7016765873015873,1.0,-0.3542826829616191
basic,210,20,0,0.5,1.2,1.2798714177268953,1.151287614509285,1.36736157514514,0.6870205026455026,1.0,-0.37539114347074704
basic,210,20,0,0.5,2.5,1.2823405999382271,1.2098979797857594,1.3668069597511205,0.6844576719576719,1.0,-0.379128474065351
basic,210,20,0,1.0,1.05,1.3870931393870856,1.270015082269063,1.4679058433719219,0.6509060846560847,1.0,-0.4293899103816031
basic,210,20,0,1.0,1.2,1.3907509374475087,1.3071777287489947,1.4438888334837214,0.6519708994708995,1.0,-0.4277553507648976
basic,210,20,0,1.0,2.5,1.3854199580030393,1.2910618734400132,1.4925034473486607,0.6504861111111111,1.0,-0.43003533235496144
basic,210,20,5,0.25,1.05,1.6307854409159996,1.4545610193443792,1.8937546019860207,0.6571560846560848,0.6371362186176664,-0.47063252137276335
basic,210,20,5,0.25,1.2,1.6780235869748323,1.4961448802711201,1.8444094025558748,0.6528604497354497,0.6199989139566499,-0.4835218543522216
basic,210,20,5,0.25,2.5,1.6533298055660381,1.5310170304642878,1.8329937431135896,0.6452777777777777,0.6529461082690152,-0.48349893404827426
basic,210,20,5,0.5,1.05,1.798345902375984,1.4798814258189472,1.9811195559669785,0.6378736772486772,0.6764055177950548,-0.5260408532074369
basic,210,20,5,0.5,1.2,1.7623642125377683,1.524855795365578,2.013399165010242,0.6353108465608465,0.6625052882829005,-0.538400331461088
basic,210,20,5,0.5,2.5,1.8500832529074187,1.7291705294331376,2.074181405972409,0.6145767195767196,0.6687867615320444,-0.5677401357706771
basic,210,20,5,1.0,1.05,2.1702010215031526,1.7830797138998375,2.4275422885720546,0.5827976190476191,0.7048796076097568,-0.6622251459501853
basic,210,20,5,1.0,1.2,2.174366645810842,1.7423802581587575,2.3754200952295403,0.5974107142857142,0.6969557676726709,-0.6454955047739626
basic,210,20,5,1.0,2.5,2.344887824798203,1.9041649747673324,2.5836405360504835,0.5644246031746032,0.7334973470592151,-0.6680058778423206
basic,210,20,10,0.25,1.05,1.9244330167310393,1.7063024037635541,2.2444310717709515,0.5763525132275132,0.5412626442953646,-0.6452389549959268
basic,210,20,10,0.25,1.2,1.945929300785099,1.6694645429908805,2.1664923235277906,0.5686937830687832,0.5452285488521055,-0.6563889478519973
basic,210,20,10,0.25,2.5,1.91686574405625,1.631504214389552,2.144778720000935,0.5739583333333333,0.5838079639049867,-0.6276087588916087
basic,210,20,10,0.5,1.05,2.091915391499483,1.8514709363775212,2.3574158662966287,0.5616997354497354,0.5744203263068131,-0.7304641346607886
basic,210,20,10,0.5,1.2,2.090044566254285,1.7294098355726817,2.357448755171429,0.5587830687830687,0.5649990070096133,-0.7449752290112192
basic,210,20,10,0.5,2.5,2.1600596295853514,1.98637442125749,2.3879093186666402,0.5615046296296297,0.6045263037325586,-0.703795786431327
basic,210,20,10,1.0,1.05,2.5270145529027737,2.11495391214387,2.8390178914247697,0.5324305555555555,0.6360048325401654,-0.8351035056079568
basic,210,20,10,1.0,1.2,2.528223177182441,2.144702955751829,2.95112255786181,0.5453439153439154,0.624342005947283,-0.8282333190506755
basic,210,20,10,1.0,2.5,2.6744005819544947,2.21966459212089,3.120690064195523,0.5215873015873016,0.645682615878033,-0.8422386688629675
basic,210,20,20,0.25,1.05,2.815125784344872,2.270769442693934,3.3889467113543286,0.4345138888888889,0.4792512204754173,-0.9687785936642161
basic,210,20,20,0.25,1.2,2.7759338415251706,2.123856333625163,3.386244725502498,0.44007605820105816,0.518848147036156,-0.9284389532488972
basic,210,20,20,0.25,2.5,2.938465172109475,2.5564797334948737,3.579294771088891,0.4227248677248678,0.5829273489562521,-0.9338507994622451
basic,210,20,20,0.5,1.05,2.869971780636858,2.5358423719070875,3.7074611159314,0.43316137566137564,0.5608926593189756,-1.0038174257006764
basic,210,20,20,0.5,1.2,3.0686126466206103,2.607217241508792,4.0,0.4364550264550265,0.5322993578009371,-1.0278661165390781
basic,210,20,20,0.5,2.5,3.498721261342017,2.978466232059159,3.94729318901588,0.40633928571428574,0.5729369042966473,-1.055679972901706
basic,210,20,20,1.0,1.05,3.8805782921257337,3.2931041821759828,4.0,0.4107308201058201,0.5657415786294774,-1.2142817470697869
basic,210,20,20,1.0,1.2,3.9378565029759267,3.239648534251311,4.0,0.402609126984127,0.5738368370809646,-1.2182695628960873
basic,210,20,20,1.0,2.5,3.8449996291520625,3.3816810318101953,4.0,0.3989980158730159,0.58464909908013,-1.2068923577628146
basic,210,50,0,0.25,1.05,1.0648654307007615,1.02,1.1588466494422525,0.7359722222222222,1.0,-0.30656290251138457
basic,210,50,0,0.25,1.2,1.0711940471616455,1.02,1.1090300108178324,0.7306977513227514,1.0,-0.31375537761853367
basic,210,50,0,0.25,2.5,1.0517323766980065,1.02,1.0944727631629472,0.7244510582010583,1.0,-0.32234107202069195
basic,210,50,0,0.5,1.05,1.0889420565062005,1.02,1.1709658919950445,0.722202380952381,1.0,-0.3254498733394772
basic,210,50,0,0.5,1.2,1.081604246447411,1.02,1.1833972710937615,0.7209160052910052,1.0,-0.32723264599949353
basic,210,50,0,0.5,2.5,1.0919810046399538,1.02,1.1382100041321483,0.7173247354497354,1.0,-0.3322266323376122
basic,210,50,0,1.0,1.05,1.1489057398494147,1.0508166647132804,1.2046596748260272,0.7077645502645501,1.0,-0.34564379672098433
basic,210,50,0,1.0,1.2,1.142001323803449,1.0652690033485614,1.2265325864070475,0.7067526455026455,1.0,-0.3470745392210384
basic,210,50,0,1.0,2.5,1.1319251472662917,1.0270059810456797,1.2247387531347924,0.690162037037037,1.0,-0.37082887267499537
basic,210,50,5,0.25,1.05,1.1762952744667896,1.02,1.2723362470478747,0.6879761904761904,0.5577523655298348,-0.4592183946047182
basic,210,50,5,0.25,1.2,1.1237382331807533,1.0225702328531023,1.2446454978411439,0.6841832010582011,0.5730621252523608,-0.4570253031503585
basic,210,50,5,0.25,2.5,1.159683204104332,1.0396982393708558,1.250738566516847,0.6823015873015873,0.5898000684969292,-0.4519720289126115
basic,210,50,5,0.5,1.05,1.230066982147007,1.0566793190994466,1.3537844157886905,0.6596164021164022,0.5919315797400841,-0.5535757423570737
basic,210,50,5,0.5,1.2,1.2349479061007922,1.1034550539853536,1.3542954829086147,0.6729960317460316,0.607348037684711,-0.520343391943018
basic,210,50,5,0.5,2.5,1.2576875744250273,1.1746831764009136,1.3624298856438108,0.652718253968254,0.6287727365996477,-0.5342509310178996
basic,210,50,5,1.0,1.05,1.4355122127330668,1.2227653796276197,1.697863337743065,0.6373875661375661,0.6458318606552387,-0.6415352908172773
basic,210,50,5,1.0,1.2,1.4285604619058758,1.2480356362077707,1.5873688618843005,0.6341170634920634,0.66163155077582,-0.6261290669079715
basic,210,50,5,1.0,2.5,1.4724863213989856,1.334254887866388,1.702202129616062,0.602228835978836,0.6642160071121811,-0.6745197596206047
basic,210,50,10,0.25,1.05,1.1258542616935303,1.0426588694808543,1.245442293353934,0.6125330687830688,0.46945109847537436,-0.6331086091168532
basic,210,50,10,0.25,1.2,1.122364502579536,1.0304176090576784,1.2517804689453726,0.6228604497354497,0.48813612525110717,-0.602012745589991
basic,210,50,10,0.25,2.5,1.1405165211468495,1.0379370154739618,1.31722935701896,0.5993783068783068,0.49645252076722973,-0.6344559338036775
basic,210,50,10,0.5,1.05,1.2197318153013668,1.02,1.408450500313616,0.6064914021164021,0.49528712724835144,-0.7469004935940935
basic,210,50,10,0.5,1.2,1.1928116364757368,1.0490310336515656,1.2793754634038088,0.6090806878306879,0.49747252118106705,-0.7395565913048142
basic,210,50,10,0.5,2.5,1.25516829555693,1.0392309740671686,1.499251160094159,0.5944808201058202,0.5047872520781788,-0.7537337619722132
basic,210,50,10,1.0,1.05,1.4220136560186662,1.182884777258366,1.6831054688549953,0.5861375661375661,0.5405348744704493,-0.9126670302093329
basic,210,50,10,1.0,1.2,1.4164880939631246,1.2557217637551457,1.7432580516706067,0.5885449735449736,0.5441617473948699,-0.9003848291923358
basic,210,50,10,1.0,2.5,1.478115768458706,1.3218302843665442,1.7835699083876395,0.5585251322751322,0.5671940977382791,-0.9040055716637809
basic,210,50,20,0.25,1.05,1.1131078388267,1.02,1.2859011674165026,0.46719576719576716,0.46444557181826934,-0.9080449909045106
basic,210,50,20,0.25,1.2,1.1256147289953224,1.02,1.3482786430879856,0.4762301587301587,0.4798458005720391,-0.8766496404705423
basic,210,50,20,0.25,2.5,1.1462043715390677,1.02,1.4497183603174333,0.4555390211640211,0.5038662483087524,-0.9037324147351887
basic,210,50,20,0.5,1.05,1.2299132556161174,1.02,1.4991985125812817,0.4546329365079365,0.46830237301393635,-1.076033074464097
basic,210,50,20,0.5,1.2,1.2466295095339255,1.02,1.6438375231608942,0.4563095238095238,0.4897703554646437,-1.039352459169372
basic,210,50,20,0.5,2.5,1.3447358384642778,1.0387042842474534,1.7255165348623378,0.4551124338624339,0.5498273487446428,-0.9661030694847705
basic,210,50,20,1.0,1.05,1.5287876295187899,1.283166229481658,1.7958197317056523,0.4477017195767196,0.5117427631214623,-1.25243855989776
basic,210,50,20,1.0,1.2,1.5177171559824603,1.2171267831485855,1.99336929220355,0.4580522486772487,0.518171169203118,-1.2130120620395346
basic,210,50,20,1.0,2.5,1.7995692088408988,1.3664933702299542,2.548846061566463,0.4280390211640211,0.5494706408142815,-1.2071022793373374
basic,420,5,0,0.25,1.05,1.271751271757263,1.2449577465674702,1.2876317688506576,0.6668121693121694,1.0,-0.40524687795384273
basic,420,5,0,0.25,1.2,1.2632934971258538,1.2462431419382505,1.2983438390914743,0.660787037037037,1.0,-0.41432367404248793
basic,420,5,0,0.25,2.5,1.2739875146231274,1.2428042429760717,1.2969088734722147,0.6581613756613757,1.0,-0.4183051259611091
basic,420,5,0,0.5,1.05,1.3101004409378527,1.2780722567024676,1.3377239133043666,0.6447916666666665,1.0,-0.43882801177728603
basic,420,5,0,0.5,1.2,1.3092124543537904,1.2832953772079414,1.3633240429537716,0.6468981481481482,1.0,-0.43556641859180845
basic,420,5,0,0.5,2.5,1.310069454445625,1.2715039514804118,1.33800134780288,0.6529943783068783,1.0,-0.42618675876745243
basic,420,5,0,1.0,1.05,1.3992914000397083,1.3611720626302704,1.443994651620638,0.5970122354497355,1.0,-0.5158176709088732
basic,420,5,0,1.0,1.2,1.39659602752125,1.36808122838593,1.4461618579560813,0.6044642857142858,1.0,-0.5034126913768651
basic,420,5,0,1.0,2.5,1.3938221586698003,1.3735792745617552,1.4308116669534292,0.6176223544973545,1.0,-0.48187808517313263
basic,420,5,5,0.25,1.05,1.6405653907304716,1.5778077903510395,1.738423405105172,0.6344130291005291,0.941141141379636,-0.45597504560622304
basic,420,5,5,0.25,1.2,1.647384072008773,1.5501360903304344,1.7465838059314576,0.6330406746031746,0.9367096326670671,-0.4582893013879069
basic,420,5,5,0.25,2.5,1.6308133319152467,1.5558745255988602,1.7222498455326833,0.6316666666666667,0.9513780261179262,-0.46001455102438765
basic,420,5,5,0.5,1.05,1.731520256208099,1.6197774926993076,1.8528469579409281,0.6251917989417989,0.9808692170511081,-0.4698833547308353
basic,420,5,5,0.5,1.2,1.7061207555051467,1.6142710354882595,1.8057946819331239,0.628290343915344,0.9890644835962105,-0.4648133415251469
basic,420,5,5,0.5,2.5,1.6990391470464354,1.6359596183451737,1.759241478310652,0.6237814153439153,1.0112933314829535,-0.4720183247794823
basic,420,5,5,1.0,1.05,1.904182345091546,1.7824651585160904,2.058364220331443,0.5945998677248677,1.0826695064874585,-0.5261756771147932
basic,420,5,5,1.0,1.2,1.9086651025022208,1.7684454943906123,2.0795698484592307,0.5821511243386244,1.0617787116860704,-0.5446186679159202
basic,420,5,5,1.0,2.5,1.8860117784826196,1.706581006130099,2.005709964521465,0.5848776455026455,1.089912397894535,-0.5437653558311683
basic,420,5,10,0.25,1.05,1.965341706521244,1.8278770229762393,2.16463982750075,0.5589666005291005,1.0517822995579895,-0.5823027691375018
basic,420,5,10,0.25,1.2,1.948952871107246,1.8407778146687426,2.118369544641998,0.5702827380952381,1.0796931416025035,-0.5630928450892174
basic,420,5,10,0.25,2.5,1.981981571299186,1.8199479935298728,2.1935919341816525,0.5637466931216931,1.051459348607163,-0.5737797384329081
basic,420,5,10,0.5,1.05,2.0708893938254276,1.9131529250928088,2.2857816157409743,0.5547486772486773,1.1464289628536115,-0.5985769671928162
basic,420,5,10,0.5,1.2,2.0554370963512767,1.9076697907940596,2.2236670576466118,0.5622635582010582,1.1437806611753094,-0.5848080771647545
basic,420,5,10,0.5,2.5,2.048788798809786,1.9295298320646612,2.3149237798149382,0.5455671296296297,1.1449979054370572,-0.6150963807131958
basic,420,5,10,1.0,1.05,2.32745706136288,2.1877542554844998,2.5017192334209697,0.5323809523809524,1.2317801340285197,-0.6738517027552892
basic,420,5,10,1.0,1.2,2.317456260807984,2.179297247249574,2.5661907033158564,0.5385400132275132,1.2519913954639312,-0.669399480196892
basic,420,5,10,1.0,2.5,2.287166927473706,1.972475784923005,2.497263274017622,0.5343783068783069,1.2758153234022513,-0.6859851193201926
basic,420,5,20,0.25,1.05,3.1407611127539954,2.7055471763711587,3.861781320833411,0.42112599206349205,1.3354745230584477,-0.885744916838348
basic,420,5,20,0.25,1.2,3.1749534541673263,2.6965058938383724,3.7532135359441723,0.4219279100529101,1.3858721986315654,-0.8895435750721927
basic,420,5,20,0.25,2.5,3.1956882565770046,2.551265472436768,3.780523692172424,0.42205853174603175,1.3968802500507624,-0.8905405949663453
basic,420,5,20,0.5,1.05,3.4157062252591635,3.1050687860743613,3.949587044638281,0.4178339947089948,1.450983237355634,-0.9419529050709686
basic,420,5,20,0.5,1.2,3.3660645995126544,2.9555708203382642,3.954367539778311,0.409631283068783,1.4338980029749688,-0.957440692469615
basic,420,5,20,0.5,2.5,3.337117227698604,2.9844057708469167,3.8396738132320993,0.41915178571428574,1.562143739135264,-0.9690065144053404
basic,420,5,20,1.0,1.05,3.9130129125021016,3.216292106426443,4.0,0.4019394841269841,1.5237641620195712,-1.0888494444338044
basic,420,5,20,1.0,1.2,3.8042912146579413,3.396420331945432,4.0,0.405911044973545,1.567615926437636,-1.1037217939652777
basic,420,5,20,1.0,2.5,3.8683313159381356,3.365951750814911,4.0,0.40146329365079364,1.6247363035924023,-1.1481994542651466
basic,420,20,0,0.25,1.05,1.1675238304009103,1.1414727299704588,1.1948364421028124,0.7026835317460317,1.0,-0.3528486567409278
basic,420,20,0,0.25,1.2,1.1640821923807314,1.1420655486893343,1.1944563105589743,0.7030654761904763,1.0,-0.3523052532575366
basic,420,20,0,0.25,2.5,1.1681654272555164,1.1394865764157933,1.2010882818264759,0.7143981481481482,1.0,-0.3363148416010516
basic,420,20,0,0.5,1.05,1.1851558799710271,1.1638208632828166,1.2225271041731098,0.6882820767195769,1.0,-0.3735565298419296
basic,420,20,0,0.5,1.2,1.1951273639419095,1.1666634788297503,1.2280151712300589,0.6799950396825398,1.0,-0.38566977542309056
basic,420,20,0,0.5,2.5,1.1960935065436975,1.165491953295699,1.2241422999903522,0.6863343253968254,1.0,-0.37639041516916677
basic,420,20,0,1.0,1.05,1.2634517865214672,1.243935099959398,1.2880037359406507,0.6608796296296297,1.0,-0.4141835591480454
basic,420,20,0,1.0,1.2,1.2610122734802172,1.2208614626078849,1.2972793303452193,0.6513161375661376,1.0,-0.42876013626685033
basic,420,20,0,1.0,2.5,1.2537521790159718,1.2226573151620366,1.290572122157805,0.6595601851851852,1.0,-0.4161820521786145
basic,420,20,5,0.25,1.05,1.3487053372690547,1.3025474634617256,1.4356670181592648,0.6570833333333334,0.6066391350590369,-0.4823997299630088
basic,420,20,5,0.25,1.2,1.3525892006030742,1.2955808758622374,1.4195450403292467,0.6545353835978837,0.6019189502118336,-0.48825231597490876
basic,420,20,5,0.25,2.5,1.353474529878846,1.2813896287779272,1.43363468099986,0.6620023148148148,0.6033285827071965,-0.4763165605012041
basic,420,20,5,0.5,1.05,1.4085184061375804,1.3397970869649936,1.4456710429733088,0.6462880291005292,0.6446259192531031,-0.5329078718648957
basic,420,20,5,0.5,1.2,1.4090879821582094,1.3507412044297606,1.4629770579028274,0.6510830026455027,0.6394166930440225,-0.5291115885622528
basic,420,20,5,0.5,2.5,1.3965258245850953,1.330831381069081,1.5136775670066975,0.6444527116402117,0.6506981061875154,-0.5316789513097784
basic,420,20,5,1.0,1.05,1.5154075313412858,1.438466700290118,1.636470159753955,0.6146875,0.7047861054952658,-0.6090439328075279
basic,420,20,5,1.0,1.2,1.504546009050463,1.4322466299101857,1.6187302436162954,0.6186755952380952,0.7089668319193715,-0.5984734414163049
basic,420,20,5,1.0,2.5,1.5115013012367857,1.4516239534817124,1.6354304801859862,0.6184507275132275,0.7273707828779926,-0.5818646856632084
basic,420,20,10,0.25,1.05,1.5129272118580699,1.4235759160700794,1.6206986877940541,0.5792625661375661,0.5578327804884501,-0.6311746883090026
basic,420,20,10,0.25,1.2,1.477707359660592,1.3939371627029224,1.6048963696492575,0.5810300925925925,0.563196150687198,-0.6253582706921673
basic,420,20,10,0.25,2.5,1.500257887015605,1.3917790354122384,1.5873009904831306,0.5881977513227513,0.572610097830793,-0.6084076465653203
basic,420,20,10,0.5,1.05,1.5754643960581793,1.456050024875778,1.6937867391286998,0.5774702380952381,0.5985933640160556,-0.6807715193403087
basic,420,20,10,0.5,1.2,1.5844318980306014,1.4838485650772868,1.7279557642341226,0.5703670634920636,0.5848012847735283,-0.7053822521552228
basic,420,20,10,0.5,2.5,1.5959950553410684,1.4891766656155787,1.689510422376295,0.5766583994708995,0.6113016717258786,-0.6716182659676111
basic,420,20,10,1.0,1.05,1.7397004718456297,1.599431469075651,1.8429613055408318,0.5564831349206348,0.66877228604964,-0.7479730832188541
basic,420,20,10,1.0,1.2,1.7174798488815683,1.62538679616752,1.8360020835162485,0.5555092592592592,0.6627275058134274,-0.7571128651901509
basic,420,20,10,1.0,2.5,1.7351930033360867,1.6199665072353464,1.9291409973415918,0.5524371693121694,0.674078543085341,-0.7489737497154751
basic,420,20,20,0.25,1.05,2.0290331736418517,1.7049641093397911,2.2778477775888457,0.44160714285714286,0.6168140805278802,-0.8757021803197491
basic,420,20,20,0.25,1.2,2.082634491075649,1.8258140074990805,2.280677707760465,0.4398826058201058,0.6216581507092602,-0.8777403478032376
basic,420,20,20,0.25,2.5,2.053229579784417,1.7925237589676104,2.457855511633535,0.4416583994708995,0.6215325864327871,-0.8737595255937322
basic,420,20,20,0.5,1.05,2.2134163108620726,1.9476289473268629,2.3623958892102443,0.43463789682539683,0.6505046997500235,-0.925694920840434
basic,420,20,20,0.5,1.2,2.129327180103507,1.7905562075283235,2.3806925599134763,0.441724537037037,0.6609170361114328,-0.9028193799341583
basic,420,20,20,0.5,2.5,2.2201184201982507,1.9797819140979271,2.5961500812299247,0.4263458994708995,0.6861213124660686,-0.923456047959498
basic,420,20,20,1.0,1.05,2.5571353160667885,2.28072789229669,3.033137180142644,0.42025132275132276,0.7081487012525155,-0.9859971817543673
basic,420,20,20,1.0,1.2,2.598803468633496,2.1733773989486203,2.923223049281956,0.425557208994709,0.7202075675587712,-0.9620815134428707
basic,420,20,20,1.0,2.5,2.611495205480154,2.255831604043523,2.9103971263197397,0.42184193121693125,0.7239053060419618,-0.9675147830470273
basic,420,50,0,0.25,1.05,1.0913263545392757,1.0631530484282168,1.1498788866268648,0.7393452380952382,1.0,-0.30199029784715636
basic,420,50,0,0.25,1.2,1.0939527114241472,1.0496628853409298,1.1315094417216807,0.7457771164021164,1.0,-0.2933284949984287
basic,420,50,0,0.25,2.5,1.0919929406250064,1.064801550815497,1.1127821905137891,0.7420138888888889,1.0,-0.29838731781084404
basic,420,50,0,0.5,1.05,1.1169465059036967,1.0747734842634225,1.146303117986662,0.7239814814814816,1.0,-0.32298946498779696
basic,420,50,0,0.5,1.2,1.1083122347801773,1.0626196642685921,1.1477405070999311,0.7314748677248678,1.0,-0.3126924162893936
basic,420,50,0,0.5,2.5,1.1152975515369081,1.0690963542463416,1.135376682849927,0.7230770502645502,1.0,-0.32423949228781185
basic,420,50,0,1.0,1.05,1.152762357187946,1.1215364005912392,1.2066941823799238,0.6931580687830688,1.0,-0.3664972123195353
basic,420,50,0,1.0,1.2,1.1499705484056344,1.1014156979687826,1.181509911092575,0.7095552248677248,1.0,-0.3431169490929824
basic,420,50,0,1.0,2.5,1.1532049150124437,1.1200306215786018,1.1818001227871298,0.7050793650793651,1.0,-0.3494449079252513
basic,420,50,5,0.25,1.05,1.1599496983536088,1.1063430537784686,1.1969226983002248,0.6902232142857144,0.5459975626181638,-0.4622890718076349
basic,420,50,5,0.25,1.2,1.171530444590622,1.0776519254224635,1.2125955447000911,0.6815162037037036,0.5382446428483566,-0.47936237907958335
basic,420,50,5,0.25,2.5,1.1627642797060411,1.0950744615473322,1.2331492520933005,0.6796511243386244,0.5479472681809585,-0.4766491528144392
basic,420,50,5,0.5,1.05,1.1881334717079657,1.1476774294046026,1.228303941296535,0.6749818121693121,0.5826198984531906,-0.5389885091218973
basic,420,50,5,0.5,1.2,1.1875092057765988,1.1251594310471862,1.2579053418526558,0.6782886904761906,0.5794130020431781,-0.5370982237084647
basic,420,50,5,0.5,2.5,1.2099547329266143,1.1286604475650408,1.2936924472841098,0.673926917989418,0.5832086307234986,-0.5400074777688662
basic,420,50,5,1.0,1.05,1.270467836098386,1.2407065663114443,1.3240184812489824,0.6520188492063492,0.635851069031571,-0.6327014169610163
basic,420,50,5,1.0,1.2,1.2833562274772474,1.1995898840227455,1.3762395765257949,0.6504282407407408,0.6478049797079638,-0.618624056461819
basic,420,50,5,1.0,2.5,1.2908697858050577,1.1888741973410055,1.3392723830863908,0.6418253968253969,0.6405286915101733,-0.6418748059125272
basic,420,50,10,0.25,1.05,1.2111723058287036,1.112025810256667,1.325393277278777,0.6029761904761904,0.4578039346635479,-0.6584905679232967
basic,420,50,10,0.25,1.2,1.210799741806901,1.129446663901586,1.295232715487917,0.6112830687830688,0.45740462844074997,-0.6451492175918913
basic,420,50,10,0.25,2.5,1.2106999363721611,1.1443508422808548,1.3135908974689574,0.6052248677248677,0.456148645333512,-0.6561865531211153
basic,420,50,10,0.5,1.05,1.2522691619440245,1.2010505730272496,1.3591878203925465,0.5986640211640212,0.4921475325913401,-0.7643787498738297
basic,420,50,10,0.5,1.2,1.274070290669048,1.1834808501283192,1.3595971482965565,0.6007523148148147,0.49025696792120366,-0.7636327198930477
basic,420,50,10,0.5,2.5,1.2593562963853278,1.151041602185133,1.335708988641891,0.5909093915343916,0.5014147804456576,-0.7643645534495531
basic,420,50,10,1.0,1.05,1.3765091373492984,1.274465959321081,1.518984395948307,0.5775330687830688,0.5550179308614177,-0.8956218589634517
basic,420,50,10,1.0,1.2,1.375204278547793,1.2417365092939936,1.4528748059893237,0.5820651455026454,0.5582100435144782,-0.8810851836708867
basic,420,50,10,1.0,2.5,1.3412816223248698,1.2496794472360067,1.4361510666547601,0.5839351851851852,0.5591990113013677,-0.8758166818282693
basic,420,50,20,0.25,1.05,1.3960384236208867,1.2250842225543093,1.5151949999599719,0.4478968253968254,0.4532858183143862,-0.9597045539979033
basic,420,50,20,0.25,1.2,1.3590306362127913,1.2593950419174111,1.5013084451714953,0.4551686507936508,0.47210399575592704,-0.927920840282525
basic,420,50,20,0.25,2.5,1.3706388478659728,1.2352425183691318,1.5757532929361109,0.4577265211640212,0.48804154502060726,-0.9101328455851181
basic,420,50,20,0.5,1.05,1.4871670813501205,1.318648432196504,1.6791249150619434,0.4548363095238095,0.4956619506971462,-1.0341222109040888
basic,420,50,20,0.5,1.2,1.4601543601724383,1.3710359131419458,1.6455182107283173,0.4460482804232804,0.49273402603210714,-1.0578084157438226
basic,420,50,20,0.5,2.5,1.498742859436996,1.322167849760852,1.620802749758731,0.45566468253968256,0.5129700590176433,-1.0088014424906395
basic,420,50,20,1.0,1.05,1.705087013480921,1.4588398494436332,2.0280732778037667,0.43747023809523805,0.5603289084250632,-1.1622555377462835
basic,420,50,20,1.0,1.2,1.6575704567213454,1.4693211790441738,1.9034125041696957,0.44737764550264547,0.5610984821217143,-1.1382730371219747
basic,420,50,20,1.0,2.5,1.7487140977956241,1.4933663094952583,1.8443151470856667,0.44832175925925927,0.5477342434185721,-1.1646060335293495
basic,1680,5,0,0.25,1.05,1.0835417843607051,1.078221845609678,1.0919194733835431,0.6568295304232804,1.0,-0.420330760796049
basic,1680,5,0,0.25,1.2,1.0838992570360357,1.0739248522467717,1.08901849159173,0.6568138227513227,1.0,-0.4203546754634821
basic,1680,5,0,0.25,2.5,1.0832866681770248,1.0762011799814106,1.0955064815201065,0.6542679398148148,1.0,-0.424238317520127
basic,1680,5,0,0.5,1.05,1.093124541240495,1.0881024520114462,1.1001421064672339,0.6407804232804233,1.0,-0.4450684341309549
basic,1680,5,0,0.5,1.2,1.0930474231913236,1.0863507741032385,1.1042382174225223,0.6390658068783069,1.0,-0.44774784574700205
basic,1680,5,0,0.5,2.5,1.0948345713231344,1.087155549553581,1.102077118005574,0.6328885582010582,1.0,-0.4574609257320318
basic,1680,5,0,1.0,1.05,1.1172722095856829,1.1066938281632517,1.1234487668410003,0.6049177414021164,1.0,-0.502662794819924
basic,1680,5,0,1.0,1.2,1.1164164293152385,1.1101924563867194,1.12686336034996,0.6063409391534392,1.0,-0.5003128452524058
basic,1680,5,0,1.0,2.5,1.116923785560053,1.1069898643344007,1.126665954807026,0.6044345238095238,1.0,-0.5034619294181859
basic,1680,5,5,0.25,1.05,1.1743682967386884,1.152294858723331,1.1930856917505681,0.6671775793650795,0.9434322414973263,-0.4055467371338681
basic,1680,5,5,0.25,1.2,1.1713095902715567,1.1514237443480773,1.1905689849067982,0.6692687665343916,0.9503464511511056,-0.40221798832835304
basic,1680,5,5,0.25,2.5,1.1763383319219334,1.1560913065888792,1.1963156937194086,0.669870205026455,0.941638804167411,-0.4015753190516219
basic,1680,5,5,0.5,1.05,1.1880015543538958,1.1806367486670237,1.212802693355549,0.6571420304232803,0.9951940737222968,-0.4198667078229229
basic,1680,5,5,0.5,1.2,1.192423376745778,1.1776850381037944,1.2076958443828236,0.6510408399470898,0.9997513495698321,-0.42918293548876335
basic,1680,5,5,0.5,2.5,1.1874532244712372,1.1735603882618655,1.2096670560107519,0.6577649636243387,0.9935241998162775,-0.41892871419593397
basic,1680,5,5,1.0,1.05,1.223917400074023,1.1926149227334404,1.232829958012079,0.6284209656084655,1.07519288777933,-0.4698012706975546
basic,1680,5,5,1.0,1.2,1.2228316589048924,1.2095983340854892,1.2383257796887208,0.630894923941799,1.0618767521076995,-0.4642204984274053
basic,1680,5,5,1.0,2.5,1.2204569929085687,1.1978246172329734,1.231911763408478,0.6310970568783069,1.0697010311998607,-0.46483557038539347
basic,1680,5,10,0.25,1.05,1.2504713669965968,1.2201212706938653,1.275946253311637,0.5992216435185185,1.1821718831665164,-0.5191255106405702
basic,1680,5,10,0.25,1.2,1.2479319862295541,1.2298876598831219,1.262791839004514,0.6043981481481482,1.1841456530441732,-0.5106641833486683
basic,1680,5,10,0.25,2.5,1.2460784066631683,1.215845671224831,1.272877898510285,0.6028191137566137,1.1933249819746783,-0.5139476718235007
basic,1680,5,10,0.5,1.05,1.273485394067118,1.227492056839724,1.3039732118410603,0.5915901951058201,1.2558212919525669,-0.5508852124733737
basic,1680,5,10,0.5,1.2,1.2690484225350198,1.2534368412599266,1.2870562214045567,0.5924280753968254,1.2411602315715309,-0.5468638745219215
basic,1680,5,10,0.5,2.5,1.2678079582518724,1.23871652600445,1.2870565778571834,0.588630539021164,1.239006416723277,-0.5529209016028419
basic,1680,5,10,1.0,1.05,1.301907236043047,1.2818804589424229,1.3350701263693197,0.57020667989418,1.3642343468255322,-0.6582246186140568
basic,1680,5,10,1.0,1.2,1.3077312379209545,1.2639815333325026,1.3489918188301016,0.5682022982804232,1.381842217899991,-0.6698766760089616
basic,1680,5,10,1.0,2.5,1.3065788733852104,1.2689224134452641,1.334381432561994,0.5661243386243386,1.380928252845308,-0.6731129292729401
basic,1680,5,20,0.25,1.05,1.4573058940902974,1.420102267056056,1.486589389576319,0.4643547453703703,1.8249378069735183,-0.8575708513124881
basic,1680,5,20,0.25,1.2,1.4516495071459365,1.4074526785544874,1.4947490939617205,0.4592290839947089,1.8321944267617554,-0.8698680185076306
basic,1680,5,20,0.25,2.5,1.4571067473883552,1.4133262541858989,1.507879790648469,0.46683242394179897,1.846515597341926,-0.8558192668027846
basic,1680,5,20,0.5,1.05,1.496623388826215,1.4597093463094186,1.5249720767969965,0.45702298280423276,1.9207686189540993,-0.9960468411297072
basic,1680,5,20,0.5,1.2,1.4972322232341555,1.449330870807097,1.5409453532957935,0.45766493055555557,1.9123419843377636,-0.9917829814522033
basic,1680,5,20,0.5,2.5,1.4816668789574727,1.4386932939673298,1.563370840901932,0.45716393849206344,1.95858684144393,-1.0086552495375098
basic,1680,5,20,1.0,1.05,1.571611210603076,1.5167872503126372,1.6310736340341963,0.4431725363756614,2.1021963172390548,-1.365819350459175
basic,1680,5,20,1.0,1.2,1.5824573304670384,1.5163500915726418,1.6373109828654206,0.44348420965608465,2.110632383363423,-1.3710835717996
basic,1680,5,20,1.0,2.5,1.5614715961339245,1.5208505960188503,1.6120606777409339,0.44348834325396824,2.127761782282665,-1.3832154034999338
basic,1680,20,0,0.25,1.05,1.0627548377262086,1.0571859040994143,1.075662697146488,0.6756150793650795,1.0,-0.39213177433742546
basic,1680,20,0,0.25,1.2,1.0635418505327265,1.059213563692033,1.0710820514773844,0.6817551256613757,1.0,-0.3830847388961788
basic,1680,20,0,0.25,2.5,1.0639788901886917,1.0568354699354652,1.0700770260559884,0.6823739252645503,1.0,-0.3821774938738714
basic,1680,20,0,0.5,1.05,1.0709350708073915,1.066033897092186,1.0797098165487107,0.6658250661375662,1.0,-0.4067283064009433
basic,1680,20,0,0.5,1.2,1.0716802431369004,1.0624859155510749,1.0836089313671065,0.6653174603174603,1.0,-0.407490968301712
basic,1680,20,0,0.5,2.5,1.0719809372927376,1.0652512535421657,1.0812715075645418,0.6640571263227514,1.0,-0.40938709958778124
basic,1680,20,0,1.0,1.05,1.091368224836987,1.0834177846220912,1.0998424959535105,0.6336615410052909,1.0,-0.4562403140867618
basic,1680,20,0,1.0,1.2,1.0921538861763367,1.0843215232710934,1.1002019844463653,0.6334370866402116,1.0,-0.456594594902051
basic,1680,20,0,1.0,2.5,1.0914808982646376,1.0838567871914129,1.1019613186342272,0.6320548115079365,1.0,-0.4587791615263347
basic,1680,20,5,0.25,1.05,1.1265269197176624,1.1173963634754076,1.1362654685584557,0.681045386904762,0.6076938814790022,-0.44614824742643816
basic,1680,20,5,0.25,1.2,1.127621258410137,1.114059867812577,1.1401397099066597,0.6757312334656085,0.6098844553673689,-0.45308890664247414
basic,1680,20,5,0.25,2.5,1.128140255647202,1.1134014756915098,1.1373638311619687,0.6769845403439154,0.6151742433016895,-0.44911933162279366
basic,1680,20,5,0.5,1.05,1.1402846132873856,1.1286686715614056,1.1522650184540555,0.6663376322751322,0.6426275405644679,-0.5037247686147184
basic,1680,20,5,0.5,1.2,1.140818225551607,1.119866667964569,1.1548539902619455,0.6655448082010583,0.6410764320662531,-0.5059868233875325
basic,1680,20,5,0.5,2.5,1.1385317067044496,1.116829104753772,1.1537490785923865,0.6650698578042328,0.6448929270965539,-0.5040793090663278
basic,1680,20,5,1.0,1.05,1.1645294356928109,1.151829114692636,1.1769502558705172,0.6380071924603175,0.6947679160762671,-0.5820309175940701
basic,1680,20,5,1.0,1.2,1.1659053236277344,1.1455411483272302,1.1769697821159248,0.6392204034391534,0.6897139143437853,-0.5855021547388399
basic,1680,20,5,1.0,2.5,1.163789775528174,1.1443614003301252,1.1780837239285813,0.6371945271164021,0.6932267513631797,-0.5849278801700208
basic,1680,20,10,0.25,1.05,1.1788862499136932,1.1551750260799107,1.1907659637503845,0.6028339947089948,0.6067424016964119,-0.56852618895689
basic,1680,20,10,0.25,1.2,1.1785502914040245,1.152461095756916,1.1915104334942668,0.6036648478835979,0.6064364048109508,-0.5672749817368742
basic,1680,20,10,0.25,2.5,1.176341295962513,1.1558930431121077,1.2037073196277273,0.608015873015873,0.6075320385242696,-0.5596425624567574
basic,1680,20,10,0.5,1.05,1.195214717039656,1.1727948663668442,1.2180498363326837,0.5948834325396825,0.636708204203069,-0.6212905595566673
basic,1680,20,10,0.5,1.2,1.1882111710455647,1.1757109384022941,1.2191544674253039,0.5973404431216931,0.6438122642891965,-0.6122213008295715
basic,1680,20,10,0.5,2.5,1.1916767629568938,1.1744726637655356,1.2190129240596863,0.5956783234126984,0.6415155366559534,-0.6165877994161586
basic,1680,20,10,1.0,1.05,1.2255872002227797,1.1989506698940173,1.2455548613174587,0.576317791005291,0.704132299854478,-0.6741489826619174
basic,1680,20,10,1.0,1.2,1.2321255627661674,1.200431400820839,1.262296251530045,0.5784321263227513,0.6998641178199062,-0.6747896066351619
basic,1680,20,10,1.0,2.5,1.230005935479892,1.1971624839788872,1.2603090122327678,0.580943287037037,0.7071948150204418,-0.663129118033938
basic,1680,20,20,0.25,1.05,1.3214194350168182,1.285906306477696,1.3793921751416203,0.4683486276455026,0.7380139965044029,-0.7816147986309809
basic,1680,20,20,0.25,1.2,1.3243963944755133,1.2737920426997806,1.3461920425383285,0.46786789021164027,0.7426774880749294,-0.7816948889074062
basic,1680,20,20,0.25,2.5,1.3247899091620008,1.2929244720887514,1.3556431823568893,0.4716765873015873,0.7523584515043594,-0.7717028196164689
basic,1680,20,20,0.5,1.05,1.3492819698655572,1.29469168835846,1.4046635526711413,0.4679294808201058,0.7920974179815676,-0.7865986968289108
basic,1680,20,20,0.5,1.2,1.353197629292405,1.3110552783665792,1.4084764593003924,0.46793568121693124,0.7959088294085038,-0.7854781673488377
basic,1680,20,20,0.5,2.5,1.3524718901505035,1.3267935628068706,1.4020990759310008,0.4667480985449735,0.8082883675274314,-0.7846152356137076
basic,1680,20,20,1.0,1.05,1.422660579692235,1.3852088562615146,1.4628956178887584,0.45856894841269846,0.8768998192574674,-0.796900733167511
basic,1680,20,20,1.0,1.2,1.4202870878613925,1.3762177587088293,1.4726706486902394,0.45480241402116395,0.8781094701487939,-0.8047880525839295
basic,1680,20,20,1.0,2.5,1.4274713177723104,1.388899515133359,1.4977183401044116,0.45747313161375663,0.8927417259450383,-0.7949098335287356
basic,1680,50,0,0.25,1.05,1.0468066112880114,1.0395760998639216,1.0546791650973717,0.7126740244708994,1.0,-0.3387311517908163
basic,1680,50,0,0.25,1.2,1.0477526947450193,1.0407904943872284,1.0520307439505812,0.7159970238095238,1.0,-0.33407926872073973
basic,1680,50,0,0.25,2.5,1.0477066567518665,1.0431003293409846,1.0523319342976514,0.7138781415343916,1.0,-0.3370430013282547
basic,1680,50,0,0.5,1.05,1.0540997521317887,1.0488564043262742,1.06066868281039,0.6934982638888889,1.0,-0.3660065426350146
basic,1680,50,0,0.5,1.2,1.0541390725735074,1.0487383334112454,1.058915743441365,0.6963872354497355,1.0,-0.3618494005930555
basic,1680,50,0,0.5,2.5,1.0544187025740377,1.0491930590825085,1.0584337012998917,0.6948429232804232,1.0,-0.36406946862983475
basic,1680,50,0,1.0,1.05,1.06926257283581,1.064334384656018,1.0792542511707646,0.6647763723544974,1.0,-0.40830457705550066
basic,1680,50,0,1.0,1.2,1.0694569184406464,1.0586003763997094,1.0772830521077026,0.6663012566137566,1.0,-0.40601337345751226
basic,1680,50,0,1.0,2.5,1.069224182627904,1.0573431555798893,1.0803184602066553,0.6629038525132275,1.0,-0.4111253181462667
basic,1680,50,5,0.25,1.05,1.0871177031630754,1.0780773811810869,1.1053807344027582,0.6835610945767195,0.5494390994779689,-0.4700967704108836
basic,1680,50,5,0.25,1.2,1.0876225885836133,1.0732247431517734,1.1031283947277022,0.6905543154761905,0.5485627855098176,-0.4603967610182322
basic,1680,50,5,0.25,2.5,1.0888521557798412,1.0795817724184933,1.104495881514876,0.6868373842592592,0.5548344834704559,-0.4624131321399019
basic,1680,50,5,0.5,1.05,1.0980073059733413,1.0846012750938998,1.1154184075239113,0.673340773809524,0.5794482705859573,-0.5443864502995251
basic,1680,50,5,0.5,1.2,1.0993211141010615,1.0857807650677784,1.1137556834107467,0.6739876818783067,0.575308677643318,-0.5473642048532715
basic,1680,50,5,0.5,2.5,1.0998318550943142,1.088935721206268,1.1184206502168048,0.6772904265873017,0.5779251709729735,-0.5399775184656039
basic,1680,50,5,1.0,1.05,1.12485195730211,1.10733904498717,1.1479579996168223,0.6540492724867725,0.6262235295711353,-0.643641422769206
basic,1680,50,5,1.0,1.2,1.1232487984701605,1.1057970205923116,1.1332832958849561,0.6551955191798942,0.6238338776849032,-0.645483984245712
basic,1680,50,5,1.0,2.5,1.117175280164603,1.1087669396335535,1.1330248071998232,0.6555373677248678,0.6292652065070996,-0.6368565076733743
basic,1680,50,10,0.25,1.05,1.1263584511460851,1.1075784062878358,1.139227547825507,0.617139136904762,0.4977500900144494,-0.6043421515297938
basic,1680,50,10,0.25,1.2,1.122728147285669,1.0987536000620455,1.1440736499255901,0.6121263227513228,0.4929574444619922,-0.6158963990460821
basic,1680,50,10,0.25,2.5,1.1220280642010336,1.1142694078604396,1.1411966248403194,0.6130729166666666,0.4906971436927721,-0.615981824709605
basic,1680,50,10,0.5,1.05,1.1396831738747633,1.1194365952956067,1.1626263382438444,0.6062136243386244,0.5283614919802041,-0.7040286255800271
basic,1680,50,10,0.5,1.2,1.1388577360360794,1.1208846935447039,1.1565058012419274,0.6026025132275131,0.5212858012789386,-0.7186954788913482
basic,1680,50,10,0.5,2.5,1.1382443106668871,1.1186374722022914,1.1489485099367482,0.606904761904762,0.5274118563696409,-0.704038481236117
basic,1680,50,10,1.0,1.05,1.1613151748006514,1.144755186618697,1.1972740887295958,0.591938244047619,0.5829327558600927,-0.8156111833672288
basic,1680,50,10,1.0,1.2,1.16535684509864,1.1353404986887823,1.1861443592768168,0.5875830853174603,0.5732672845516982,-0.8413221486175271
basic,1680,50,10,1.0,2.5,1.1629503573369848,1.1433515307147808,1.1749196146871461,0.5892654596560846,0.5797516089128776,-0.8260730506973477
basic,1680,50,20,0.25,1.05,1.2188120953676935,1.1889617149592209,1.2549429528569713,0.48104290674603173,0.5341517640267307,-0.8301046607423799
basic,1680,50,20,0.25,1.2,1.2211842161538873,1.1912832483765134,1.2609896132289706,0.47907283399470896,0.5332701776915734,-0.8347270751685396
basic,1680,50,20,0.25,2.5,1.2170561784209655,1.195242966220827,1.2533674123630922,0.4780539021164021,0.5416561870494018,-0.8320119915954078
basic,1680,50,20,0.5,1.05,1.2516158569747895,1.2052607741889882,1.2853864069530536,0.4749859457671957,0.5676792781462163,-0.9047605307011516
basic,1680,50,20,0.5,1.2,1.2432924868328732,1.213724675186292,1.2900221882601084,0.47325768849206346,0.5661213870433386,-0.9099654501780485
basic,1680,50,20,0.5,2.5,1.2421157219863725,1.211509892784864,1.2780899898172753,0.4758316798941798,0.5747913429141739,-0.8960096276652578
basic,1680,50,20,1.0,1.05,1.2984644665778775,1.2395067756710088,1.3394572330442311,0.46347759589947096,0.6351532525384398,-0.9750124259572835
basic,1680,50,20,1.0,1.2,1.2969187893276877,1.2599034520670225,1.3359205422078086,0.46772321428571423,0.6345618379710262,-0.9667403015539305
basic,1680,50,20,1.0,2.5,1.2959216247579415,1.2552599095284704,1.3413325348473737,0.465770916005291,0.6357916402914786,-0.9691656229567528
