access,w_eff,n_nat,n_vis,c,tau_nat,epochs,idle_frac
rts,210,2,0,1.05,0.09494,11275,0.8211
rts,210,2,0,1.2,0.09359,11401,0.823
rts,210,2,0,1.6,0.09194,10850,0.8139
rts,210,2,5,1.05,0.08963,10599,0.8125
rts,210,2,5,1.2,0.08666,9710,0.792
rts,210,2,5,1.6,0.07482,8093,0.7294
rts,210,2,20,1.05,0.08427,8775,0.7789
rts,210,2,20,1.2,0.07845,8260,0.7454
rts,210,2,20,1.6,0.06511,7418,0.6864
rts,210,2,50,1.05,0.07495,7605,0.7315
rts,210,2,50,1.2,0.07038,7062,0.6954
rts,210,2,50,1.6,0.06344,6865,0.6414
rts,210,5,0,1.05,0.07222,7566,0.6971
rts,210,5,0,1.2,0.07221,7558,0.6969
rts,210,5,0,1.6,0.07141,7730,0.7013
rts,210,5,5,1.05,0.07023,7424,0.6928
rts,210,5,5,1.2,0.06886,7171,0.6833
rts,210,5,5,1.6,0.06082,6886,0.6574
rts,210,5,20,1.05,0.06539,6763,0.6726
rts,210,5,20,1.2,0.0614,6795,0.6625
rts,210,5,20,1.6,0.05526,6153,0.614
rts,210,5,50,1.05,0.05945,6069,0.6304
rts,210,5,50,1.2,0.05673,6138,0.6123
rts,210,5,50,1.6,0.05222,5787,0.5706
rts,210,10,0,1.05,0.05507,6490,0.6076
rts,210,10,0,1.2,0.05507,6490,0.6076
rts,210,10,0,1.6,0.05511,6498,0.6073
rts,210,10,5,1.05,0.05334,6318,0.6005
rts,210,10,5,1.2,0.05356,6288,0.5961
rts,210,10,5,1.6,0.05224,6305,0.5864
rts,210,10,20,1.05,0.05239,5967,0.5773
rts,210,10,20,1.2,0.05205,5941,0.5681
rts,210,10,20,1.6,0.04759,5833,0.5507
rts,210,10,50,1.05,0.04872,5741,0.5501
rts,210,10,50,1.2,0.04704,5549,0.5387
rts,210,10,50,1.6,0.04536,5796,0.5159
rts,210,20,0,1.05,0.0438,6849,0.5207
rts,210,20,0,1.2,0.0438,6849,0.5207
rts,210,20,0,1.6,0.0438,6849,0.5207
rts,210,20,5,1.05,0.04452,6739,0.5131
rts,210,20,5,1.2,0.04358,6690,0.5135
rts,210,20,5,1.6,0.04364,6690,0.5109
rts,210,20,20,1.05,0.04173,6183,0.4975
rts,210,20,20,1.2,0.04153,6190,0.4935
rts,210,20,20,1.6,0.04137,6172,0.4875
rts,210,20,50,1.05,0.03997,6040,0.4752
rts,210,20,50,1.2,0.03953,6005,0.4743
rts,210,20,50,1.6,0.04004,6223,0.4718
rts,210,40,0,1.05,0.03844,8880,0.4628
rts,210,40,0,1.2,0.03844,8880,0.4628
rts,210,40,0,1.6,0.03844,8880,0.4628
rts,210,40,5,1.05,0.03867,8847,0.4632
rts,210,40,5,1.2,0.03859,8797,0.4624
rts,210,40,5,1.6,0.0385,8780,0.4612
rts,210,40,20,1.05,0.03737,8239,0.4507
rts,210,40,20,1.2,0.03781,8179,0.451
rts,210,40,20,1.6,0.03752,8311,0.4521
rts,210,40,50,1.05,0.03555,7112,0.4255
rts,210,40,50,1.2,0.03587,7410,0.4306
rts,210,40,50,1.6,0.03561,7382,0.4316
rts,420,2,0,1.05,0.09414,20614,0.8228
rts,420,2,0,1.2,0.09085,20617,0.8216
rts,420,2,0,1.6,0.08648,15298,0.764
rts,420,2,5,1.05,0.09338,18537,0.805
rts,420,2,5,1.2,0.08167,16084,0.7641
rts,420,2,5,1.6,0.06411,12175,0.6268
rts,420,2,20,1.05,0.08393,16753,0.7819
rts,420,2,20,1.2,0.07359,13683,0.7112
rts,420,2,20,1.6,0.05786,11873,0.6022
rts,420,2,50,1.05,0.07726,14225,0.7383
rts,420,2,50,1.2,0.06649,12107,0.6628
rts,420,2,50,1.6,0.05349,11115,0.5735
rts,420,5,0,1.05,0.0712,14073,0.7044
rts,420,5,0,1.2,0.07164,13919,0.7014
rts,420,5,0,1.6,0.06943,13564,0.6904
rts,420,5,5,1.05,0.06962,13881,0.6992
rts,420,5,5,1.2,0.06867,13217,0.6807
rts,420,5,5,1.6,0.0586,11303,0.5946
rts,420,5,20,1.05,0.06758,12877,0.6784
rts,420,5,20,1.2,0.06359,12021,0.6417
rts,420,5,20,1.6,0.05275,10604,0.5505
rts,420,5,50,1.05,0.06308,11998,0.6493
rts,420,5,50,1.2,0.05758,10730,0.5957
rts,420,5,50,1.6,0.04779,10027,0.518
rts,420,10,0,1.05,0.05662,12508,0.6084
rts,420,10,0,1.2,0.05662,12413,0.6071
rts,420,10,0,1.6,0.05665,12361,0.6038
rts,420,10,5,1.05,0.05669,12236,0.5996
rts,420,10,5,1.2,0.05593,12209,0.596
rts,420,10,5,1.6,0.05183,11336,0.5555
rts,420,10,20,1.05,0.05486,11852,0.5886
rts,420,10,20,1.2,0.05309,11401,0.5706
rts,420,10,20,1.6,0.04674,10682,0.5188
rts,420,10,50,1.05,0.05183,10995,0.5604
rts,420,10,50,1.2,0.04907,10441,0.5361
rts,420,10,50,1.6,0.04249,10187,0.4877
rts,420,20,0,1.05,0.04578,13404,0.5217
rts,420,20,0,1.2,0.04577,13405,0.5217
rts,420,20,0,1.6,0.04557,13336,0.5214
rts,420,20,5,1.05,0.04517,13189,0.5198
rts,420,20,5,1.2,0.04487,13268,0.52
rts,420,20,5,1.6,0.04389,12911,0.5089
rts,420,20,20,1.05,0.04414,12938,0.5147
rts,420,20,20,1.2,0.04389,12473,0.5029
rts,420,20,20,1.6,0.0419,12184,0.4892
rts,420,20,50,1.05,0.04288,11894,0.4906
rts,420,20,50,1.2,0.0422,11946,0.487
rts,420,20,50,1.6,0.03985,11496,0.4636
rts,420,40,0,1.05,0.03866,17613,0.481
rts,420,40,0,1.2,0.03866,17641,0.4814
rts,420,40,0,1.6,0.03866,17641,0.4814
rts,420,40,5,1.05,0.03847,17127,0.4785
rts,420,40,5,1.2,0.03844,17066,0.4774
rts,420,40,5,1.6,0.03825,16891,0.475
rts,420,40,20,1.05,0.03826,16615,0.4701
rts,420,40,20,1.2,0.03826,16434,0.4684
rts,420,40,20,1.6,0.03796,16342,0.4676
rts,420,40,50,1.05,0.0377,14971,0.4507
rts,420,40,50,1.2,0.03749,14909,0.4508
rts,420,40,50,1.6,0.03704,15083,0.451
rts,1680,2,0,1.05,0.09398,75497,0.8167
rts,1680,2,0,1.2,0.07497,41692,0.6875
rts,1680,2,0,1.6,0.05674,25352,0.5122
rts,1680,2,5,1.05,0.08651,63737,0.7823
rts,1680,2,5,1.2,0.05804,40262,0.5696
rts,1680,2,5,1.6,0.02902,42560,0.3116
rts,1680,2,20,1.05,0.07899,55936,0.7466
rts,1680,2,20,1.2,0.05129,38663,0.5519
rts,1680,2,20,1.6,0.03716,35791,0.4405
rts,1680,2,50,1.05,0.07318,50016,0.7108
rts,1680,2,50,1.2,0.04792,36909,0.5254
rts,1680,2,50,1.6,0.03666,35002,0.4408
rts,1680,5,0,1.05,0.06666,55597,0.7183
rts,1680,5,0,1.2,0.06021,43046,0.6505
rts,1680,5,0,1.6,0.04709,26022,0.4821
rts,1680,5,5,1.05,0.06476,53841,0.7088
rts,1680,5,5,1.2,0.05054,39179,0.5609
rts,1680,5,5,1.6,0.02842,38979,0.3083
rts,1680,5,20,1.05,0.06196,49711,0.6867
rts,1680,5,20,1.2,0.04619,37533,0.5291
rts,1680,5,20,1.6,0.03441,35234,0.4213
rts,1680,5,50,1.05,0.05772,46362,0.6611
rts,1680,5,50,1.2,0.04281,36079,0.5025
rts,1680,5,50,1.6,0.0339,34238,0.4189
rts,1680,10,0,1.05,0.04926,49881,0.6397
rts,1680,10,0,1.2,0.04798,45877,0.613
rts,1680,10,0,1.6,0.04059,28833,0.4711
rts,1680,10,5,1.05,0.0491,48692,0.6336
rts,1680,10,5,1.2,0.04333,40539,0.5475
rts,1680,10,5,1.6,0.02757,38522,0.3292
rts,1680,10,20,1.05,0.04826,47009,0.6206
rts,1680,10,20,1.2,0.04058,38814,0.5174
rts,1680,10,20,1.6,0.03209,35342,0.411
rts,1680,10,50,1.05,0.04608,44814,0.6038
rts,1680,10,50,1.2,0.03811,36897,0.487
rts,1680,10,50,1.6,0.03167,35001,0.4122
rts,1680,20,0,1.05,0.0364,50544,0.571
rts,1680,20,0,1.2,0.03635,50077,0.5666
rts,1680,20,0,1.6,0.0341,35884,0.4724
rts,1680,20,5,1.05,0.03631,50500,0.5697
rts,1680,20,5,1.2,0.0351,46462,0.5341
rts,1680,20,5,1.6,0.02721,40622,0.3741
rts,1680,20,20,1.05,0.03616,49223,0.5617
rts,1680,20,20,1.2,0.03389,43368,0.5056
rts,1680,20,20,1.6,0.02942,39025,0.4216
rts,1680,20,50,1.05,0.03546,47690,0.5505
rts,1680,20,50,1.2,0.03301,41332,0.4827
rts,1680,20,50,1.6,0.02905,38176,0.4167
rts,1680,40,0,1.05,0.02766,58197,0.5231
rts,1680,40,0,1.2,0.02766,58135,0.5223
rts,1680,40,0,1.6,0.0278,50798,0.488
rts,1680,40,5,1.05,0.02764,57988,0.5226
rts,1680,40,5,1.2,0.02755,56166,0.5124
rts,1680,40,5,1.6,0.02623,49379,0.4391
rts,1680,40,20,1.05,0.02764,57038,0.5178
rts,1680,40,20,1.2,0.02732,53807,0.4982
rts,1680,40,20,1.6,0.02645,48174,0.4455
rts,1680,40,50,1.05,0.02748,55125,0.5089
rts,1680,40,50,1.2,0.02723,51027,0.4818
rts,1680,40,50,1.6,0.02628,47329,0.4382
basic,210,2,0,1.05,0.09654,10996,0.8173
basic,210,2,0,1.2,0.09659,10959,0.8169
basic,210,2,0,1.6,0.09444,10567,0.8067
basic,210,2,5,1.05,0.09316,10434,0.8037
basic,210,2,5,1.2,0.08763,9603,0.785
basic,210,2,5,1.6,0.07605,7462,0.7263
basic,210,2,20,1.05,0.0856,8902,0.7698
basic,210,2,20,1.2,0.08036,7684,0.7379
basic,210,2,20,1.6,0.06857,6490,0.6892
basic,210,2,50,1.05,0.07567,7123,0.7199
basic,210,2,50,1.2,0.07018,6555,0.6992
basic,210,2,50,1.6,0.06326,5651,0.6549
basic,210,5,0,1.05,0.07004,7287,0.7061
basic,210,5,0,1.2,0.07004,7287,0.7061
basic,210,5,0,1.6,0.06934,7274,0.7064
basic,210,5,5,1.05,0.06856,7062,0.6971
basic,210,5,5,1.2,0.06695,6940,0.6902
basic,210,5,5,1.6,0.0612,6392,0.6615
basic,210,5,20,1.05,0.06503,6514,0.6744
basic,210,5,20,1.2,0.0623,6283,0.657
basic,210,5,20,1.6,0.0561,5579,0.6238
basic,210,5,50,1.05,0.05843,5648,0.6289
basic,210,5,50,1.2,0.05398,5343,0.613
basic,210,5,50,1.6,0.05254,4850,0.5814
basic,210,10,0,1.05,0.05477,6107,0.6041
basic,210,10,0,1.2,0.05477,6107,0.6041
basic,210,10,0,1.6,0.05481,6103,0.6036
basic,210,10,5,1.05,0.05355,5910,0.5997
basic,210,10,5,1.2,0.0539,5898,0.6
basic,210,10,5,1.6,0.05291,5634,0.5895
basic,210,10,20,1.05,0.05218,5477,0.5823
basic,210,10,20,1.2,0.05201,5303,0.5731
basic,210,10,20,1.6,0.04868,5023,0.5586
basic,210,10,50,1.05,0.04843,4828,0.5516
basic,210,10,50,1.2,0.04681,4636,0.5412
basic,210,10,50,1.6,0.04512,4368,0.5231
basic,210,20,0,1.05,0.04488,5041,0.5045
basic,210,20,0,1.2,0.04488,5041,0.5045
basic,210,20,0,1.6,0.04482,5037,0.5045
basic,210,20,5,1.05,0.04374,4980,0.5046
basic,210,20,5,1.2,0.0436,4959,0.5047
basic,210,20,5,1.6,0.04353,4863,0.4993
basic,210,20,20,1.05,0.04248,4633,0.4928
basic,210,20,20,1.2,0.04263,4566,0.4864
basic,210,20,20,1.6,0.04229,4447,0.4814
basic,210,20,50,1.05,0.04141,4151,0.4647
basic,210,20,50,1.2,0.04032,4110,0.4647
basic,210,20,50,1.6,0.04116,4003,0.4594
basic,210,40,0,1.05,0.03845,4501,0.4446
basic,210,40,0,1.2,0.03845,4501,0.4446
basic,210,40,0,1.6,0.03845,4501,0.4446
basic,210,40,5,1.05,0.03759,4338,0.4334
basic,210,40,5,1.2,0.03767,4338,0.4334
basic,210,40,5,1.6,0.0379,4349,0.4341
basic,210,40,20,1.05,0.0372,4134,0.4243
basic,210,40,20,1.2,0.03763,4147,0.4254
basic,210,40,20,1.6,0.03698,4121,0.4259
basic,210,40,50,1.05,0.03654,3767,0.403
basic,210,40,50,1.2,0.03655,3781,0.4044
basic,210,40,50,1.6,0.03673,3797,0.4085
basic,420,2,0,1.05,0.09632,21964,0.8179
basic,420,2,0,1.2,0.09439,21380,0.814
basic,420,2,0,1.6,0.08733,15911,0.7555
basic,420,2,5,1.05,0.09179,20574,0.8081
basic,420,2,5,1.2,0.08448,15821,0.7576
basic,420,2,5,1.6,0.06819,10749,0.664
basic,420,2,20,1.05,0.08757,17307,0.7765
basic,420,2,20,1.2,0.07774,13102,0.7161
basic,420,2,20,1.6,0.06305,9627,0.6302
basic,420,2,50,1.05,0.07961,14162,0.7329
basic,420,2,50,1.2,0.06827,11008,0.6707
basic,420,2,50,1.6,0.05896,8633,0.5924
basic,420,5,0,1.05,0.07166,14190,0.7023
basic,420,5,0,1.2,0.07199,14138,0.7012
basic,420,5,0,1.6,0.07226,13495,0.6845
basic,420,5,5,1.05,0.071,13727,0.6951
basic,420,5,5,1.2,0.07009,12844,0.6764
basic,420,5,5,1.6,0.06067,9969,0.6129
basic,420,5,20,1.05,0.06976,12497,0.6703
basic,420,5,20,1.2,0.0647,10857,0.6357
basic,420,5,20,1.6,0.05401,8717,0.5729
basic,420,5,50,1.05,0.06501,10940,0.6396
basic,420,5,50,1.2,0.05782,9540,0.6004
basic,420,5,50,1.6,0.04857,7943,0.541
basic,420,10,0,1.05,0.05825,11199,0.5993
basic,420,10,0,1.2,0.05817,11208,0.5998
basic,420,10,0,1.6,0.05831,11131,0.5977
basic,420,10,5,1.05,0.05841,10824,0.5911
basic,420,10,5,1.2,0.05741,10655,0.5899
basic,420,10,5,1.6,0.05381,9556,0.5665
basic,420,10,20,1.05,0.05671,10167,0.5805
basic,420,10,20,1.2,0.05377,9588,0.5679
basic,420,10,20,1.6,0.04848,8407,0.5332
basic,420,10,50,1.05,0.05248,9140,0.5563
basic,420,10,50,1.2,0.04979,8515,0.5349
basic,420,10,50,1.6,0.04398,7653,0.5015
basic,420,20,0,1.05,0.04574,9279,0.515
basic,420,20,0,1.2,0.04574,9279,0.515
basic,420,20,0,1.6,0.04573,9279,0.5152
basic,420,20,5,1.05,0.04572,9189,0.5152
basic,420,20,5,1.2,0.04538,9136,0.5146
basic,420,20,5,1.6,0.04463,8851,0.5076
basic,420,20,20,1.05,0.04424,8827,0.5079
basic,420,20,20,1.2,0.04386,8569,0.5002
basic,420,20,20,1.6,0.04248,8147,0.4882
basic,420,20,50,1.05,0.04165,8177,0.4883
basic,420,20,50,1.2,0.04092,8042,0.4882
basic,420,20,50,1.6,0.0401,7498,0.4671
basic,420,40,0,1.05,0.03915,8384,0.4633
basic,420,40,0,1.2,0.03915,8384,0.4633
basic,420,40,0,1.6,0.03915,8384,0.4633
basic,420,40,5,1.05,0.03835,8236,0.4592
basic,420,40,5,1.2,0.0383,8246,0.4599
basic,420,40,5,1.6,0.0384,8222,0.4594
basic,420,40,20,1.05,0.03765,7985,0.4511
basic,420,40,20,1.2,0.03763,8010,0.4541
basic,420,40,20,1.6,0.03741,7937,0.4529
basic,420,40,50,1.05,0.03671,7450,0.4384
basic,420,40,50,1.2,0.03626,7448,0.4389
basic,420,40,50,1.6,0.03627,7396,0.4362
basic,1680,2,0,1.05,0.09395,83163,0.8138
basic,1680,2,0,1.2,0.07424,43051,0.6682
basic,1680,2,0,1.6,0.05224,26644,0.4779
basic,1680,2,5,1.05,0.08621,66591,0.7782
basic,1680,2,5,1.2,0.06261,34605,0.6183
basic,1680,2,5,1.6,0.04805,23765,0.4789
basic,1680,2,20,1.05,0.07923,56299,0.7453
basic,1680,2,20,1.2,0.05853,31990,0.5915
basic,1680,2,20,1.6,0.04581,24668,0.493
basic,1680,2,50,1.05,0.07339,48660,0.7129
basic,1680,2,50,1.2,0.05502,29954,0.5662
basic,1680,2,50,1.6,0.04375,24023,0.4815
basic,1680,5,0,1.05,0.06652,57677,0.7195
basic,1680,5,0,1.2,0.06124,43057,0.647
basic,1680,5,0,1.6,0.04563,26778,0.4629
basic,1680,5,5,1.05,0.06524,54492,0.7071
basic,1680,5,5,1.2,0.05451,34572,0.5879
basic,1680,5,5,1.6,0.04343,23543,0.4474
basic,1680,5,20,1.05,0.0624,49324,0.6854
basic,1680,5,20,1.2,0.05119,31447,0.5578
basic,1680,5,20,1.6,0.04164,24089,0.4635
basic,1680,5,50,1.05,0.05994,44141,0.6595
basic,1680,5,50,1.2,0.048,29069,0.5319
basic,1680,5,50,1.6,0.04068,23498,0.4504
basic,1680,10,0,1.05,0.05033,45133,0.6347
basic,1680,10,0,1.2,0.0497,42383,0.6186
basic,1680,10,0,1.6,0.04091,28321,0.4733
basic,1680,10,5,1.05,0.04982,44379,0.6314
basic,1680,10,5,1.2,0.0464,35560,0.5702
basic,1680,10,5,1.6,0.03931,24716,0.449
basic,1680,10,20,1.05,0.04902,42211,0.6197
basic,1680,10,20,1.2,0.04439,32204,0.5415
basic,1680,10,20,1.6,0.03811,24535,0.4491
basic,1680,10,50,1.05,0.04766,40035,0.607
basic,1680,10,50,1.2,0.04268,29645,0.513
basic,1680,10,50,1.6,0.03736,23927,0.442
basic,1680,20,0,1.05,0.03913,37304,0.5577
basic,1680,20,0,1.2,0.03927,37143,0.556
basic,1680,20,0,1.6,0.03709,32188,0.5072
basic,1680,20,5,1.05,0.0391,37069,0.5554
basic,1680,20,5,1.2,0.03863,35682,0.5442
basic,1680,20,5,1.6,0.03564,28030,0.4699
basic,1680,20,20,1.05,0.03901,36429,0.5493
basic,1680,20,20,1.2,0.03765,33181,0.5242
basic,1680,20,20,1.6,0.0349,26816,0.4589
basic,1680,20,50,1.05,0.03855,35361,0.5421
basic,1680,20,50,1.2,0.03683,31119,0.5046
basic,1680,20,50,1.6,0.03457,25815,0.4476
basic,1680,40,0,1.05,0.03305,33100,0.5011
basic,1680,40,0,1.2,0.03308,33084,0.5008
basic,1680,40,0,1.6,0.03305,33021,0.5
basic,1680,40,5,1.05,0.03293,33085,0.5007
basic,1680,40,5,1.2,0.03285,32998,0.4993
basic,1680,40,5,1.6,0.03267,32060,0.4915
basic,1680,40,20,1.05,0.03281,32783,0.4971
basic,1680,40,20,1.2,0.03279,32453,0.4935
basic,1680,40,20,1.6,0.03243,30694,0.478
basic,1680,40,50,1.05,0.03284,32298,0.4923
basic,1680,40,50,1.2,0.0325,31544,0.4861
basic,1680,40,50,1.6,0.03192,29359,0.4674
