access,w_eff,n_vis,n_nat,eps_i,r,tau_bar,tau_nat,T,rho,T_nv,rho_nv,T_ev,rho_ev
rts,210,5,5,0.017,1.0,0.195512,0.03465,0.72739,1.65127,0.73377,1.69411,0.77088,1.97542
rts,210,5,5,0.017,3.0,0.126367,0.03963,0.74145,1.51389,0.76796,1.53448,0.78435,1.72347
rts,210,5,5,0.034,2.0,0.2063,0.03032,0.71783,1.69173,0.72723,1.71112,0.7681,2.00341
rts,210,5,5,0.034,5.0,0.125169,0.03612,0.75182,1.56091,0.76843,1.53058,0.78451,1.71754
rts,210,5,5,0.07,3.0,0.174159,0.03315,0.73179,1.6652,0.74576,1.65552,0.77587,1.91276
rts,210,5,5,0.145,5.0,0.467248,0.02757,0.58733,1.61095,0.45489,1.9047,0.64362,2.33882
rts,210,5,10,0.017,1.0,0.168926,0.02403,0.72671,2.24228,0.70805,2.0953,0.7409,2.43702
rts,210,5,10,0.017,3.0,0.084009,0.028,0.73695,1.80967,0.74967,1.53302,0.75993,1.64529
rts,210,5,10,0.034,2.0,0.184107,0.02091,0.71042,2.46264,0.69857,2.15993,0.73647,2.5366
rts,210,5,10,0.034,5.0,0.071476,0.03089,0.73552,1.5453,0.75407,1.4018,0.76182,1.47781
rts,210,5,10,0.07,3.0,0.153919,0.02307,0.72674,2.27985,0.71681,2.0237,0.74499,2.32892
rts,210,5,10,0.145,5.0,0.339089,0.02219,0.63179,2.0654,0.56408,2.56179,0.67294,3.202
rts,210,5,20,0.017,1.0,0.119296,0.0169,0.73125,3.40724,0.65429,2.17786,0.67976,2.38296
rts,210,5,20,0.017,3.0,0.030841,0.02258,0.72474,1.41619,0.70339,0.76736,0.70814,0.75453
rts,210,5,20,0.034,2.0,0.146815,0.01479,0.72714,3.79641,0.63545,2.47519,0.66938,2.77424
rts,210,5,20,0.034,5.0,0.006553,0.02416,0.71914,0.34706,0.71378,0.18109,0.71467,0.17086
rts,210,5,20,0.07,3.0,0.131874,0.01622,0.73133,3.53586,0.64589,2.31965,0.67511,2.5672
rts,210,5,20,0.145,5.0,0.127972,0.01833,0.69565,2.39899,0.64854,2.27678,0.67657,2.51105
rts,210,20,5,0.017,1.0,0.051497,0.03323,0.71215,1.05003,0.72208,1.03988,0.75968,1.05564
rts,210,20,5,0.017,3.0,0.031913,0.03823,0.73723,0.93255,0.76241,0.93788,0.77868,0.91657
rts,210,20,5,0.034,2.0,0.041453,0.03216,0.72885,1.02178,0.7444,0.99706,0.77048,0.99597
rts,210,20,5,0.034,5.0,0.022427,0.04116,0.74445,0.81246,0.77647,0.84563,0.78407,0.79943
rts,210,20,5,0.07,3.0,0.034957,0.03591,0.73921,0.96948,0.75704,0.95943,0.77632,0.94508
rts,210,20,5,0.145,5.0,0.026567,0.03916,0.74082,0.87996,0.77089,0.8916,0.78213,0.85683
rts,210,20,10,0.017,1.0,0.046566,0.0228,0.70846,1.17291,0.69367,1.03502,0.73022,1.04578
rts,210,20,10,0.017,3.0,0.025011,0.02695,0.73639,0.95412,0.74051,0.80849,0.75438,0.76545
rts,210,20,10,0.034,2.0,0.03908,0.02375,0.71738,1.12647,0.71167,0.97434,0.7396,0.96706
rts,210,20,10,0.034,5.0,0.014133,0.03057,0.73771,0.75988,0.75721,0.59276,0.76253,0.52944
rts,210,20,10,0.07,3.0,0.030282,0.02378,0.73331,1.09068,0.73054,0.881,0.74933,0.85126
rts,210,20,10,0.145,5.0,0.01783,0.03071,0.73185,0.76682,0.7522,0.67917,0.76016,0.62069
rts,210,20,20,0.017,1.0,0.041613,0.01509,0.71402,1.50418,0.62042,0.99471,0.65939,0.99363
rts,210,20,20,0.017,3.0,0.014321,0.01911,0.72293,0.91714,0.68992,0.49747,0.6999,0.45097
rts,210,20,20,0.034,2.0,0.03325,0.01621,0.7221,1.38499,0.64397,0.87879,0.67294,0.85746
rts,210,20,20,0.034,5.0,0.003059,0.02325,0.71821,0.26246,0.71143,0.13072,0.71316,0.11094
rts,210,20,20,0.07,3.0,0.02306,0.01753,0.72539,1.1964,0.67007,0.69952,0.68813,0.6589
rts,210,20,20,0.145,5.0,0.009301,0.02105,0.72215,0.62712,0.70013,0.35248,0.70609,0.31115
rts,210,50,5,0.017,1.0,0.021835,0.03172,0.71861,0.92387,0.7137,0.91928,0.75446,0.88718
rts,210,50,5,0.017,3.0,0.013062,0.03663,0.73892,0.83512,0.7602,0.8261,0.7771,0.76635
rts,210,50,5,0.034,2.0,0.017133,0.03397,0.72456,0.89109,0.74049,0.87878,0.76781,0.83349
rts,210,50,5,0.034,5.0,0.009196,0.0402,0.74726,0.72321,0.77506,0.74688,0.78315,0.67077
rts,210,50,5,0.07,3.0,0.01273,0.03551,0.73967,0.83447,0.76164,0.82069,0.77774,0.75963
rts,210,50,5,0.145,5.0,0.008577,0.04321,0.73973,0.68115,0.77698,0.72981,0.78378,0.65097
rts,210,50,10,0.017,1.0,0.020818,0.02066,0.69708,0.9884,0.67897,0.84938,0.72177,0.80155
rts,210,50,10,0.017,3.0,0.010377,0.02722,0.7337,0.77451,0.73829,0.65323,0.75302,0.57434
rts,210,50,10,0.034,2.0,0.015173,0.02301,0.72373,0.91625,0.71363,0.76451,0.74016,0.69928
rts,210,50,10,0.034,5.0,0.006528,0.03102,0.73889,0.59705,0.75402,0.51376,0.76091,0.43078
rts,210,50,10,0.07,3.0,0.011473,0.02484,0.72477,0.8144,0.73309,0.68331,0.75034,0.60715
rts,210,50,10,0.145,5.0,0.007112,0.03013,0.73268,0.6074,0.75192,0.53928,0.75988,0.45605
rts,210,50,20,0.017,1.0,0.018704,0.01448,0.705,1.07787,0.60518,0.72882,0.65029,0.6704
rts,210,50,20,0.017,3.0,0.007159,0.019,0.72806,0.70519,0.68195,0.40765,0.69509,0.34247
rts,210,50,20,0.034,2.0,0.012969,0.01641,0.72323,0.96328,0.64602,0.59936,0.67395,0.53099
rts,210,50,20,0.034,5.0,0.001907,0.0225,0.72156,0.29385,0.70849,0.1374,0.71128,0.10758
rts,210,50,20,0.07,3.0,0.009052,0.01735,0.71975,0.81651,0.67092,0.47921,0.68855,0.41051
rts,210,50,20,0.145,5.0,0.003051,0.02172,0.71645,0.3471,0.70327,0.20783,0.70803,0.16566
rts,420,5,5,0.017,1.0,0.266705,0.01985,0.70362,1.8629,0.68441,1.78468,0.7191,1.92523
rts,420,5,5,0.017,3.0,0.164045,0.02527,0.75479,1.76362,0.751,1.6345,0.76555,1.73704
rts,420,5,5,0.034,2.0,0.205606,0.02348,0.7381,1.83018,0.72766,1.71007,0.74939,1.83103
rts,420,5,5,0.034,5.0,0.125063,0.02848,0.76449,1.66657,0.76847,1.53023,0.77731,1.60963
rts,420,5,5,0.07,3.0,0.170637,0.02731,0.74967,1.73503,0.74761,1.64842,0.76322,1.75425
rts,420,5,5,0.145,5.0,0.558444,0.0177,0.53866,1.69481,0.31017,1.93293,0.4351,2.11666
rts,420,5,10,0.017,1.0,0.251104,0.01373,0.71073,2.7391,0.64918,2.37765,0.6831,2.59252
rts,420,5,10,0.017,3.0,0.143232,0.01882,0.75726,2.48298,0.7227,1.96724,0.73599,2.08879
rts,420,5,10,0.034,2.0,0.196275,0.01492,0.73264,2.68165,0.69053,2.20688,0.71288,2.37966
rts,420,5,10,0.034,5.0,0.10235,0.02087,0.76205,2.27815,0.74237,1.69518,0.75004,1.76917
rts,420,5,10,0.07,3.0,0.164855,0.01682,0.74448,2.54606,0.71048,2.07669,0.72723,2.22052
rts,420,5,10,0.145,5.0,0.300587,0.01734,0.67122,2.31396,0.60429,2.49126,0.65068,2.73679
rts,420,5,20,0.017,1.0,0.237126,0.00911,0.72037,4.52579,0.56122,3.1955,0.5967,3.46353
rts,420,5,20,0.017,3.0,0.10397,0.01467,0.75199,3.4984,0.66404,1.98987,0.67498,2.0618
rts,420,5,20,0.034,2.0,0.183695,0.01002,0.73317,4.34518,0.60747,2.80897,0.63176,3.00027
rts,420,5,20,0.034,5.0,0.02706,0.02038,0.73951,1.54156,0.7051,0.6839,0.70718,0.67637
rts,420,5,20,0.07,3.0,0.147801,0.01163,0.74642,4.05549,0.63475,2.485,0.65251,2.62226
rts,420,5,20,0.145,5.0,0.305192,0.01194,0.63671,3.26701,0.49242,3.57242,0.54423,3.92864
rts,420,20,5,0.017,1.0,0.058854,0.02182,0.72482,1.15153,0.70378,1.06344,0.72865,1.07418
rts,420,20,5,0.017,3.0,0.031548,0.03,0.75537,1.02986,0.76303,0.93509,0.77174,0.92562
rts,420,20,5,0.034,2.0,0.04172,0.02508,0.74882,1.09257,0.74384,0.99842,0.75799,0.99817
rts,420,20,5,0.034,5.0,0.022203,0.03415,0.76433,0.92984,0.77675,0.84281,0.78104,0.82243
rts,420,20,5,0.07,3.0,0.032654,0.02946,0.75438,1.02484,0.76114,0.9434,0.7704,0.93506
rts,420,20,5,0.145,5.0,0.025187,0.03424,0.75374,0.92674,0.77286,0.87744,0.7785,0.86081
rts,420,20,10,0.017,1.0,0.058554,0.01407,0.71879,1.35735,0.66142,1.10883,0.68871,1.1245
rts,420,20,10,0.017,3.0,0.029664,0.02054,0.7556,1.18313,0.73176,0.87326,0.74139,0.85931
rts,420,20,10,0.034,2.0,0.039375,0.01753,0.74489,1.25792,0.711,0.97701,0.72589,0.97415
rts,420,20,10,0.034,5.0,0.018229,0.02524,0.75794,0.93862,0.75162,0.68754,0.75604,0.66109
rts,420,20,10,0.07,3.0,0.03095,0.01955,0.75076,1.17722,0.7292,0.88917,0.73948,0.87673
rts,420,20,10,0.145,5.0,0.019316,0.02605,0.75258,0.92569,0.74998,0.70958,0.75485,0.68414
rts,420,20,20,0.017,1.0,0.054943,0.00928,0.72,1.76328,0.57936,1.13973,0.60858,1.15475
rts,420,20,20,0.017,3.0,0.023138,0.0145,0.74825,1.33001,0.66988,0.70109,0.6792,0.68212
rts,420,20,20,0.034,2.0,0.035952,0.01193,0.74211,1.59246,0.63656,0.91883,0.65313,0.91194
rts,420,20,20,0.034,5.0,0.007772,0.02004,0.73989,0.66749,0.70305,0.30292,0.70551,0.28447
rts,420,20,20,0.07,3.0,0.0249,0.01507,0.74833,1.34428,0.66558,0.73572,0.67582,0.71807
rts,420,20,20,0.145,5.0,0.00882,0.02037,0.73525,0.6655,0.70105,0.3372,0.70391,0.31761
rts,420,50,5,0.017,1.0,0.022757,0.02147,0.71605,1.00568,0.708,0.92558,0.73113,0.91314
rts,420,50,5,0.017,3.0,0.012844,0.02764,0.75976,0.91539,0.76115,0.82257,0.77008,0.79668
rts,420,50,5,0.034,2.0,0.016042,0.02663,0.74656,0.95252,0.74612,0.86672,0.75923,0.84607
rts,420,50,5,0.034,5.0,0.008891,0.03372,0.76539,0.81968,0.77602,0.73868,0.78033,0.70495
rts,420,50,5,0.07,3.0,0.013192,0.02918,0.75536,0.90386,0.75962,0.82816,0.76899,0.8029
rts,420,50,5,0.145,5.0,0.009053,0.03622,0.75998,0.78368,0.77552,0.74307,0.78,0.70969
rts,420,50,10,0.017,1.0,0.022503,0.0142,0.7144,1.07689,0.6676,0.86879,0.69287,0.85034
rts,420,50,10,0.017,3.0,0.011245,0.02103,0.75431,0.90935,0.7342,0.67733,0.74304,0.64303
rts,420,50,10,0.034,2.0,0.015471,0.01863,0.74515,1.00107,0.71194,0.76997,0.72633,0.74176
rts,420,50,10,0.034,5.0,0.006936,0.02596,0.76327,0.73042,0.75257,0.53176,0.75666,0.49356
rts,420,50,10,0.07,3.0,0.01231,0.01953,0.75997,0.93725,0.72894,0.70415,0.73911,0.67132
rts,420,50,10,0.145,5.0,0.006692,0.02693,0.74881,0.68317,0.75344,0.52114,0.75729,0.48291
rts,420,50,20,0.017,1.0,0.020943,0.00978,0.72145,1.22287,0.58801,0.76899,0.61504,0.74516
rts,420,50,20,0.017,3.0,0.00891,0.01452,0.7494,0.93708,0.67177,0.47419,0.68064,0.44202
rts,420,50,20,0.034,2.0,0.013527,0.0128,0.74383,1.08883,0.64226,0.61403,0.65746,0.58289
rts,420,50,20,0.034,5.0,0.002904,0.02,0.74251,0.45964,0.70396,0.19925,0.70624,0.17937
rts,420,50,20,0.07,3.0,0.009649,0.01484,0.74774,0.93575,0.6673,0.49973,0.67712,0.46737
rts,420,50,20,0.145,5.0,0.003884,0.01967,0.74141,0.51204,0.69926,0.25448,0.70247,0.23067
rts,1680,5,5,0.017,1.0,0.262892,0.00874,0.72504,1.95791,0.68744,1.78088,0.69626,1.81164
rts,1680,5,5,0.017,3.0,0.165913,0.01441,0.77108,1.8809,0.75005,1.63853,0.75394,1.6616
rts,1680,5,5,0.034,2.0,0.206311,0.01119,0.75418,1.9228,0.72722,1.71113,0.73293,1.73801
rts,1680,5,5,0.034,5.0,0.129486,0.01807,0.78032,1.81678,0.76671,1.54439,0.76921,1.56289
rts,1680,5,5,0.07,3.0,0.180163,0.01219,0.76407,1.90736,0.74251,1.6671,0.74701,1.69164
rts,1680,5,5,0.145,5.0,0.796499,0.00386,0.27435,1.84579,0.02683,1.97783,0.03575,2.02079
rts,1680,5,10,0.017,1.0,0.263277,0.00576,0.72054,2.91253,0.63883,2.4085,0.64838,2.45833
rts,1680,5,10,0.017,3.0,0.15996,0.00991,0.77073,2.77067,0.71336,2.05353,0.7175,2.08514
rts,1680,5,10,0.034,2.0,0.200651,0.0074,0.75642,2.86479,0.68754,2.22283,0.69356,2.26265
rts,1680,5,10,0.034,5.0,0.119868,0.01366,0.78075,2.58496,0.73449,1.82437,0.73708,1.84627
rts,1680,5,10,0.07,3.0,0.167772,0.00923,0.765,2.78931,0.70874,2.09008,0.71322,2.12339
rts,1680,5,10,0.145,5.0,0.722588,0.00371,0.37328,2.71383,0.06345,2.90221,0.07868,2.98389
rts,1680,5,20,0.017,1.0,0.258303,0.00361,0.72313,4.83032,0.54099,3.32444,0.55132,3.39213
rts,1680,5,20,0.017,3.0,0.148986,0.00715,0.77054,4.46868,0.63389,2.49673,0.6385,2.52923
rts,1680,5,20,0.034,2.0,0.193967,0.00543,0.75329,4.67516,0.59911,2.89116,0.60586,2.93888
rts,1680,5,20,0.034,5.0,0.084319,0.01253,0.77306,3.56708,0.67578,1.72047,0.6779,1.73118
rts,1680,5,20,0.07,3.0,0.158793,0.00719,0.76533,4.46439,0.62671,2.59087,0.63176,2.62674
rts,1680,5,20,0.145,5.0,0.681861,0.00334,0.413,4.17326,0.06354,4.62151,0.07685,4.76981
rts,1680,20,5,0.017,1.0,0.058277,0.0101,0.73326,1.20765,0.70527,1.06177,0.71164,1.06409
rts,1680,20,5,0.017,3.0,0.034126,0.01818,0.77553,1.13014,0.75854,0.95384,0.76117,0.95229
rts,1680,20,5,0.034,2.0,0.042849,0.0125,0.76387,1.18295,0.74149,1.00397,0.74535,1.00411
rts,1680,20,5,0.034,5.0,0.02448,0.02521,0.78261,1.04002,0.77383,0.86976,0.77525,0.86579
rts,1680,20,5,0.07,3.0,0.034112,0.01968,0.77296,1.12024,0.75856,0.95374,0.7612,0.95219
rts,1680,20,5,0.145,5.0,0.025469,0.02438,0.77306,1.03525,0.77246,0.88043,0.77401,0.87673
rts,1680,20,10,0.017,1.0,0.057961,0.00665,0.73385,1.43951,0.66311,1.1057,0.67006,1.10913
rts,1680,20,10,0.017,3.0,0.031097,0.01389,0.77378,1.29356,0.7289,0.89093,0.73159,0.8881
rts,1680,20,10,0.034,2.0,0.041256,0.00986,0.76222,1.3828,0.70662,0.99346,0.71076,0.99327
rts,1680,20,10,0.034,5.0,0.019916,0.02031,0.77766,1.08165,0.74905,0.72125,0.75039,0.71543
rts,1680,20,10,0.07,3.0,0.031886,0.01337,0.77143,1.29114,0.7273,0.90027,0.73009,0.89765
rts,1680,20,10,0.145,5.0,0.020653,0.02042,0.76843,1.05872,0.74789,0.73515,0.74931,0.72951
rts,1680,20,20,0.017,1.0,0.056076,0.0047,0.73482,1.88869,0.57569,1.15031,0.58336,1.15408
rts,1680,20,20,0.017,3.0,0.028138,0.01002,0.77072,1.60162,0.65744,0.79502,0.6605,0.79149
rts,1680,20,20,0.034,2.0,0.038895,0.00727,0.76197,1.77398,0.62827,0.95954,0.63297,0.9587
rts,1680,20,20,0.034,5.0,0.011944,0.01692,0.76265,0.99701,0.69487,0.43196,0.6959,0.42669
rts,1680,20,20,0.07,3.0,0.028667,0.00992,0.76722,1.60745,0.65608,0.80423,0.65922,0.80082
rts,1680,20,20,0.145,5.0,0.013044,0.01655,0.75851,1.00412,0.6926,0.46293,0.69376,0.45758
rts,1680,50,5,0.017,1.0,0.022649,0.01024,0.73553,1.0598,0.70867,0.92487,0.71464,0.92208
rts,1680,50,5,0.017,3.0,0.01296,0.01907,0.77581,0.98424,0.76064,0.82446,0.76303,0.81868
rts,1680,50,5,0.034,2.0,0.016512,0.01549,0.76584,1.01905,0.74372,0.87207,0.74732,0.86761
rts,1680,50,5,0.034,5.0,0.009241,0.02581,0.78188,0.89436,0.77491,0.74807,0.77618,0.74056
rts,1680,50,5,0.07,3.0,0.01308,0.0196,0.77342,0.97493,0.76012,0.82639,0.76255,0.82066
rts,1680,50,5,0.145,5.0,0.009278,0.02716,0.77744,0.87651,0.77479,0.74901,0.77607,0.74152
rts,1680,50,10,0.017,1.0,0.022192,0.00689,0.73749,1.15034,0.66973,0.86536,0.67613,0.8611
rts,1680,50,10,0.017,3.0,0.012277,0.0135,0.77325,1.0293,0.72911,0.70337,0.73173,0.69578
rts,1680,50,10,0.034,2.0,0.015834,0.01044,0.76293,1.08823,0.70986,0.77645,0.71372,0.77012
rts,1680,50,10,0.034,5.0,0.00735,0.02108,0.77356,0.83396,0.75103,0.54914,0.7522,0.54018
rts,1680,50,10,0.07,3.0,0.012144,0.0147,0.76877,1.00462,0.72978,0.70016,0.73236,0.69253
rts,1680,50,10,0.145,5.0,0.007754,0.02066,0.77054,0.82679,0.74948,0.56522,0.75076,0.55632
rts,1680,50,20,0.017,1.0,0.021583,0.0055,0.73691,1.30463,0.58298,0.77964,0.59016,0.77429
rts,1680,50,20,0.017,3.0,0.010383,0.01092,0.76918,1.08691,0.66276,0.52377,0.66551,0.51606
rts,1680,50,20,0.034,2.0,0.014505,0.00793,0.76216,1.2144,0.63556,0.63853,0.63982,0.63137
rts,1680,50,20,0.034,5.0,0.004763,0.01667,0.76253,0.69725,0.69485,0.29992,0.69589,0.29348
rts,1680,50,20,0.07,3.0,0.010531,0.01061,0.76644,1.08478,0.66184,0.52845,0.66464,0.52075
rts,1680,50,20,0.145,5.0,0.004313,0.01779,0.75645,0.61401,0.69713,0.2771,0.69805,0.27096
basic,210,5,5,0.017,1.0,0.171936,0.03663,0.57206,1.56473,0.49565,1.65106,0.60719,1.9056
basic,210,5,5,0.017,3.0,0.11996,0.03844,0.65373,1.46027,0.58539,1.51295,0.66557,1.69089
basic,210,5,5,0.034,2.0,0.19238,0.03497,0.55818,1.63188,0.46199,1.68888,0.58434,1.96686
basic,210,5,5,0.034,5.0,0.118143,0.0379,0.64712,1.44774,0.58853,1.50654,0.66762,1.68126
basic,210,5,5,0.07,3.0,0.171508,0.03241,0.58582,1.60121,0.49816,1.6502,0.60766,1.90422
basic,210,5,5,0.145,5.0,0.210719,0.035,0.50923,1.5329,0.43223,1.71767,0.56392,2.01425
basic,210,5,10,0.017,1.0,0.144808,0.02471,0.6027,2.20211,0.44294,1.97589,0.52111,2.25799
basic,210,5,10,0.017,3.0,0.078214,0.03026,0.69356,1.66362,0.54368,1.47469,0.58993,1.5701
basic,210,5,10,0.034,2.0,0.179934,0.02362,0.55583,2.31621,0.39421,2.14287,0.48652,2.51013
basic,210,5,10,0.034,5.0,0.076473,0.02805,0.6769,1.78343,0.54648,1.4564,0.5918,1.54678
basic,210,5,10,0.07,3.0,0.168444,0.02205,0.57943,2.34511,0.40983,2.09313,0.49774,2.43371
basic,210,5,10,0.145,5.0,0.184243,0.02521,0.49701,2.07073,0.38843,2.16047,0.48234,2.53745
basic,210,5,20,0.017,1.0,0.103707,0.01719,0.62505,3.14509,0.33883,1.98649,0.38035,2.1408
basic,210,5,20,0.017,3.0,0.029382,0.02258,0.66511,1.37303,0.42877,0.73547,0.44238,0.72152
basic,210,5,20,0.034,2.0,0.125077,0.016,0.57633,3.51101,0.31568,2.24434,0.36386,2.46881
basic,210,5,20,0.034,5.0,0.004678,0.02347,0.67019,0.26121,0.46287,0.13039,0.46517,0.1226
basic,210,5,20,0.07,3.0,0.109074,0.01676,0.6064,3.19859,0.33291,2.05447,0.37616,2.22599
basic,210,5,20,0.145,5.0,0.026027,0.02286,0.63195,0.94887,0.43325,0.66064,0.4454,0.64466
basic,210,20,5,0.017,1.0,0.051174,0.03276,0.54026,1.01103,0.43108,1.03872,0.54828,1.05399
basic,210,20,5,0.017,3.0,0.031828,0.0377,0.62812,0.91029,0.55929,0.93724,0.63973,0.91572
basic,210,20,5,0.034,2.0,0.044733,0.03312,0.5756,1.0014,0.47148,1.01274,0.57773,1.0176
basic,210,20,5,0.034,5.0,0.023093,0.04268,0.69298,0.81764,0.62218,0.85378,0.68378,0.80947
basic,210,20,5,0.07,3.0,0.033423,0.03695,0.60926,0.91338,0.54796,0.94894,0.63186,0.93114
basic,210,20,5,0.145,5.0,0.025632,0.03893,0.6433,0.81606,0.60345,0.88213,0.67083,0.84485
basic,210,20,10,0.017,1.0,0.044216,0.02298,0.55825,1.13364,0.39325,1.01745,0.47873,1.02268
basic,210,20,10,0.017,3.0,0.022848,0.02816,0.63831,0.91276,0.51714,0.77385,0.56979,0.72566
basic,210,20,10,0.034,2.0,0.038246,0.02343,0.54075,1.11502,0.42521,0.96666,0.50297,0.95729
basic,210,20,10,0.034,5.0,0.016124,0.02894,0.67765,0.78817,0.56188,0.64135,0.60104,0.58024
basic,210,20,10,0.07,3.0,0.031724,0.02481,0.61133,1.04245,0.46242,0.89838,0.5305,0.87235
basic,210,20,10,0.145,5.0,0.018963,0.03022,0.64542,0.75444,0.54263,0.70255,0.58768,0.64612
basic,210,20,20,0.017,1.0,0.035319,0.01618,0.58092,1.39595,0.29825,0.90968,0.34966,0.89313
basic,210,20,20,0.017,3.0,0.012351,0.02097,0.65215,0.78396,0.40221,0.44354,0.42422,0.39809
basic,210,20,20,0.034,2.0,0.031124,0.01714,0.5763,1.31971,0.31538,0.8453,0.36242,0.81929
basic,210,20,20,0.034,5.0,0.002467,0.02288,0.66376,0.2446,0.45544,0.10671,0.46024,0.09018
basic,210,20,20,0.07,3.0,0.022941,0.01824,0.6059,1.16536,0.3511,0.69712,0.38837,0.65633
basic,210,20,20,0.145,5.0,0.003931,0.02323,0.66692,0.30385,0.44719,0.16501,0.45473,0.14088
basic,210,50,5,0.017,1.0,0.021219,0.03357,0.52131,0.89329,0.41774,0.91483,0.53623,0.88118
basic,210,50,5,0.017,3.0,0.011905,0.04117,0.63485,0.78168,0.57004,0.80633,0.64707,0.74191
basic,210,50,5,0.034,2.0,0.016658,0.03614,0.58539,0.84422,0.48821,0.87368,0.58864,0.82686
basic,210,50,5,0.034,5.0,0.008547,0.04221,0.68444,0.6787,0.6331,0.72893,0.69048,0.64995
basic,210,50,5,0.07,3.0,0.013478,0.03792,0.62257,0.78785,0.54278,0.83259,0.62731,0.77447
basic,210,50,5,0.145,5.0,0.00991,0.03899,0.64423,0.73395,0.60752,0.76472,0.67268,0.69177
basic,210,50,10,0.017,1.0,0.018729,0.02238,0.54826,0.9238,0.37921,0.82202,0.46667,0.76789
basic,210,50,10,0.017,3.0,0.009538,0.02731,0.61537,0.75762,0.5097,0.62783,0.56413,0.54717
basic,210,50,10,0.034,2.0,0.014174,0.02628,0.58813,0.84728,0.43987,0.74516,0.5131,0.67683
basic,210,50,10,0.034,5.0,0.005744,0.03005,0.66473,0.59784,0.57344,0.47636,0.60886,0.39453
basic,210,50,10,0.07,3.0,0.010198,0.02604,0.60024,0.7746,0.49925,0.648,0.55663,0.5687
basic,210,50,10,0.145,5.0,0.006928,0.02893,0.64983,0.6188,0.55289,0.53145,0.59461,0.44825
basic,210,50,20,0.017,1.0,0.016204,0.01619,0.51944,1.01006,0.2782,0.67774,0.33412,0.61414
basic,210,50,20,0.017,3.0,0.006425,0.01946,0.63529,0.69237,0.38348,0.3769,0.41119,0.31402
basic,210,50,20,0.034,2.0,0.012266,0.01591,0.57681,0.95936,0.31718,0.58008,0.36355,0.51111
basic,210,50,20,0.034,5.0,0.001276,0.02355,0.66701,0.20225,0.45133,0.09499,0.4575,0.07358
basic,210,50,20,0.07,3.0,0.008102,0.01873,0.59961,0.78026,0.36334,0.44459,0.39701,0.37725
basic,210,50,20,0.145,5.0,0.002404,0.0219,0.64554,0.31217,0.43565,0.16902,0.44699,0.1334
basic,420,5,5,0.017,1.0,0.267393,0.0229,0.45221,1.80611,0.34916,1.78535,0.42126,1.92609
basic,420,5,5,0.017,3.0,0.157427,0.0271,0.6054,1.72374,0.52197,1.61961,0.57121,1.71869
basic,420,5,5,0.034,2.0,0.207572,0.0265,0.53188,1.74513,0.44,1.71303,0.50167,1.83474
basic,420,5,5,0.034,5.0,0.129239,0.0302,0.64807,1.63911,0.56941,1.54362,0.61142,1.62585
basic,420,5,5,0.07,3.0,0.185044,0.0269,0.55784,1.70859,0.47717,1.67608,0.53257,1.78858
basic,420,5,5,0.145,5.0,0.252357,0.02726,0.40157,1.63909,0.37017,1.7699,0.44034,1.90646
basic,420,5,10,0.017,1.0,0.248322,0.01516,0.46284,2.65913,0.30762,2.3703,0.36099,2.58325
basic,420,5,10,0.017,3.0,0.136741,0.01945,0.60929,2.43811,0.45454,1.93043,0.49092,2.04489
basic,420,5,10,0.034,2.0,0.199082,0.01713,0.52695,2.59565,0.36887,2.21717,0.41623,2.39235
basic,420,5,10,0.034,5.0,0.095011,0.02356,0.65641,2.1426,0.51715,1.63403,0.5442,1.69883
basic,420,5,10,0.07,3.0,0.156547,0.02035,0.57605,2.38116,0.42633,2.03685,0.4666,2.17236
basic,420,5,10,0.145,5.0,0.170358,0.01971,0.51596,2.29231,0.40721,2.10171,0.44997,2.2509
basic,420,5,20,0.017,1.0,0.209293,0.01039,0.52795,4.40009,0.23394,3.00636,0.26674,3.23515
basic,420,5,20,0.017,3.0,0.095724,0.01437,0.63347,3.43854,0.34775,1.88101,0.36682,1.94129
basic,420,5,20,0.034,2.0,0.182273,0.01134,0.52682,4.20497,0.2586,2.79726,0.28893,2.98645
basic,420,5,20,0.034,5.0,0.01947,0.02187,0.68185,1.06389,0.44214,0.50813,0.44673,0.49948
basic,420,5,20,0.07,3.0,0.14682,0.0118,0.58332,4.01626,0.29317,2.47525,0.3195,2.61102
basic,420,5,20,0.145,5.0,0.085192,0.01568,0.59004,2.9462,0.35977,1.73319,0.37712,1.77917
basic,420,20,5,0.017,1.0,0.057222,0.02635,0.4919,1.10314,0.39729,1.05865,0.45707,1.06853
basic,420,20,5,0.017,3.0,0.033107,0.02894,0.63007,1.01507,0.55055,0.94669,0.59093,0.9388
basic,420,20,5,0.034,2.0,0.041293,0.02624,0.57198,1.07974,0.49655,0.99625,0.54351,0.99566
basic,420,20,5,0.034,5.0,0.023399,0.03388,0.67659,0.92231,0.6199,0.85742,0.65062,0.83857
basic,420,20,5,0.07,3.0,0.03514,0.02835,0.60605,1.04565,0.53675,0.96064,0.57889,0.95471
basic,420,20,5,0.145,5.0,0.025662,0.03523,0.65196,0.92123,0.60323,0.88244,0.63639,0.86638
basic,420,20,10,0.017,1.0,0.055506,0.01549,0.49109,1.2995,0.33803,1.09222,0.38405,1.10527
basic,420,20,10,0.017,3.0,0.028898,0.02094,0.62732,1.14691,0.47932,0.86341,0.51026,0.84857
basic,420,20,10,0.034,2.0,0.040263,0.01839,0.56937,1.21938,0.41419,0.9849,0.45296,0.983
basic,420,20,10,0.034,5.0,0.019212,0.024,0.67691,0.97681,0.54097,0.70751,0.56339,0.68198
basic,420,20,10,0.07,3.0,0.032174,0.01911,0.6072,1.17927,0.45978,0.90361,0.49321,0.89259
basic,420,20,10,0.145,5.0,0.018591,0.02656,0.64981,0.86587,0.54512,0.69501,0.56694,0.6689
basic,420,20,20,0.017,1.0,0.051536,0.01046,0.48888,1.69782,0.23898,1.10644,0.26967,1.11751
basic,420,20,20,0.017,3.0,0.02222,0.01471,0.63059,1.35076,0.3544,0.68235,0.3722,0.66276
basic,420,20,20,0.034,2.0,0.035374,0.01316,0.57018,1.53599,0.29803,0.91049,0.3229,0.90297
basic,420,20,20,0.034,5.0,0.00594,0.02129,0.68263,0.52338,0.43608,0.23971,0.44165,0.22388
basic,420,20,20,0.07,3.0,0.025378,0.01417,0.62213,1.39017,0.34013,0.7448,0.35984,0.72753
basic,420,20,20,0.145,5.0,0.010922,0.01925,0.66024,0.8462,0.40955,0.4021,0.41932,0.38092
basic,420,50,5,0.017,1.0,0.022311,0.02325,0.47859,0.98743,0.40484,0.92259,0.46322,0.9097
basic,420,50,5,0.017,3.0,0.012616,0.02802,0.6271,0.90242,0.55899,0.81879,0.59757,0.79249
basic,420,50,5,0.034,2.0,0.016396,0.02769,0.57633,0.93441,0.49626,0.87077,0.54232,0.85065
basic,420,50,5,0.034,5.0,0.008556,0.03246,0.6771,0.80801,0.63291,0.72922,0.66127,0.69477
basic,420,50,5,0.07,3.0,0.012543,0.02901,0.60842,0.9009,0.56026,0.81756,0.59867,0.79113
basic,420,50,5,0.145,5.0,0.009251,0.03477,0.64827,0.7821,0.61978,0.74833,0.65006,0.71537
basic,420,50,10,0.017,1.0,0.02206,0.01676,0.48939,1.04005,0.33945,0.86389,0.38465,0.84488
basic,420,50,10,0.017,3.0,0.011326,0.0207,0.63224,0.90979,0.48177,0.67945,0.5121,0.64525
basic,420,50,10,0.034,2.0,0.015551,0.01797,0.57514,0.99455,0.42074,0.77141,0.45832,0.74332
basic,420,50,10,0.034,5.0,0.006776,0.02557,0.68061,0.73424,0.55549,0.52486,0.57566,0.48663
basic,420,50,10,0.07,3.0,0.011838,0.02034,0.61405,0.9176,0.47399,0.69261,0.50531,0.65911
basic,420,50,10,0.145,5.0,0.006511,0.02742,0.64757,0.65859,0.56006,0.51301,0.57956,0.47479
basic,420,50,20,0.017,1.0,0.020701,0.0106,0.49468,1.20248,0.23876,0.76487,0.26921,0.74076
basic,420,50,20,0.017,3.0,0.008698,0.01559,0.62569,0.86825,0.3564,0.46661,0.37387,0.43452
basic,420,50,20,0.034,2.0,0.013639,0.01258,0.57042,1.07461,0.30309,0.6169,0.32725,0.58584
basic,420,50,20,0.034,5.0,0.002865,0.02,0.65979,0.41801,0.42938,0.19691,0.43603,0.17721
basic,420,50,20,0.07,3.0,0.009604,0.01499,0.61728,0.93569,0.34607,0.49821,0.36493,0.46585
basic,420,50,20,0.145,5.0,0.003768,0.02,0.65091,0.47708,0.41731,0.24821,0.42586,0.22482
basic,1680,5,5,0.017,1.0,0.260344,0.0102,0.43979,1.93913,0.3624,1.7783,0.37951,1.80891
basic,1680,5,5,0.017,3.0,0.168254,0.01567,0.59308,1.86242,0.5042,1.64349,0.51679,1.66681
basic,1680,5,5,0.034,2.0,0.206089,0.01259,0.52528,1.91284,0.44421,1.7108,0.45852,1.73765
basic,1680,5,5,0.034,5.0,0.130469,0.01957,0.65444,1.79478,0.56731,1.54744,0.57771,1.56608
basic,1680,5,5,0.07,3.0,0.176379,0.01384,0.56683,1.8859,0.49104,1.65987,0.50404,1.68403
basic,1680,5,5,0.145,5.0,0.420103,0.01237,0.23218,1.82043,0.16781,1.88577,0.18355,1.9228
basic,1680,5,10,0.017,1.0,0.257282,0.00715,0.43565,2.87897,0.29709,2.39358,0.30994,2.44256
basic,1680,5,10,0.017,3.0,0.157343,0.01023,0.59289,2.75735,0.42522,2.04079,0.43507,2.07182
basic,1680,5,10,0.034,2.0,0.195809,0.00858,0.54059,2.82199,0.37314,2.20516,0.38445,2.24408
basic,1680,5,10,0.034,5.0,0.114568,0.01453,0.64851,2.54707,0.48725,1.78755,0.49503,1.80804
basic,1680,5,10,0.07,3.0,0.167493,0.01051,0.56805,2.75615,0.41114,2.08882,0.42141,2.12207
basic,1680,5,10,0.145,5.0,0.371715,0.01095,0.27248,2.52279,0.17422,2.61246,0.18792,2.67452
basic,1680,5,20,0.017,1.0,0.262319,0.0046,0.43199,4.77697,0.18962,3.3476,0.19818,3.41645
basic,1680,5,20,0.017,3.0,0.146838,0.00771,0.59421,4.43053,0.29315,2.47542,0.29957,2.50718
basic,1680,5,20,0.034,2.0,0.193422,0.00583,0.53098,4.65041,0.24825,2.88691,0.25582,2.93444
basic,1680,5,20,0.034,5.0,0.088867,0.01213,0.66198,3.65107,0.35555,1.78594,0.35997,1.79807
basic,1680,5,20,0.07,3.0,0.155887,0.00787,0.56809,4.40408,0.28408,2.56349,0.29076,2.59837
basic,1680,5,20,0.145,5.0,0.310749,0.00876,0.32168,3.84742,0.15346,3.59887,0.16251,3.681
basic,1680,20,5,0.017,1.0,0.05831,0.01252,0.46299,1.19255,0.39492,1.06187,0.40958,1.06419
basic,1680,20,5,0.017,3.0,0.03295,0.01972,0.62104,1.11455,0.55163,0.94556,0.56148,0.94375
basic,1680,20,5,0.034,2.0,0.041509,0.01588,0.56649,1.15447,0.49518,0.99735,0.50664,0.99726
basic,1680,20,5,0.034,5.0,0.023734,0.02663,0.67856,1.01301,0.61741,0.86133,0.62509,0.85714
basic,1680,20,5,0.07,3.0,0.033598,0.0182,0.60845,1.11794,0.5472,0.95017,0.55719,0.9485
basic,1680,20,5,0.145,5.0,0.025219,0.02634,0.64365,1.0119,0.60647,0.87779,0.61453,0.87402
basic,1680,20,10,0.017,1.0,0.056441,0.0076,0.46449,1.42299,0.33374,1.09746,0.34485,1.10059
basic,1680,20,10,0.017,3.0,0.030394,0.01524,0.62029,1.25431,0.47032,0.88239,0.47818,0.87937
basic,1680,20,10,0.034,2.0,0.039689,0.01211,0.57182,1.3406,0.4173,0.97983,0.42665,0.97925
basic,1680,20,10,0.034,5.0,0.019971,0.02041,0.67833,1.07534,0.53592,0.7223,0.54164,0.71648
basic,1680,20,10,0.07,3.0,0.032069,0.01314,0.60829,1.28947,0.46039,0.9024,0.46855,0.89983
basic,1680,20,10,0.145,5.0,0.020345,0.02098,0.64938,1.04198,0.53345,0.7294,0.53925,0.72368
basic,1680,20,20,0.017,1.0,0.057233,0.00503,0.47257,1.88552,0.22059,1.16087,0.22826,1.16494
basic,1680,20,20,0.017,3.0,0.028216,0.01016,0.62593,1.59516,0.32772,0.79639,0.33294,0.79288
basic,1680,20,20,0.034,2.0,0.038596,0.00784,0.56704,1.73504,0.2854,0.95553,0.29179,0.9546
basic,1680,20,20,0.034,5.0,0.012604,0.01673,0.66705,1.01951,0.40092,0.45068,0.40366,0.44536
basic,1680,20,20,0.07,3.0,0.028692,0.01003,0.60591,1.58083,0.32567,0.80466,0.33095,0.80126
basic,1680,20,20,0.145,5.0,0.013035,0.01653,0.65104,1.00173,0.39873,0.4627,0.40155,0.45736
basic,1680,50,5,0.017,1.0,0.022314,0.01214,0.4713,1.04938,0.40814,0.92261,0.42236,0.91975
basic,1680,50,5,0.017,3.0,0.012871,0.02006,0.62811,0.97324,0.55456,0.82302,0.56415,0.8172
basic,1680,50,5,0.034,2.0,0.01631,0.01581,0.57644,1.01614,0.49763,0.8698,0.50879,0.86526
basic,1680,50,5,0.034,5.0,0.009452,0.02446,0.67973,0.90743,0.61603,0.75349,0.62363,0.74609
basic,1680,50,5,0.07,3.0,0.013318,0.01847,0.61785,0.98541,0.54688,0.83013,0.5567,0.82449
basic,1680,50,5,0.145,5.0,0.009465,0.02587,0.65898,0.88255,0.61579,0.75381,0.62341,0.74642
basic,1680,50,10,0.017,1.0,0.022208,0.008,0.47387,1.1341,0.33777,0.86554,0.34864,0.86129
basic,1680,50,10,0.017,3.0,0.011979,0.01403,0.61651,1.01642,0.47187,0.69612,0.4796,0.68842
basic,1680,50,10,0.034,2.0,0.015653,0.01153,0.56407,1.07232,0.41934,0.77325,0.42851,0.76685
basic,1680,50,10,0.034,5.0,0.007411,0.02007,0.67407,0.84644,0.54468,0.55162,0.55005,0.54267
basic,1680,50,10,0.07,3.0,0.012101,0.01384,0.61117,1.01174,0.47005,0.6991,0.47784,0.69145
basic,1680,50,10,0.145,5.0,0.007143,0.02232,0.64796,0.77814,0.54922,0.54059,0.55443,0.53161
basic,1680,50,20,0.017,1.0,0.021429,0.0057,0.4725,1.29293,0.23284,0.77711,0.24025,0.77172
basic,1680,50,20,0.017,3.0,0.01039,0.011,0.61328,1.07448,0.33732,0.52398,0.34223,0.51628
basic,1680,50,20,0.034,2.0,0.01435,0.00823,0.57153,1.20503,0.29601,0.63474,0.30208,0.62756
basic,1680,50,20,0.034,5.0,0.004821,0.01643,0.67456,0.7124,0.40362,0.30279,0.40626,0.29631
basic,1680,50,20,0.07,3.0,0.010474,0.01094,0.61201,1.0687,0.3364,0.52664,0.34133,0.51894
basic,1680,50,20,0.145,5.0,0.004746,0.01684,0.65571,0.65363,0.40458,0.29909,0.40718,0.29266
